cohort_date,first_session_segment,day_n,target_date,is_eligible,cohort_size,retained_visitors,retention_rate,data_origin
2015-05-03,all,1,2015-05-04,true,7865,405,0.05149396058486968,real
2015-05-03,all,3,2015-05-06,true,7865,169,0.021487603305785124,real
2015-05-03,all,7,2015-05-10,true,7865,109,0.01385886840432295,real
2015-05-03,all,14,2015-05-17,true,7865,78,0.009917355371900827,real
2015-05-03,all,30,2015-06-02,true,7865,37,0.004704386522568341,real
2015-05-03,browse_only,1,2015-05-04,true,7664,378,0.04932150313152401,real
2015-05-03,browse_only,3,2015-05-06,true,7664,161,0.021007306889352817,real
2015-05-03,browse_only,7,2015-05-10,true,7664,104,0.013569937369519834,real
2015-05-03,browse_only,14,2015-05-17,true,7664,73,0.009525052192066806,real
2015-05-03,browse_only,30,2015-06-02,true,7664,35,0.004566805845511482,real
2015-05-03,cart_no_purchase,1,2015-05-04,true,156,19,0.12179487179487179,real
2015-05-03,cart_no_purchase,3,2015-05-06,true,156,6,0.038461538461538464,real
2015-05-03,cart_no_purchase,7,2015-05-10,true,156,2,0.01282051282051282,real
2015-05-03,cart_no_purchase,14,2015-05-17,true,156,5,0.03205128205128205,real
2015-05-03,cart_no_purchase,30,2015-06-02,true,156,1,0.00641025641025641,real
2015-05-03,first_session_purchase,1,2015-05-04,true,45,8,0.17777777777777778,real
2015-05-03,first_session_purchase,3,2015-05-06,true,45,2,0.044444444444444446,real
2015-05-03,first_session_purchase,7,2015-05-10,true,45,3,0.06666666666666667,real
2015-05-03,first_session_purchase,14,2015-05-17,true,45,0,0.0,real
2015-05-03,first_session_purchase,30,2015-06-02,true,45,1,0.022222222222222223,real
2015-05-04,all,1,2015-05-05,true,10614,371,0.034953834558130774,real
2015-05-04,all,3,2015-05-07,true,10614,169,0.015922366685509705,real
2015-05-04,all,7,2015-05-11,true,10614,92,0.008667797248916526,real
2015-05-04,all,14,2015-05-18,true,10614,81,0.007631430186546071,real
2015-05-04,all,30,2015-06-03,true,10614,36,0.0033917467495760316,real
2015-05-04,browse_only,1,2015-05-05,true,10348,348,0.03362968689601856,real
2015-05-04,browse_only,3,2015-05-07,true,10348,163,0.015751836103594898,real
2015-05-04,browse_only,7,2015-05-11,true,10348,90,0.008697332817935832,real
2015-05-04,browse_only,14,2015-05-18,true,10348,77,0.007441051410900657,real
2015-05-04,browse_only,30,2015-06-03,true,10348,36,0.003478933127174333,real
2015-05-04,cart_no_purchase,1,2015-05-05,true,190,18,0.09473684210526316,real
2015-05-04,cart_no_purchase,3,2015-05-07,true,190,4,0.021052631578947368,real
2015-05-04,cart_no_purchase,7,2015-05-11,true,190,1,0.005263157894736842,real
2015-05-04,cart_no_purchase,14,2015-05-18,true,190,3,0.015789473684210527,real
2015-05-04,cart_no_purchase,30,2015-06-03,true,190,0,0.0,real
2015-05-04,first_session_purchase,1,2015-05-05,true,76,5,0.06578947368421052,real
2015-05-04,first_session_purchase,3,2015-05-07,true,76,2,0.02631578947368421,real
2015-05-04,first_session_purchase,7,2015-05-11,true,76,1,0.013157894736842105,real
2015-05-04,first_session_purchase,14,2015-05-18,true,76,1,0.013157894736842105,real
2015-05-04,first_session_purchase,30,2015-06-03,true,76,0,0.0,real
2015-05-05,all,1,2015-05-06,true,12489,513,0.04107614700936824,real
2015-05-05,all,3,2015-05-08,true,12489,241,0.01929698134358235,real
2015-05-05,all,7,2015-05-12,true,12489,216,0.017295219793418207,real
2015-05-05,all,14,2015-05-19,true,12489,166,0.01329169669308992,real
2015-05-05,all,30,2015-06-04,true,12489,94,0.007526623428617183,real
2015-05-05,browse_only,1,2015-05-06,true,12173,475,0.03902078370163477,real
2015-05-05,browse_only,3,2015-05-08,true,12173,223,0.01831923108518853,real
2015-05-05,browse_only,7,2015-05-12,true,12173,200,0.016429803663846217,real
2015-05-05,browse_only,14,2015-05-19,true,12173,158,0.012979544894438512,real
2015-05-05,browse_only,30,2015-06-04,true,12173,91,0.007475560667050029,real
2015-05-05,cart_no_purchase,1,2015-05-06,true,199,18,0.09045226130653267,real
2015-05-05,cart_no_purchase,3,2015-05-08,true,199,9,0.04522613065326633,real
2015-05-05,cart_no_purchase,7,2015-05-12,true,199,11,0.05527638190954774,real
2015-05-05,cart_no_purchase,14,2015-05-19,true,199,6,0.03015075376884422,real
2015-05-05,cart_no_purchase,30,2015-06-04,true,199,2,0.010050251256281407,real
2015-05-05,first_session_purchase,1,2015-05-06,true,117,20,0.17094017094017094,real
2015-05-05,first_session_purchase,3,2015-05-08,true,117,9,0.07692307692307693,real
2015-05-05,first_session_purchase,7,2015-05-12,true,117,5,0.042735042735042736,real
2015-05-05,first_session_purchase,14,2015-05-19,true,117,2,0.017094017094017096,real
2015-05-05,first_session_purchase,30,2015-06-04,true,117,1,0.008547008547008548,real
2015-05-06,all,1,2015-05-07,true,12776,507,0.03968378209142141,real
2015-05-06,all,3,2015-05-09,true,12776,103,0.00806199123356293,real
2015-05-06,all,7,2015-05-13,true,12776,148,0.011584220413274891,real
2015-05-06,all,14,2015-05-20,true,12776,77,0.006026925485284909,real
2015-05-06,all,30,2015-06-05,true,12776,45,0.0035222291797119597,real
2015-05-06,browse_only,1,2015-05-07,true,12459,483,0.038767156272574044,real
2015-05-06,browse_only,3,2015-05-09,true,12459,97,0.007785536559916526,real
2015-05-06,browse_only,7,2015-05-13,true,12459,143,0.011477646681114053,real
2015-05-06,browse_only,14,2015-05-20,true,12459,75,0.006019744762822056,real
2015-05-06,browse_only,30,2015-06-05,true,12459,41,0.0032907938036760573,real
2015-05-06,cart_no_purchase,1,2015-05-07,true,216,15,0.06944444444444445,real
2015-05-06,cart_no_purchase,3,2015-05-09,true,216,4,0.018518518518518517,real
2015-05-06,cart_no_purchase,7,2015-05-13,true,216,2,0.009259259259259259,real
2015-05-06,cart_no_purchase,14,2015-05-20,true,216,0,0.0,real
2015-05-06,cart_no_purchase,30,2015-06-05,true,216,1,0.004629629629629629,real
2015-05-06,first_session_purchase,1,2015-05-07,true,101,9,0.0891089108910891,real
2015-05-06,first_session_purchase,3,2015-05-09,true,101,2,0.019801980198019802,real
2015-05-06,first_session_purchase,7,2015-05-13,true,101,3,0.0297029702970297,real
2015-05-06,first_session_purchase,14,2015-05-20,true,101,2,0.019801980198019802,real
2015-05-06,first_session_purchase,30,2015-06-05,true,101,3,0.0297029702970297,real
2015-05-07,all,1,2015-05-08,true,11940,355,0.029731993299832497,real
2015-05-07,all,3,2015-05-10,true,11940,90,0.007537688442211055,real
2015-05-07,all,7,2015-05-14,true,11940,123,0.010301507537688442,real
2015-05-07,all,14,2015-05-21,true,11940,59,0.004941373534338358,real
2015-05-07,all,30,2015-06-06,true,11940,26,0.0021775544388609714,real
2015-05-07,browse_only,1,2015-05-08,true,11666,338,0.02897308417623864,real
2015-05-07,browse_only,3,2015-05-10,true,11666,85,0.007286130636036345,real
2015-05-07,browse_only,7,2015-05-14,true,11666,120,0.010286302074404252,real
2015-05-07,browse_only,14,2015-05-21,true,11666,56,0.00480027430138865,real
2015-05-07,browse_only,30,2015-06-06,true,11666,25,0.002142979598834219,real
2015-05-07,cart_no_purchase,1,2015-05-08,true,203,11,0.054187192118226604,real
2015-05-07,cart_no_purchase,3,2015-05-10,true,203,3,0.014778325123152709,real
2015-05-07,cart_no_purchase,7,2015-05-14,true,203,1,0.0049261083743842365,real
2015-05-07,cart_no_purchase,14,2015-05-21,true,203,3,0.014778325123152709,real
2015-05-07,cart_no_purchase,30,2015-06-06,true,203,1,0.0049261083743842365,real
2015-05-07,first_session_purchase,1,2015-05-08,true,71,6,0.08450704225352113,real
2015-05-07,first_session_purchase,3,2015-05-10,true,71,2,0.028169014084507043,real
2015-05-07,first_session_purchase,7,2015-05-14,true,71,2,0.028169014084507043,real
2015-05-07,first_session_purchase,14,2015-05-21,true,71,0,0.0,real
2015-05-07,first_session_purchase,30,2015-06-06,true,71,0,0.0,real
2015-05-08,all,1,2015-05-09,true,10017,212,0.021164021164021163,real
2015-05-08,all,3,2015-05-11,true,10017,102,0.010182689427972447,real
2015-05-08,all,7,2015-05-15,true,10017,88,0.008785065388838973,real
2015-05-08,all,14,2015-05-22,true,10017,39,0.003893381251871818,real
2015-05-08,all,30,2015-06-07,true,10017,18,0.0017969451931716084,real
2015-05-08,browse_only,1,2015-05-09,true,9785,194,0.019826264690853346,real
2015-05-08,browse_only,3,2015-05-11,true,9785,97,0.009913132345426673,real
2015-05-08,browse_only,7,2015-05-15,true,9785,85,0.008686765457332652,real
2015-05-08,browse_only,14,2015-05-22,true,9785,38,0.003883495145631068,real
2015-05-08,browse_only,30,2015-06-07,true,9785,18,0.0018395503321410323,real
2015-05-08,cart_no_purchase,1,2015-05-09,true,184,15,0.08152173913043478,real
2015-05-08,cart_no_purchase,3,2015-05-11,true,184,4,0.021739130434782608,real
2015-05-08,cart_no_purchase,7,2015-05-15,true,184,2,0.010869565217391304,real
2015-05-08,cart_no_purchase,14,2015-05-22,true,184,1,0.005434782608695652,real
2015-05-08,cart_no_purchase,30,2015-06-07,true,184,0,0.0,real
2015-05-08,first_session_purchase,1,2015-05-09,true,48,3,0.0625,real
2015-05-08,first_session_purchase,3,2015-05-11,true,48,1,0.020833333333333332,real
2015-05-08,first_session_purchase,7,2015-05-15,true,48,1,0.020833333333333332,real
2015-05-08,first_session_purchase,14,2015-05-22,true,48,0,0.0,real
2015-05-08,first_session_purchase,30,2015-06-07,true,48,0,0.0,real
2015-05-09,all,1,2015-05-10,true,6888,196,0.028455284552845527,real
2015-05-09,all,3,2015-05-12,true,6888,75,0.01088850174216028,real
2015-05-09,all,7,2015-05-16,true,6888,58,0.008420441347270616,real
2015-05-09,all,14,2015-05-23,true,6888,35,0.00508130081300813,real
2015-05-09,all,30,2015-06-08,true,6888,8,0.0011614401858304297,real
2015-05-09,browse_only,1,2015-05-10,true,6761,187,0.027658630380121285,real
2015-05-09,browse_only,3,2015-05-12,true,6761,70,0.010353498003253957,real
2015-05-09,browse_only,7,2015-05-16,true,6761,57,0.008430705516935364,real
2015-05-09,browse_only,14,2015-05-23,true,6761,33,0.004880934772962579,real
2015-05-09,browse_only,30,2015-06-08,true,6761,8,0.001183256914657595,real
2015-05-09,cart_no_purchase,1,2015-05-10,true,102,7,0.06862745098039216,real
2015-05-09,cart_no_purchase,3,2015-05-12,true,102,4,0.0392156862745098,real
2015-05-09,cart_no_purchase,7,2015-05-16,true,102,1,0.00980392156862745,real
2015-05-09,cart_no_purchase,14,2015-05-23,true,102,2,0.0196078431372549,real
2015-05-09,cart_no_purchase,30,2015-06-08,true,102,0,0.0,real
2015-05-09,first_session_purchase,1,2015-05-10,true,25,2,0.08,real
2015-05-09,first_session_purchase,3,2015-05-12,true,25,1,0.04,real
2015-05-09,first_session_purchase,7,2015-05-16,true,25,0,0.0,real
2015-05-09,first_session_purchase,14,2015-05-23,true,25,0,0.0,real
2015-05-09,first_session_purchase,30,2015-06-08,true,25,0,0.0,real
2015-05-10,all,1,2015-05-11,true,6664,243,0.036464585834333735,real
2015-05-10,all,3,2015-05-13,true,6664,71,0.010654261704681874,real
2015-05-10,all,7,2015-05-17,true,6664,44,0.006602641056422569,real
2015-05-10,all,14,2015-05-24,true,6664,20,0.003001200480192077,real
2015-05-10,all,30,2015-06-09,true,6664,16,0.0024009603841536613,real
2015-05-10,browse_only,1,2015-05-11,true,6528,229,0.0350796568627451,real
2015-05-10,browse_only,3,2015-05-13,true,6528,68,0.010416666666666666,real
2015-05-10,browse_only,7,2015-05-17,true,6528,41,0.006280637254901961,real
2015-05-10,browse_only,14,2015-05-24,true,6528,20,0.0030637254901960784,real
2015-05-10,browse_only,30,2015-06-09,true,6528,15,0.002297794117647059,real
2015-05-10,cart_no_purchase,1,2015-05-11,true,109,9,0.08256880733944955,real
2015-05-10,cart_no_purchase,3,2015-05-13,true,109,1,0.009174311926605505,real
2015-05-10,cart_no_purchase,7,2015-05-17,true,109,2,0.01834862385321101,real
2015-05-10,cart_no_purchase,14,2015-05-24,true,109,0,0.0,real
2015-05-10,cart_no_purchase,30,2015-06-09,true,109,1,0.009174311926605505,real
2015-05-10,first_session_purchase,1,2015-05-11,true,27,5,0.18518518518518517,real
2015-05-10,first_session_purchase,3,2015-05-13,true,27,2,0.07407407407407407,real
2015-05-10,first_session_purchase,7,2015-05-17,true,27,1,0.037037037037037035,real
2015-05-10,first_session_purchase,14,2015-05-24,true,27,0,0.0,real
2015-05-10,first_session_purchase,30,2015-06-09,true,27,0,0.0,real
2015-05-11,all,1,2015-05-12,true,8618,256,0.029705268043629614,real
2015-05-11,all,3,2015-05-14,true,8618,97,0.011255511719656533,real
2015-05-11,all,7,2015-05-18,true,8618,64,0.0074263170109074034,real
2015-05-11,all,14,2015-05-25,true,8618,27,0.0031329774889765605,real
2015-05-11,all,30,2015-06-10,true,8618,16,0.0018565792527268509,real
2015-05-11,browse_only,1,2015-05-12,true,8446,240,0.028415818138763912,real
2015-05-11,browse_only,3,2015-05-14,true,8446,93,0.011011129528771016,real
2015-05-11,browse_only,7,2015-05-18,true,8446,63,0.007459152261425527,real
2015-05-11,browse_only,14,2015-05-25,true,8446,27,0.00319677954061094,real
2015-05-11,browse_only,30,2015-06-10,true,8446,15,0.0017759886336727445,real
2015-05-11,cart_no_purchase,1,2015-05-12,true,140,13,0.09285714285714286,real
2015-05-11,cart_no_purchase,3,2015-05-14,true,140,3,0.02142857142857143,real
2015-05-11,cart_no_purchase,7,2015-05-18,true,140,0,0.0,real
2015-05-11,cart_no_purchase,14,2015-05-25,true,140,0,0.0,real
2015-05-11,cart_no_purchase,30,2015-06-10,true,140,1,0.007142857142857143,real
2015-05-11,first_session_purchase,1,2015-05-12,true,32,3,0.09375,real
2015-05-11,first_session_purchase,3,2015-05-14,true,32,1,0.03125,real
2015-05-11,first_session_purchase,7,2015-05-18,true,32,1,0.03125,real
2015-05-11,first_session_purchase,14,2015-05-25,true,32,0,0.0,real
2015-05-11,first_session_purchase,30,2015-06-10,true,32,0,0.0,real
2015-05-12,all,1,2015-05-13,true,11740,406,0.03458262350936968,real
2015-05-12,all,3,2015-05-15,true,11740,154,0.013117546848381602,real
2015-05-12,all,7,2015-05-19,true,11740,103,0.008773424190800681,real
2015-05-12,all,14,2015-05-26,true,11740,76,0.006473594548551959,real
2015-05-12,all,30,2015-06-11,true,11740,30,0.002555366269165247,real
2015-05-12,browse_only,1,2015-05-13,true,11474,385,0.03355412236360467,real
2015-05-12,browse_only,3,2015-05-15,true,11474,149,0.012985881122537912,real
2015-05-12,browse_only,7,2015-05-19,true,11474,97,0.008453895764336762,real
2015-05-12,browse_only,14,2015-05-26,true,11474,74,0.00644936377897856,real
2015-05-12,browse_only,30,2015-06-11,true,11474,30,0.0026146069374237404,real
2015-05-12,cart_no_purchase,1,2015-05-13,true,199,15,0.07537688442211055,real
2015-05-12,cart_no_purchase,3,2015-05-15,true,199,3,0.01507537688442211,real
2015-05-12,cart_no_purchase,7,2015-05-19,true,199,4,0.020100502512562814,real
2015-05-12,cart_no_purchase,14,2015-05-26,true,199,1,0.005025125628140704,real
2015-05-12,cart_no_purchase,30,2015-06-11,true,199,0,0.0,real
2015-05-12,first_session_purchase,1,2015-05-13,true,67,6,0.08955223880597014,real
2015-05-12,first_session_purchase,3,2015-05-15,true,67,2,0.029850746268656716,real
2015-05-12,first_session_purchase,7,2015-05-19,true,67,2,0.029850746268656716,real
2015-05-12,first_session_purchase,14,2015-05-26,true,67,1,0.014925373134328358,real
2015-05-12,first_session_purchase,30,2015-06-11,true,67,0,0.0,real
2015-05-13,all,1,2015-05-14,true,12058,396,0.032841267208492286,real
2015-05-13,all,3,2015-05-16,true,12058,121,0.01003483164703931,real
2015-05-13,all,7,2015-05-20,true,12058,99,0.008210316802123072,real
2015-05-13,all,14,2015-05-27,true,12058,59,0.004893017084093548,real
2015-05-13,all,30,2015-06-12,true,12058,18,0.0014927848731132857,real
2015-05-13,browse_only,1,2015-05-14,true,11806,375,0.031763510079620534,real
2015-05-13,browse_only,3,2015-05-16,true,11806,106,0.008978485515839404,real
2015-05-13,browse_only,7,2015-05-20,true,11806,97,0.008216161273928511,real
2015-05-13,browse_only,14,2015-05-27,true,11806,54,0.004573945451465357,real
2015-05-13,browse_only,30,2015-06-12,true,11806,18,0.0015246484838217856,real
2015-05-13,cart_no_purchase,1,2015-05-14,true,170,11,0.06470588235294118,real
2015-05-13,cart_no_purchase,3,2015-05-16,true,170,11,0.06470588235294118,real
2015-05-13,cart_no_purchase,7,2015-05-20,true,170,2,0.011764705882352941,real
2015-05-13,cart_no_purchase,14,2015-05-27,true,170,2,0.011764705882352941,real
2015-05-13,cart_no_purchase,30,2015-06-12,true,170,0,0.0,real
2015-05-13,first_session_purchase,1,2015-05-14,true,82,10,0.12195121951219512,real
2015-05-13,first_session_purchase,3,2015-05-16,true,82,4,0.04878048780487805,real
2015-05-13,first_session_purchase,7,2015-05-20,true,82,0,0.0,real
2015-05-13,first_session_purchase,14,2015-05-27,true,82,3,0.036585365853658534,real
2015-05-13,first_session_purchase,30,2015-06-12,true,82,0,0.0,real
2015-05-14,all,1,2015-05-15,true,12143,389,0.03203491723626781,real
2015-05-14,all,3,2015-05-17,true,12143,101,0.008317549205303467,real
2015-05-14,all,7,2015-05-21,true,12143,95,0.007823437371325043,real
2015-05-14,all,14,2015-05-28,true,12143,51,0.004199950588816602,real
2015-05-14,all,30,2015-06-13,true,12143,16,0.0013176315572757968,real
2015-05-14,browse_only,1,2015-05-15,true,11824,363,0.03070027063599459,real
2015-05-14,browse_only,3,2015-05-17,true,11824,98,0.008288227334235454,real
2015-05-14,browse_only,7,2015-05-21,true,11824,90,0.0076116373477672535,real
2015-05-14,browse_only,14,2015-05-28,true,11824,48,0.0040595399188092015,real
2015-05-14,browse_only,30,2015-06-13,true,11824,16,0.0013531799729364006,real
2015-05-14,cart_no_purchase,1,2015-05-15,true,236,19,0.08050847457627118,real
2015-05-14,cart_no_purchase,3,2015-05-17,true,236,3,0.012711864406779662,real
2015-05-14,cart_no_purchase,7,2015-05-21,true,236,2,0.00847457627118644,real
2015-05-14,cart_no_purchase,14,2015-05-28,true,236,3,0.012711864406779662,real
2015-05-14,cart_no_purchase,30,2015-06-13,true,236,0,0.0,real
2015-05-14,first_session_purchase,1,2015-05-15,true,83,7,0.08433734939759036,real
2015-05-14,first_session_purchase,3,2015-05-17,true,83,0,0.0,real
2015-05-14,first_session_purchase,7,2015-05-21,true,83,3,0.03614457831325301,real
2015-05-14,first_session_purchase,14,2015-05-28,true,83,0,0.0,real
2015-05-14,first_session_purchase,30,2015-06-13,true,83,0,0.0,real
2015-05-15,all,1,2015-05-16,true,11199,276,0.024645057594428074,real
2015-05-15,all,3,2015-05-18,true,11199,179,0.015983569961603716,real
2015-05-15,all,7,2015-05-22,true,11199,77,0.006875613894097687,real
2015-05-15,all,14,2015-05-29,true,11199,45,0.004018215912135012,real
2015-05-15,all,30,2015-06-14,true,11199,16,0.0014286989909813375,real
2015-05-15,browse_only,1,2015-05-16,true,10946,256,0.023387538826968757,real
2015-05-15,browse_only,3,2015-05-18,true,10946,169,0.015439429928741092,real
2015-05-15,browse_only,7,2015-05-22,true,10946,73,0.006669102868627809,real
2015-05-15,browse_only,14,2015-05-29,true,10946,44,0.004019733235885255,real
2015-05-15,browse_only,30,2015-06-14,true,10946,16,0.0014617211766855473,real
2015-05-15,cart_no_purchase,1,2015-05-16,true,191,12,0.06282722513089005,real
2015-05-15,cart_no_purchase,3,2015-05-18,true,191,8,0.041884816753926704,real
2015-05-15,cart_no_purchase,7,2015-05-22,true,191,1,0.005235602094240838,real
2015-05-15,cart_no_purchase,14,2015-05-29,true,191,1,0.005235602094240838,real
2015-05-15,cart_no_purchase,30,2015-06-14,true,191,0,0.0,real
2015-05-15,first_session_purchase,1,2015-05-16,true,62,8,0.12903225806451613,real
2015-05-15,first_session_purchase,3,2015-05-18,true,62,2,0.03225806451612903,real
2015-05-15,first_session_purchase,7,2015-05-22,true,62,3,0.04838709677419355,real
2015-05-15,first_session_purchase,14,2015-05-29,true,62,0,0.0,real
2015-05-15,first_session_purchase,30,2015-06-14,true,62,0,0.0,real
2015-05-16,all,1,2015-05-17,true,10183,337,0.03309437297456545,real
2015-05-16,all,3,2015-05-19,true,10183,128,0.012569969557104979,real
2015-05-16,all,7,2015-05-23,true,10183,63,0.006186781891387607,real
2015-05-16,all,14,2015-05-30,true,10183,34,0.00333889816360601,real
2015-05-16,all,30,2015-06-15,true,10183,20,0.001964057743297653,real
2015-05-16,browse_only,1,2015-05-17,true,9953,316,0.03174922134029941,real
2015-05-16,browse_only,3,2015-05-19,true,9953,119,0.011956194112327942,real
2015-05-16,browse_only,7,2015-05-23,true,9953,60,0.006028333165879634,real
2015-05-16,browse_only,14,2015-05-30,true,9953,32,0.003215111021802472,real
2015-05-16,browse_only,30,2015-06-15,true,9953,20,0.0020094443886265446,real
2015-05-16,cart_no_purchase,1,2015-05-17,true,165,15,0.09090909090909091,real
2015-05-16,cart_no_purchase,3,2015-05-19,true,165,5,0.030303030303030304,real
2015-05-16,cart_no_purchase,7,2015-05-23,true,165,2,0.012121212121212121,real
2015-05-16,cart_no_purchase,14,2015-05-30,true,165,2,0.012121212121212121,real
2015-05-16,cart_no_purchase,30,2015-06-15,true,165,0,0.0,real
2015-05-16,first_session_purchase,1,2015-05-17,true,65,6,0.09230769230769231,real
2015-05-16,first_session_purchase,3,2015-05-19,true,65,4,0.06153846153846154,real
2015-05-16,first_session_purchase,7,2015-05-23,true,65,1,0.015384615384615385,real
2015-05-16,first_session_purchase,14,2015-05-30,true,65,0,0.0,real
2015-05-16,first_session_purchase,30,2015-06-15,true,65,0,0.0,real
2015-05-17,all,1,2015-05-18,true,10722,330,0.03077783995523223,real
2015-05-17,all,3,2015-05-20,true,10722,121,0.011285207983585153,real
2015-05-17,all,7,2015-05-24,true,10722,79,0.007368028352919232,real
2015-05-17,all,14,2015-05-31,true,10722,31,0.0028912516321581796,real
2015-05-17,all,30,2015-06-16,true,10722,23,0.002145122178698004,real
2015-05-17,browse_only,1,2015-05-18,true,10457,304,0.02907143540212298,real
2015-05-17,browse_only,3,2015-05-20,true,10457,112,0.010710528832361097,real
2015-05-17,browse_only,7,2015-05-24,true,10457,76,0.007267858850530745,real
2015-05-17,browse_only,14,2015-05-31,true,10457,31,0.0029645213732428038,real
2015-05-17,browse_only,30,2015-06-16,true,10457,23,0.0021994835995027256,real
2015-05-17,cart_no_purchase,1,2015-05-18,true,202,18,0.0891089108910891,real
2015-05-17,cart_no_purchase,3,2015-05-20,true,202,7,0.034653465346534656,real
2015-05-17,cart_no_purchase,7,2015-05-24,true,202,3,0.01485148514851485,real
2015-05-17,cart_no_purchase,14,2015-05-31,true,202,0,0.0,real
2015-05-17,cart_no_purchase,30,2015-06-16,true,202,0,0.0,real
2015-05-17,first_session_purchase,1,2015-05-18,true,63,8,0.12698412698412698,real
2015-05-17,first_session_purchase,3,2015-05-20,true,63,2,0.031746031746031744,real
2015-05-17,first_session_purchase,7,2015-05-24,true,63,0,0.0,real
2015-05-17,first_session_purchase,14,2015-05-31,true,63,0,0.0,real
2015-05-17,first_session_purchase,30,2015-06-16,true,63,0,0.0,real
2015-05-18,all,1,2015-05-19,true,13696,446,0.0325642523364486,real
2015-05-18,all,3,2015-05-21,true,13696,125,0.009126752336448598,real
2015-05-18,all,7,2015-05-25,true,13696,89,0.006498247663551402,real
2015-05-18,all,14,2015-06-01,true,13696,45,0.0032856308411214953,real
2015-05-18,all,30,2015-06-17,true,13696,39,0.0028475467289719625,real
2015-05-18,browse_only,1,2015-05-19,true,13420,420,0.03129657228017884,real
2015-05-18,browse_only,3,2015-05-21,true,13420,122,0.00909090909090909,real
2015-05-18,browse_only,7,2015-05-25,true,13420,88,0.006557377049180328,real
2015-05-18,browse_only,14,2015-06-01,true,13420,43,0.003204172876304024,real
2015-05-18,browse_only,30,2015-06-17,true,13420,39,0.0029061102831594637,real
2015-05-18,cart_no_purchase,1,2015-05-19,true,197,22,0.1116751269035533,real
2015-05-18,cart_no_purchase,3,2015-05-21,true,197,2,0.01015228426395939,real
2015-05-18,cart_no_purchase,7,2015-05-25,true,197,1,0.005076142131979695,real
2015-05-18,cart_no_purchase,14,2015-06-01,true,197,1,0.005076142131979695,real
2015-05-18,cart_no_purchase,30,2015-06-17,true,197,0,0.0,real
2015-05-18,first_session_purchase,1,2015-05-19,true,79,4,0.05063291139240506,real
2015-05-18,first_session_purchase,3,2015-05-21,true,79,1,0.012658227848101266,real
2015-05-18,first_session_purchase,7,2015-05-25,true,79,0,0.0,real
2015-05-18,first_session_purchase,14,2015-06-01,true,79,1,0.012658227848101266,real
2015-05-18,first_session_purchase,30,2015-06-17,true,79,0,0.0,real
2015-05-19,all,1,2015-05-20,true,13554,397,0.029290246421720526,real
2015-05-19,all,3,2015-05-22,true,13554,123,0.009074811863656485,real
2015-05-19,all,7,2015-05-26,true,13554,85,0.006271211450494319,real
2015-05-19,all,14,2015-06-02,true,13554,60,0.004426737494466578,real
2015-05-19,all,30,2015-06-18,true,13554,28,0.00206581083075107,real
2015-05-19,browse_only,1,2015-05-20,true,13246,376,0.02838592782726861,real
2015-05-19,browse_only,3,2015-05-22,true,13246,117,0.008832855201570285,real
2015-05-19,browse_only,7,2015-05-26,true,13246,78,0.00588857013438019,real
2015-05-19,browse_only,14,2015-06-02,true,13246,57,0.004303185867431678,real
2015-05-19,browse_only,30,2015-06-18,true,13246,27,0.0020383512003623737,real
2015-05-19,cart_no_purchase,1,2015-05-20,true,234,15,0.0641025641025641,real
2015-05-19,cart_no_purchase,3,2015-05-22,true,234,5,0.021367521367521368,real
2015-05-19,cart_no_purchase,7,2015-05-26,true,234,5,0.021367521367521368,real
2015-05-19,cart_no_purchase,14,2015-06-02,true,234,2,0.008547008547008548,real
2015-05-19,cart_no_purchase,30,2015-06-18,true,234,1,0.004273504273504274,real
2015-05-19,first_session_purchase,1,2015-05-20,true,74,6,0.08108108108108109,real
2015-05-19,first_session_purchase,3,2015-05-22,true,74,1,0.013513513513513514,real
2015-05-19,first_session_purchase,7,2015-05-26,true,74,2,0.02702702702702703,real
2015-05-19,first_session_purchase,14,2015-06-02,true,74,1,0.013513513513513514,real
2015-05-19,first_session_purchase,30,2015-06-18,true,74,0,0.0,real
2015-05-20,all,1,2015-05-21,true,11574,324,0.027993779160186624,real
2015-05-20,all,3,2015-05-23,true,11574,88,0.007603248660791429,real
2015-05-20,all,7,2015-05-27,true,11574,65,0.005616035942630033,real
2015-05-20,all,14,2015-06-03,true,11574,45,0.0038880248833592537,real
2015-05-20,all,30,2015-06-19,true,11574,22,0.0019008121651978573,real
2015-05-20,browse_only,1,2015-05-21,true,11381,309,0.02715051401458571,real
2015-05-20,browse_only,3,2015-05-23,true,11381,87,0.007644319479834813,real
2015-05-20,browse_only,7,2015-05-27,true,11381,65,0.005711273174589228,real
2015-05-20,browse_only,14,2015-06-03,true,11381,43,0.003778226869343643,real
2015-05-20,browse_only,30,2015-06-19,true,11381,22,0.0019330463052455848,real
2015-05-20,cart_no_purchase,1,2015-05-21,true,144,10,0.06944444444444445,real
2015-05-20,cart_no_purchase,3,2015-05-23,true,144,1,0.006944444444444444,real
2015-05-20,cart_no_purchase,7,2015-05-27,true,144,0,0.0,real
2015-05-20,cart_no_purchase,14,2015-06-03,true,144,1,0.006944444444444444,real
2015-05-20,cart_no_purchase,30,2015-06-19,true,144,0,0.0,real
2015-05-20,first_session_purchase,1,2015-05-21,true,49,5,0.10204081632653061,real
2015-05-20,first_session_purchase,3,2015-05-23,true,49,0,0.0,real
2015-05-20,first_session_purchase,7,2015-05-27,true,49,0,0.0,real
2015-05-20,first_session_purchase,14,2015-06-03,true,49,1,0.02040816326530612,real
2015-05-20,first_session_purchase,30,2015-06-19,true,49,0,0.0,real
2015-05-21,all,1,2015-05-22,true,11119,300,0.026980843601043258,real
2015-05-21,all,3,2015-05-24,true,11119,82,0.007374763917618491,real
2015-05-21,all,7,2015-05-28,true,11119,60,0.005396168720208652,real
2015-05-21,all,14,2015-06-04,true,11119,47,0.0042269988308301105,real
2015-05-21,all,30,2015-06-20,true,11119,13,0.0011691698893785412,real
2015-05-21,browse_only,1,2015-05-22,true,10934,288,0.02633985732577282,real
2015-05-21,browse_only,3,2015-05-24,true,10934,81,0.0074080848728736055,real
2015-05-21,browse_only,7,2015-05-28,true,10934,57,0.005213096762392537,real
2015-05-21,browse_only,14,2015-06-04,true,10934,46,0.004207060545088714,real
2015-05-21,browse_only,30,2015-06-20,true,10934,12,0.001097494055240534,real
2015-05-21,cart_no_purchase,1,2015-05-22,true,144,11,0.0763888888888889,real
2015-05-21,cart_no_purchase,3,2015-05-24,true,144,0,0.0,real
2015-05-21,cart_no_purchase,7,2015-05-28,true,144,3,0.020833333333333332,real
2015-05-21,cart_no_purchase,14,2015-06-04,true,144,1,0.006944444444444444,real
2015-05-21,cart_no_purchase,30,2015-06-20,true,144,1,0.006944444444444444,real
2015-05-21,first_session_purchase,1,2015-05-22,true,41,1,0.024390243902439025,real
2015-05-21,first_session_purchase,3,2015-05-24,true,41,1,0.024390243902439025,real
2015-05-21,first_session_purchase,7,2015-05-28,true,41,0,0.0,real
2015-05-21,first_session_purchase,14,2015-06-04,true,41,0,0.0,real
2015-05-21,first_session_purchase,30,2015-06-20,true,41,0,0.0,real
2015-05-22,all,1,2015-05-23,true,10793,215,0.0199203187250996,real
2015-05-22,all,3,2015-05-25,true,10793,176,0.01630686556101177,real
2015-05-22,all,7,2015-05-29,true,10793,70,0.006485685166311498,real
2015-05-22,all,14,2015-06-05,true,10793,36,0.0033354952283887705,real
2015-05-22,all,30,2015-06-21,true,10793,9,0.0008338738070971926,real
2015-05-22,browse_only,1,2015-05-23,true,10577,204,0.019287132457218494,real
2015-05-22,browse_only,3,2015-05-25,true,10577,162,0.015316252245438216,real
2015-05-22,browse_only,7,2015-05-29,true,10577,67,0.006334499385459015,real
2015-05-22,browse_only,14,2015-06-05,true,10577,35,0.0033090668431502318,real
2015-05-22,browse_only,30,2015-06-21,true,10577,9,0.0008509029025243452,real
2015-05-22,cart_no_purchase,1,2015-05-23,true,160,7,0.04375,real
2015-05-22,cart_no_purchase,3,2015-05-25,true,160,11,0.06875,real
2015-05-22,cart_no_purchase,7,2015-05-29,true,160,1,0.00625,real
2015-05-22,cart_no_purchase,14,2015-06-05,true,160,0,0.0,real
2015-05-22,cart_no_purchase,30,2015-06-21,true,160,0,0.0,real
2015-05-22,first_session_purchase,1,2015-05-23,true,56,4,0.07142857142857142,real
2015-05-22,first_session_purchase,3,2015-05-25,true,56,3,0.05357142857142857,real
2015-05-22,first_session_purchase,7,2015-05-29,true,56,2,0.03571428571428571,real
2015-05-22,first_session_purchase,14,2015-06-05,true,56,1,0.017857142857142856,real
2015-05-22,first_session_purchase,30,2015-06-21,true,56,0,0.0,real
2015-05-23,all,1,2015-05-24,true,8497,261,0.030716723549488054,real
2015-05-23,all,3,2015-05-26,true,8497,79,0.009297399082028951,real
2015-05-23,all,7,2015-05-30,true,8497,39,0.0045898552430269505,real
2015-05-23,all,14,2015-06-06,true,8497,26,0.0030599034953513004,real
2015-05-23,all,30,2015-06-22,true,8497,20,0.0023537719195010002,real
2015-05-23,browse_only,1,2015-05-24,true,8316,237,0.0284992784992785,real
2015-05-23,browse_only,3,2015-05-26,true,8316,76,0.00913900913900914,real
2015-05-23,browse_only,7,2015-05-30,true,8316,37,0.004449254449254449,real
2015-05-23,browse_only,14,2015-06-06,true,8316,25,0.0030062530062530063,real
2015-05-23,browse_only,30,2015-06-22,true,8316,18,0.0021645021645021645,real
2015-05-23,cart_no_purchase,1,2015-05-24,true,140,21,0.15,real
2015-05-23,cart_no_purchase,3,2015-05-26,true,140,2,0.014285714285714285,real
2015-05-23,cart_no_purchase,7,2015-05-30,true,140,1,0.007142857142857143,real
2015-05-23,cart_no_purchase,14,2015-06-06,true,140,0,0.0,real
2015-05-23,cart_no_purchase,30,2015-06-22,true,140,2,0.014285714285714285,real
2015-05-23,first_session_purchase,1,2015-05-24,true,41,3,0.07317073170731707,real
2015-05-23,first_session_purchase,3,2015-05-26,true,41,1,0.024390243902439025,real
2015-05-23,first_session_purchase,7,2015-05-30,true,41,1,0.024390243902439025,real
2015-05-23,first_session_purchase,14,2015-06-06,true,41,1,0.024390243902439025,real
2015-05-23,first_session_purchase,30,2015-06-22,true,41,0,0.0,real
2015-05-24,all,1,2015-05-25,true,9191,248,0.026982918072026983,real
2015-05-24,all,3,2015-05-27,true,9191,79,0.008595365031008596,real
2015-05-24,all,7,2015-05-31,true,9191,53,0.005766510717005766,real
2015-05-24,all,14,2015-06-07,true,9191,29,0.0031552605810031553,real
2015-05-24,all,30,2015-06-23,true,9191,14,0.0015232292460015233,real
2015-05-24,browse_only,1,2015-05-25,true,9023,234,0.02593372492519118,real
2015-05-24,browse_only,3,2015-05-27,true,9023,77,0.008533747090768037,real
2015-05-24,browse_only,7,2015-05-31,true,9023,51,0.005652222099080129,real
2015-05-24,browse_only,14,2015-06-07,true,9023,28,0.0031031807602792862,real
2015-05-24,browse_only,30,2015-06-23,true,9023,13,0.0014407624958439544,real
2015-05-24,cart_no_purchase,1,2015-05-25,true,130,12,0.09230769230769231,real
2015-05-24,cart_no_purchase,3,2015-05-27,true,130,2,0.015384615384615385,real
2015-05-24,cart_no_purchase,7,2015-05-31,true,130,2,0.015384615384615385,real
2015-05-24,cart_no_purchase,14,2015-06-07,true,130,0,0.0,real
2015-05-24,cart_no_purchase,30,2015-06-23,true,130,0,0.0,real
2015-05-24,first_session_purchase,1,2015-05-25,true,38,2,0.05263157894736842,real
2015-05-24,first_session_purchase,3,2015-05-27,true,38,0,0.0,real
2015-05-24,first_session_purchase,7,2015-05-31,true,38,0,0.0,real
2015-05-24,first_session_purchase,14,2015-06-07,true,38,1,0.02631578947368421,real
2015-05-24,first_session_purchase,30,2015-06-23,true,38,1,0.02631578947368421,real
2015-05-25,all,1,2015-05-26,true,12372,337,0.02723892660847074,real
2015-05-25,all,3,2015-05-28,true,12372,121,0.00978014872292273,real
2015-05-25,all,7,2015-06-01,true,12372,72,0.005819592628516004,real
2015-05-25,all,14,2015-06-08,true,12372,45,0.0036372453928225023,real
2015-05-25,all,30,2015-06-24,true,12372,28,0.0022631749110895573,real
2015-05-25,browse_only,1,2015-05-26,true,12122,312,0.02573832700874443,real
2015-05-25,browse_only,3,2015-05-28,true,12122,114,0.009404388714733543,real
2015-05-25,browse_only,7,2015-06-01,true,12122,69,0.0056921300115492495,real
2015-05-25,browse_only,14,2015-06-08,true,12122,41,0.0033822801517901335,real
2015-05-25,browse_only,30,2015-06-24,true,12122,28,0.0023098498597591156,real
2015-05-25,cart_no_purchase,1,2015-05-26,true,183,20,0.1092896174863388,real
2015-05-25,cart_no_purchase,3,2015-05-28,true,183,5,0.0273224043715847,real
2015-05-25,cart_no_purchase,7,2015-06-01,true,183,1,0.00546448087431694,real
2015-05-25,cart_no_purchase,14,2015-06-08,true,183,2,0.01092896174863388,real
2015-05-25,cart_no_purchase,30,2015-06-24,true,183,0,0.0,real
2015-05-25,first_session_purchase,1,2015-05-26,true,67,5,0.07462686567164178,real
2015-05-25,first_session_purchase,3,2015-05-28,true,67,2,0.029850746268656716,real
2015-05-25,first_session_purchase,7,2015-06-01,true,67,2,0.029850746268656716,real
2015-05-25,first_session_purchase,14,2015-06-08,true,67,2,0.029850746268656716,real
2015-05-25,first_session_purchase,30,2015-06-24,true,67,0,0.0,real
2015-05-26,all,1,2015-05-27,true,11021,323,0.02930768532801016,real
2015-05-26,all,3,2015-05-29,true,11021,96,0.00871064331730333,real
2015-05-26,all,7,2015-06-02,true,11021,68,0.006170039016423192,real
2015-05-26,all,14,2015-06-09,true,11021,42,0.003810906451320207,real
2015-05-26,all,30,2015-06-25,true,11021,14,0.0012703021504400689,real
2015-05-26,browse_only,1,2015-05-27,true,10766,302,0.028051272524614528,real
2015-05-26,browse_only,3,2015-05-29,true,10766,88,0.008173880735649267,real
2015-05-26,browse_only,7,2015-06-02,true,10766,65,0.006037525543377299,real
2015-05-26,browse_only,14,2015-06-09,true,10766,38,0.0035296303176667286,real
2015-05-26,browse_only,30,2015-06-25,true,10766,13,0.0012075051086754597,real
2015-05-26,cart_no_purchase,1,2015-05-27,true,191,16,0.08376963350785341,real
2015-05-26,cart_no_purchase,3,2015-05-29,true,191,3,0.015706806282722512,real
2015-05-26,cart_no_purchase,7,2015-06-02,true,191,3,0.015706806282722512,real
2015-05-26,cart_no_purchase,14,2015-06-09,true,191,3,0.015706806282722512,real
2015-05-26,cart_no_purchase,30,2015-06-25,true,191,1,0.005235602094240838,real
2015-05-26,first_session_purchase,1,2015-05-27,true,64,5,0.078125,real
2015-05-26,first_session_purchase,3,2015-05-29,true,64,5,0.078125,real
2015-05-26,first_session_purchase,7,2015-06-02,true,64,0,0.0,real
2015-05-26,first_session_purchase,14,2015-06-09,true,64,1,0.015625,real
2015-05-26,first_session_purchase,30,2015-06-25,true,64,0,0.0,real
2015-05-27,all,1,2015-05-28,true,11100,347,0.03126126126126126,real
2015-05-27,all,3,2015-05-30,true,11100,71,0.006396396396396396,real
2015-05-27,all,7,2015-06-03,true,11100,71,0.006396396396396396,real
2015-05-27,all,14,2015-06-10,true,11100,51,0.0045945945945945945,real
2015-05-27,all,30,2015-06-26,true,11100,20,0.0018018018018018018,real
2015-05-27,browse_only,1,2015-05-28,true,10856,326,0.030029476787030215,real
2015-05-27,browse_only,3,2015-05-30,true,10856,64,0.0058953574060427415,real
2015-05-27,browse_only,7,2015-06-03,true,10856,65,0.005987472365512159,real
2015-05-27,browse_only,14,2015-06-10,true,10856,48,0.004421518054532056,real
2015-05-27,browse_only,30,2015-06-26,true,10856,18,0.001658069270449521,real
2015-05-27,cart_no_purchase,1,2015-05-28,true,171,15,0.08771929824561403,real
2015-05-27,cart_no_purchase,3,2015-05-30,true,171,4,0.023391812865497075,real
2015-05-27,cart_no_purchase,7,2015-06-03,true,171,4,0.023391812865497075,real
2015-05-27,cart_no_purchase,14,2015-06-10,true,171,3,0.017543859649122806,real
2015-05-27,cart_no_purchase,30,2015-06-26,true,171,1,0.005847953216374269,real
2015-05-27,first_session_purchase,1,2015-05-28,true,73,6,0.0821917808219178,real
2015-05-27,first_session_purchase,3,2015-05-30,true,73,3,0.0410958904109589,real
2015-05-27,first_session_purchase,7,2015-06-03,true,73,2,0.0273972602739726,real
2015-05-27,first_session_purchase,14,2015-06-10,true,73,0,0.0,real
2015-05-27,first_session_purchase,30,2015-06-26,true,73,1,0.0136986301369863,real
2015-05-28,all,1,2015-05-29,true,11222,311,0.027713420067724114,real
2015-05-28,all,3,2015-05-31,true,11222,59,0.005257529852076279,real
2015-05-28,all,7,2015-06-04,true,11222,64,0.0057030832293708785,real
2015-05-28,all,14,2015-06-11,true,11222,33,0.0029406522901443593,real
2015-05-28,all,30,2015-06-27,true,11222,12,0.0010693281055070398,real
2015-05-28,browse_only,1,2015-05-29,true,10986,296,0.026943382486801382,real
2015-05-28,browse_only,3,2015-05-31,true,10986,57,0.005188421627525942,real
2015-05-28,browse_only,7,2015-06-04,true,10986,62,0.005643546331694884,real
2015-05-28,browse_only,14,2015-06-11,true,10986,29,0.0026397232841798655,real
2015-05-28,browse_only,30,2015-06-27,true,10986,12,0.0010922992900054614,real
2015-05-28,cart_no_purchase,1,2015-05-29,true,165,8,0.048484848484848485,real
2015-05-28,cart_no_purchase,3,2015-05-31,true,165,0,0.0,real
2015-05-28,cart_no_purchase,7,2015-06-04,true,165,0,0.0,real
2015-05-28,cart_no_purchase,14,2015-06-11,true,165,1,0.006060606060606061,real
2015-05-28,cart_no_purchase,30,2015-06-27,true,165,0,0.0,real
2015-05-28,first_session_purchase,1,2015-05-29,true,71,7,0.09859154929577464,real
2015-05-28,first_session_purchase,3,2015-05-31,true,71,2,0.028169014084507043,real
2015-05-28,first_session_purchase,7,2015-06-04,true,71,2,0.028169014084507043,real
2015-05-28,first_session_purchase,14,2015-06-11,true,71,3,0.04225352112676056,real
2015-05-28,first_session_purchase,30,2015-06-27,true,71,0,0.0,real
2015-05-29,all,1,2015-05-30,true,10309,221,0.021437578814627996,real
2015-05-29,all,3,2015-06-01,true,10309,130,0.012610340479192938,real
2015-05-29,all,7,2015-06-05,true,10309,59,0.0057231545251721794,real
2015-05-29,all,14,2015-06-12,true,10309,16,0.0015520419051314386,real
2015-05-29,all,30,2015-06-28,true,10309,14,0.0013580366669900088,real
2015-05-29,browse_only,1,2015-05-30,true,10111,208,0.0205716546335674,real
2015-05-29,browse_only,3,2015-06-01,true,10111,125,0.012362773217288101,real
2015-05-29,browse_only,7,2015-06-05,true,10111,55,0.005439620215606765,real
2015-05-29,browse_only,14,2015-06-12,true,10111,15,0.0014835327860745723,real
2015-05-29,browse_only,30,2015-06-28,true,10111,14,0.0013846306003362674,real
2015-05-29,cart_no_purchase,1,2015-05-30,true,157,8,0.050955414012738856,real
2015-05-29,cart_no_purchase,3,2015-06-01,true,157,3,0.01910828025477707,real
2015-05-29,cart_no_purchase,7,2015-06-05,true,157,4,0.025477707006369428,real
2015-05-29,cart_no_purchase,14,2015-06-12,true,157,0,0.0,real
2015-05-29,cart_no_purchase,30,2015-06-28,true,157,0,0.0,real
2015-05-29,first_session_purchase,1,2015-05-30,true,41,5,0.12195121951219512,real
2015-05-29,first_session_purchase,3,2015-06-01,true,41,2,0.04878048780487805,real
2015-05-29,first_session_purchase,7,2015-06-05,true,41,0,0.0,real
2015-05-29,first_session_purchase,14,2015-06-12,true,41,1,0.024390243902439025,real
2015-05-29,first_session_purchase,30,2015-06-28,true,41,0,0.0,real
2015-05-30,all,1,2015-05-31,true,8473,237,0.027971202643691725,real
2015-05-30,all,3,2015-06-02,true,8473,96,0.011330107399976396,real
2015-05-30,all,7,2015-06-06,true,8473,45,0.005310987843738935,real
2015-05-30,all,14,2015-06-13,true,8473,23,0.0027145048979110116,real
2015-05-30,all,30,2015-06-29,true,8473,17,0.0020063731854124867,real
2015-05-30,browse_only,1,2015-05-31,true,8297,223,0.026877184524526938,real
2015-05-30,browse_only,3,2015-06-02,true,8297,89,0.010726768711582499,real
2015-05-30,browse_only,7,2015-06-06,true,8297,44,0.005303121610220562,real
2015-05-30,browse_only,14,2015-06-13,true,8297,20,0.002410509822827528,real
2015-05-30,browse_only,30,2015-06-29,true,8297,17,0.0020489333494033988,real
2015-05-30,cart_no_purchase,1,2015-05-31,true,138,11,0.07971014492753623,real
2015-05-30,cart_no_purchase,3,2015-06-02,true,138,5,0.036231884057971016,real
2015-05-30,cart_no_purchase,7,2015-06-06,true,138,0,0.0,real
2015-05-30,cart_no_purchase,14,2015-06-13,true,138,2,0.014492753623188406,real
2015-05-30,cart_no_purchase,30,2015-06-29,true,138,0,0.0,real
2015-05-30,first_session_purchase,1,2015-05-31,true,38,3,0.07894736842105263,real
2015-05-30,first_session_purchase,3,2015-06-02,true,38,2,0.05263157894736842,real
2015-05-30,first_session_purchase,7,2015-06-06,true,38,1,0.02631578947368421,real
2015-05-30,first_session_purchase,14,2015-06-13,true,38,1,0.02631578947368421,real
2015-05-30,first_session_purchase,30,2015-06-29,true,38,0,0.0,real
2015-05-31,all,1,2015-06-01,true,8731,239,0.027373725804604284,real
2015-05-31,all,3,2015-06-03,true,8731,91,0.010422632000916275,real
2015-05-31,all,7,2015-06-07,true,8731,46,0.005268583209254381,real
2015-05-31,all,14,2015-06-14,true,8731,35,0.004008704615737029,real
2015-05-31,all,30,2015-06-30,true,8731,14,0.0016034818462948115,real
2015-05-31,browse_only,1,2015-06-01,true,8523,220,0.025812507333098676,real
2015-05-31,browse_only,3,2015-06-03,true,8523,85,0.009973014196879033,real
2015-05-31,browse_only,7,2015-06-07,true,8523,43,0.005045171887832923,real
2015-05-31,browse_only,14,2015-06-14,true,8523,33,0.003871876099964801,real
2015-05-31,browse_only,30,2015-06-30,true,8523,14,0.0016426141030153702,real
2015-05-31,cart_no_purchase,1,2015-06-01,true,161,14,0.08695652173913043,real
2015-05-31,cart_no_purchase,3,2015-06-03,true,161,4,0.024844720496894408,real
2015-05-31,cart_no_purchase,7,2015-06-07,true,161,3,0.018633540372670808,real
2015-05-31,cart_no_purchase,14,2015-06-14,true,161,2,0.012422360248447204,real
2015-05-31,cart_no_purchase,30,2015-06-30,true,161,0,0.0,real
2015-05-31,first_session_purchase,1,2015-06-01,true,47,5,0.10638297872340426,real
2015-05-31,first_session_purchase,3,2015-06-03,true,47,2,0.0425531914893617,real
2015-05-31,first_session_purchase,7,2015-06-07,true,47,0,0.0,real
2015-05-31,first_session_purchase,14,2015-06-14,true,47,0,0.0,real
2015-05-31,first_session_purchase,30,2015-06-30,true,47,0,0.0,real
2015-06-01,all,1,2015-06-02,true,11507,338,0.029373424871817155,real
2015-06-01,all,3,2015-06-04,true,11507,126,0.010949856609020597,real
2015-06-01,all,7,2015-06-08,true,11507,70,0.006083253671678109,real
2015-06-01,all,14,2015-06-15,true,11507,43,0.003736855826887981,real
2015-06-01,all,30,2015-07-01,true,11507,23,0.001998783349265664,real
2015-06-01,browse_only,1,2015-06-02,true,11249,318,0.028269179482620678,real
2015-06-01,browse_only,3,2015-06-04,true,11249,111,0.009867543781669482,real
2015-06-01,browse_only,7,2015-06-08,true,11249,65,0.0057782914036803275,real
2015-06-01,browse_only,14,2015-06-15,true,11249,40,0.0035558716330340474,real
2015-06-01,browse_only,30,2015-07-01,true,11249,23,0.0020446261889945773,real
2015-06-01,cart_no_purchase,1,2015-06-02,true,185,12,0.06486486486486487,real
2015-06-01,cart_no_purchase,3,2015-06-04,true,185,10,0.05405405405405406,real
2015-06-01,cart_no_purchase,7,2015-06-08,true,185,2,0.010810810810810811,real
2015-06-01,cart_no_purchase,14,2015-06-15,true,185,1,0.005405405405405406,real
2015-06-01,cart_no_purchase,30,2015-07-01,true,185,0,0.0,real
2015-06-01,first_session_purchase,1,2015-06-02,true,73,8,0.1095890410958904,real
2015-06-01,first_session_purchase,3,2015-06-04,true,73,5,0.0684931506849315,real
2015-06-01,first_session_purchase,7,2015-06-08,true,73,3,0.0410958904109589,real
2015-06-01,first_session_purchase,14,2015-06-15,true,73,2,0.0273972602739726,real
2015-06-01,first_session_purchase,30,2015-07-01,true,73,0,0.0,real
2015-06-02,all,1,2015-06-03,true,11673,365,0.03126873982695108,real
2015-06-02,all,3,2015-06-05,true,11673,123,0.010537136982780776,real
2015-06-02,all,7,2015-06-09,true,11673,64,0.0054827379422599165,real
2015-06-02,all,14,2015-06-16,true,11673,45,0.0038550501156515036,real
2015-06-02,all,30,2015-07-02,true,11673,22,0.0018846911676518462,real
2015-06-02,browse_only,1,2015-06-03,true,11438,345,0.030162615841930408,real
2015-06-02,browse_only,3,2015-06-05,true,11438,112,0.009791921664626682,real
2015-06-02,browse_only,7,2015-06-09,true,11438,59,0.0051582444483301276,real
2015-06-02,browse_only,14,2015-06-16,true,11438,39,0.00340968700821822,real
2015-06-02,browse_only,30,2015-07-02,true,11438,20,0.0017485574401119076,real
2015-06-02,cart_no_purchase,1,2015-06-03,true,158,13,0.08227848101265822,real
2015-06-02,cart_no_purchase,3,2015-06-05,true,158,8,0.05063291139240506,real
2015-06-02,cart_no_purchase,7,2015-06-09,true,158,4,0.02531645569620253,real
2015-06-02,cart_no_purchase,14,2015-06-16,true,158,5,0.03164556962025317,real
2015-06-02,cart_no_purchase,30,2015-07-02,true,158,0,0.0,real
2015-06-02,first_session_purchase,1,2015-06-03,true,77,7,0.09090909090909091,real
2015-06-02,first_session_purchase,3,2015-06-05,true,77,3,0.03896103896103896,real
2015-06-02,first_session_purchase,7,2015-06-09,true,77,1,0.012987012987012988,real
2015-06-02,first_session_purchase,14,2015-06-16,true,77,1,0.012987012987012988,real
2015-06-02,first_session_purchase,30,2015-07-02,true,77,2,0.025974025974025976,real
2015-06-03,all,1,2015-06-04,true,11492,337,0.029324747650539506,real
2015-06-03,all,3,2015-06-06,true,11492,91,0.007918552036199095,real
2015-06-03,all,7,2015-06-10,true,11492,77,0.006700313261399234,real
2015-06-03,all,14,2015-06-17,true,11492,43,0.0037417333797424295,real
2015-06-03,all,30,2015-07-03,true,11492,25,0.00217542638357118,real
2015-06-03,browse_only,1,2015-06-04,true,11234,309,0.027505786006765176,real
2015-06-03,browse_only,3,2015-06-06,true,11234,82,0.0072992700729927005,real
2015-06-03,browse_only,7,2015-06-10,true,11234,71,0.006320099697347339,real
2015-06-03,browse_only,14,2015-06-17,true,11234,43,0.0038276660138864163,real
2015-06-03,browse_only,30,2015-07-03,true,11234,23,0.0020473562399857576,real
2015-06-03,cart_no_purchase,1,2015-06-04,true,192,23,0.11979166666666667,real
2015-06-03,cart_no_purchase,3,2015-06-06,true,192,6,0.03125,real
2015-06-03,cart_no_purchase,7,2015-06-10,true,192,3,0.015625,real
2015-06-03,cart_no_purchase,14,2015-06-17,true,192,0,0.0,real
2015-06-03,cart_no_purchase,30,2015-07-03,true,192,1,0.005208333333333333,real
2015-06-03,first_session_purchase,1,2015-06-04,true,66,5,0.07575757575757576,real
2015-06-03,first_session_purchase,3,2015-06-06,true,66,3,0.045454545454545456,real
2015-06-03,first_session_purchase,7,2015-06-10,true,66,3,0.045454545454545456,real
2015-06-03,first_session_purchase,14,2015-06-17,true,66,0,0.0,real
2015-06-03,first_session_purchase,30,2015-07-03,true,66,1,0.015151515151515152,real
2015-06-04,all,1,2015-06-05,true,11180,334,0.029874776386404293,real
2015-06-04,all,3,2015-06-07,true,11180,92,0.008228980322003579,real
2015-06-04,all,7,2015-06-11,true,11180,64,0.005724508050089445,real
2015-06-04,all,14,2015-06-18,true,11180,36,0.0032200357781753132,real
2015-06-04,all,30,2015-07-04,true,11180,6,0.0005366726296958855,real
2015-06-04,browse_only,1,2015-06-05,true,10892,303,0.027818582445831803,real
2015-06-04,browse_only,3,2015-06-07,true,10892,80,0.007344840249724568,real
2015-06-04,browse_only,7,2015-06-11,true,10892,62,0.005692251193536541,real
2015-06-04,browse_only,14,2015-06-18,true,10892,36,0.0033051781123760557,real
2015-06-04,browse_only,30,2015-07-04,true,10892,6,0.0005508630187293427,real
2015-06-04,cart_no_purchase,1,2015-06-05,true,225,24,0.10666666666666667,real
2015-06-04,cart_no_purchase,3,2015-06-07,true,225,11,0.04888888888888889,real
2015-06-04,cart_no_purchase,7,2015-06-11,true,225,2,0.008888888888888889,real
2015-06-04,cart_no_purchase,14,2015-06-18,true,225,0,0.0,real
2015-06-04,cart_no_purchase,30,2015-07-04,true,225,0,0.0,real
2015-06-04,first_session_purchase,1,2015-06-05,true,63,7,0.1111111111111111,real
2015-06-04,first_session_purchase,3,2015-06-07,true,63,1,0.015873015873015872,real
2015-06-04,first_session_purchase,7,2015-06-11,true,63,0,0.0,real
2015-06-04,first_session_purchase,14,2015-06-18,true,63,0,0.0,real
2015-06-04,first_session_purchase,30,2015-07-04,true,63,0,0.0,real
2015-06-05,all,1,2015-06-06,true,10359,213,0.020561830292499274,real
2015-06-05,all,3,2015-06-08,true,10359,134,0.012935611545515976,real
2015-06-05,all,7,2015-06-12,true,10359,39,0.003764842166232262,real
2015-06-05,all,14,2015-06-19,true,10359,42,0.00405444540978859,real
2015-06-05,all,30,2015-07-05,true,10359,10,0.0009653441451877594,real
2015-06-05,browse_only,1,2015-06-06,true,10159,203,0.019982281720641794,real
2015-06-05,browse_only,3,2015-06-08,true,10159,126,0.012402795550743183,real
2015-06-05,browse_only,7,2015-06-12,true,10159,37,0.0036420907569642683,real
2015-06-05,browse_only,14,2015-06-19,true,10159,40,0.003937395412934344,real
2015-06-05,browse_only,30,2015-07-05,true,10159,10,0.000984348853233586,real
2015-06-05,cart_no_purchase,1,2015-06-06,true,153,9,0.058823529411764705,real
2015-06-05,cart_no_purchase,3,2015-06-08,true,153,6,0.0392156862745098,real
2015-06-05,cart_no_purchase,7,2015-06-12,true,153,1,0.006535947712418301,real
2015-06-05,cart_no_purchase,14,2015-06-19,true,153,1,0.006535947712418301,real
2015-06-05,cart_no_purchase,30,2015-07-05,true,153,0,0.0,real
2015-06-05,first_session_purchase,1,2015-06-06,true,47,1,0.02127659574468085,real
2015-06-05,first_session_purchase,3,2015-06-08,true,47,2,0.0425531914893617,real
2015-06-05,first_session_purchase,7,2015-06-12,true,47,1,0.02127659574468085,real
2015-06-05,first_session_purchase,14,2015-06-19,true,47,1,0.02127659574468085,real
2015-06-05,first_session_purchase,30,2015-07-05,true,47,0,0.0,real
2015-06-06,all,1,2015-06-07,true,8331,231,0.02772776377385668,real
2015-06-06,all,3,2015-06-09,true,8331,88,0.010562957628135878,real
2015-06-06,all,7,2015-06-13,true,8331,39,0.004681310767014764,real
2015-06-06,all,14,2015-06-20,true,8331,32,0.003841075501140319,real
2015-06-06,all,30,2015-07-06,true,8331,14,0.0016804705317488896,real
2015-06-06,browse_only,1,2015-06-07,true,8160,218,0.026715686274509803,real
2015-06-06,browse_only,3,2015-06-09,true,8160,86,0.01053921568627451,real
2015-06-06,browse_only,7,2015-06-13,true,8160,39,0.004779411764705883,real
2015-06-06,browse_only,14,2015-06-20,true,8160,32,0.00392156862745098,real
2015-06-06,browse_only,30,2015-07-06,true,8160,14,0.001715686274509804,real
2015-06-06,cart_no_purchase,1,2015-06-07,true,138,11,0.07971014492753623,real
2015-06-06,cart_no_purchase,3,2015-06-09,true,138,2,0.014492753623188406,real
2015-06-06,cart_no_purchase,7,2015-06-13,true,138,0,0.0,real
2015-06-06,cart_no_purchase,14,2015-06-20,true,138,0,0.0,real
2015-06-06,cart_no_purchase,30,2015-07-06,true,138,0,0.0,real
2015-06-06,first_session_purchase,1,2015-06-07,true,33,2,0.06060606060606061,real
2015-06-06,first_session_purchase,3,2015-06-09,true,33,0,0.0,real
2015-06-06,first_session_purchase,7,2015-06-13,true,33,0,0.0,real
2015-06-06,first_session_purchase,14,2015-06-20,true,33,0,0.0,real
2015-06-06,first_session_purchase,30,2015-07-06,true,33,0,0.0,real
2015-06-07,all,1,2015-06-08,true,8171,245,0.029984090074654263,real
2015-06-07,all,3,2015-06-10,true,8171,87,0.01064741157753029,real
2015-06-07,all,7,2015-06-14,true,8171,34,0.004161057398115286,real
2015-06-07,all,14,2015-06-21,true,8171,26,0.0031819850691469833,real
2015-06-07,all,30,2015-07-07,true,8171,15,0.0018357606168155672,real
2015-06-07,browse_only,1,2015-06-08,true,8019,236,0.029430103504177577,real
2015-06-07,browse_only,3,2015-06-10,true,8019,82,0.010225713929417632,real
2015-06-07,browse_only,7,2015-06-14,true,8019,34,0.004239930165856092,real
2015-06-07,browse_only,14,2015-06-21,true,8019,26,0.0032422995385958347,real
2015-06-07,browse_only,30,2015-07-07,true,8019,15,0.0018705574261129816,real
2015-06-07,cart_no_purchase,1,2015-06-08,true,120,7,0.058333333333333334,real
2015-06-07,cart_no_purchase,3,2015-06-10,true,120,4,0.03333333333333333,real
2015-06-07,cart_no_purchase,7,2015-06-14,true,120,0,0.0,real
2015-06-07,cart_no_purchase,14,2015-06-21,true,120,0,0.0,real
2015-06-07,cart_no_purchase,30,2015-07-07,true,120,0,0.0,real
2015-06-07,first_session_purchase,1,2015-06-08,true,32,2,0.0625,real
2015-06-07,first_session_purchase,3,2015-06-10,true,32,1,0.03125,real
2015-06-07,first_session_purchase,7,2015-06-14,true,32,0,0.0,real
2015-06-07,first_session_purchase,14,2015-06-21,true,32,0,0.0,real
2015-06-07,first_session_purchase,30,2015-07-07,true,32,0,0.0,real
2015-06-08,all,1,2015-06-09,true,10734,306,0.02850754611514813,real
2015-06-08,all,3,2015-06-11,true,10734,88,0.008198248555990311,real
2015-06-08,all,7,2015-06-15,true,10734,87,0.00810508664058133,real
2015-06-08,all,14,2015-06-22,true,10734,25,0.0023290478852245203,real
2015-06-08,all,30,2015-07-08,true,10734,22,0.0020495621389975778,real
2015-06-08,browse_only,1,2015-06-09,true,10487,284,0.02708114808810909,real
2015-06-08,browse_only,3,2015-06-11,true,10487,83,0.00791456088490512,real
2015-06-08,browse_only,7,2015-06-15,true,10487,87,0.008295985505864403,real
2015-06-08,browse_only,14,2015-06-22,true,10487,25,0.0023839038809955184,real
2015-06-08,browse_only,30,2015-07-08,true,10487,22,0.002097835415276056,real
2015-06-08,cart_no_purchase,1,2015-06-09,true,175,13,0.07428571428571429,real
2015-06-08,cart_no_purchase,3,2015-06-11,true,175,5,0.02857142857142857,real
2015-06-08,cart_no_purchase,7,2015-06-15,true,175,0,0.0,real
2015-06-08,cart_no_purchase,14,2015-06-22,true,175,0,0.0,real
2015-06-08,cart_no_purchase,30,2015-07-08,true,175,0,0.0,real
2015-06-08,first_session_purchase,1,2015-06-09,true,72,9,0.125,real
2015-06-08,first_session_purchase,3,2015-06-11,true,72,0,0.0,real
2015-06-08,first_session_purchase,7,2015-06-15,true,72,0,0.0,real
2015-06-08,first_session_purchase,14,2015-06-22,true,72,0,0.0,real
2015-06-08,first_session_purchase,30,2015-07-08,true,72,0,0.0,real
2015-06-09,all,1,2015-06-10,true,11754,380,0.03232941977199252,real
2015-06-09,all,3,2015-06-12,true,11754,93,0.007912200102092905,real
2015-06-09,all,7,2015-06-16,true,11754,78,0.006636038795303726,real
2015-06-09,all,14,2015-06-23,true,11754,42,0.0035732516590096988,real
2015-06-09,all,30,2015-07-09,true,11754,27,0.002297090352220521,real
2015-06-09,browse_only,1,2015-06-10,true,11537,354,0.03068388662563925,real
2015-06-09,browse_only,3,2015-06-12,true,11537,89,0.007714310479327382,real
2015-06-09,browse_only,7,2015-06-16,true,11537,72,0.006240790500130017,real
2015-06-09,browse_only,14,2015-06-23,true,11537,42,0.003640461125075843,real
2015-06-09,browse_only,30,2015-07-09,true,11537,26,0.002253618791713617,real
2015-06-09,cart_no_purchase,1,2015-06-10,true,176,20,0.11363636363636363,real
2015-06-09,cart_no_purchase,3,2015-06-12,true,176,2,0.011363636363636364,real
2015-06-09,cart_no_purchase,7,2015-06-16,true,176,5,0.028409090909090908,real
2015-06-09,cart_no_purchase,14,2015-06-23,true,176,0,0.0,real
2015-06-09,cart_no_purchase,30,2015-07-09,true,176,1,0.005681818181818182,real
2015-06-09,first_session_purchase,1,2015-06-10,true,41,6,0.14634146341463414,real
2015-06-09,first_session_purchase,3,2015-06-12,true,41,2,0.04878048780487805,real
2015-06-09,first_session_purchase,7,2015-06-16,true,41,1,0.024390243902439025,real
2015-06-09,first_session_purchase,14,2015-06-23,true,41,0,0.0,real
2015-06-09,first_session_purchase,30,2015-07-09,true,41,0,0.0,real
2015-06-10,all,1,2015-06-11,true,11964,330,0.027582748244734202,real
2015-06-10,all,3,2015-06-13,true,11964,72,0.006018054162487462,real
2015-06-10,all,7,2015-06-17,true,11964,66,0.005516549648946841,real
2015-06-10,all,14,2015-06-24,true,11964,41,0.0034269475091942493,real
2015-06-10,all,30,2015-07-10,true,11964,21,0.0017552657973921766,real
2015-06-10,browse_only,1,2015-06-11,true,11718,310,0.026455026455026454,real
2015-06-10,browse_only,3,2015-06-13,true,11718,69,0.005888376856118792,real
2015-06-10,browse_only,7,2015-06-17,true,11718,61,0.0052056664959890765,real
2015-06-10,browse_only,14,2015-06-24,true,11718,40,0.0034135518006485747,real
2015-06-10,browse_only,30,2015-07-10,true,11718,21,0.0017921146953405018,real
2015-06-10,cart_no_purchase,1,2015-06-11,true,184,13,0.07065217391304347,real
2015-06-10,cart_no_purchase,3,2015-06-13,true,184,2,0.010869565217391304,real
2015-06-10,cart_no_purchase,7,2015-06-17,true,184,2,0.010869565217391304,real
2015-06-10,cart_no_purchase,14,2015-06-24,true,184,0,0.0,real
2015-06-10,cart_no_purchase,30,2015-07-10,true,184,0,0.0,real
2015-06-10,first_session_purchase,1,2015-06-11,true,62,7,0.11290322580645161,real
2015-06-10,first_session_purchase,3,2015-06-13,true,62,1,0.016129032258064516,real
2015-06-10,first_session_purchase,7,2015-06-17,true,62,3,0.04838709677419355,real
2015-06-10,first_session_purchase,14,2015-06-24,true,62,1,0.016129032258064516,real
2015-06-10,first_session_purchase,30,2015-07-10,true,62,0,0.0,real
2015-06-11,all,1,2015-06-12,true,10549,227,0.021518627358043416,real
2015-06-11,all,3,2015-06-14,true,10549,69,0.006540904351123329,real
2015-06-11,all,7,2015-06-18,true,10549,60,0.0056877429140202865,real
2015-06-11,all,14,2015-06-25,true,10549,38,0.003602237178879515,real
2015-06-11,all,30,2015-07-11,true,10549,15,0.0014219357285050716,real
2015-06-11,browse_only,1,2015-06-12,true,10335,212,0.020512820512820513,real
2015-06-11,browse_only,3,2015-06-14,true,10335,64,0.006192549588776004,real
2015-06-11,browse_only,7,2015-06-18,true,10335,56,0.005418480890179003,real
2015-06-11,browse_only,14,2015-06-25,true,10335,36,0.0034833091436865023,real
2015-06-11,browse_only,30,2015-07-11,true,10335,12,0.0011611030478955006,real
2015-06-11,cart_no_purchase,1,2015-06-12,true,172,13,0.0755813953488372,real
2015-06-11,cart_no_purchase,3,2015-06-14,true,172,3,0.01744186046511628,real
2015-06-11,cart_no_purchase,7,2015-06-18,true,172,4,0.023255813953488372,real
2015-06-11,cart_no_purchase,14,2015-06-25,true,172,1,0.005813953488372093,real
2015-06-11,cart_no_purchase,30,2015-07-11,true,172,2,0.011627906976744186,real
2015-06-11,first_session_purchase,1,2015-06-12,true,42,2,0.047619047619047616,real
2015-06-11,first_session_purchase,3,2015-06-14,true,42,2,0.047619047619047616,real
2015-06-11,first_session_purchase,7,2015-06-18,true,42,0,0.0,real
2015-06-11,first_session_purchase,14,2015-06-25,true,42,1,0.023809523809523808,real
2015-06-11,first_session_purchase,30,2015-07-11,true,42,1,0.023809523809523808,real
2015-06-12,all,1,2015-06-13,true,7958,208,0.026137220407137472,real
2015-06-12,all,3,2015-06-15,true,7958,93,0.011686353355114351,real
2015-06-12,all,7,2015-06-19,true,7958,27,0.0033928122643880373,real
2015-06-12,all,14,2015-06-26,true,7958,25,0.0031414928373963307,real
2015-06-12,all,30,2015-07-12,true,7958,23,0.002890173410404624,real
2015-06-12,browse_only,1,2015-06-13,true,7802,197,0.02524993591386824,real
2015-06-12,browse_only,3,2015-06-15,true,7802,88,0.011279159189951295,real
2015-06-12,browse_only,7,2015-06-19,true,7802,26,0.0033324788515765188,real
2015-06-12,browse_only,14,2015-06-26,true,7802,23,0.0029479620610099976,real
2015-06-12,browse_only,30,2015-07-12,true,7802,22,0.0028197897974878237,real
2015-06-12,cart_no_purchase,1,2015-06-13,true,115,9,0.0782608695652174,real
2015-06-12,cart_no_purchase,3,2015-06-15,true,115,3,0.02608695652173913,real
2015-06-12,cart_no_purchase,7,2015-06-19,true,115,0,0.0,real
2015-06-12,cart_no_purchase,14,2015-06-26,true,115,1,0.008695652173913044,real
2015-06-12,cart_no_purchase,30,2015-07-12,true,115,1,0.008695652173913044,real
2015-06-12,first_session_purchase,1,2015-06-13,true,41,2,0.04878048780487805,real
2015-06-12,first_session_purchase,3,2015-06-15,true,41,2,0.04878048780487805,real
2015-06-12,first_session_purchase,7,2015-06-19,true,41,1,0.024390243902439025,real
2015-06-12,first_session_purchase,14,2015-06-26,true,41,1,0.024390243902439025,real
2015-06-12,first_session_purchase,30,2015-07-12,true,41,0,0.0,real
2015-06-13,all,1,2015-06-14,true,6360,172,0.027044025157232705,real
2015-06-13,all,3,2015-06-16,true,6360,68,0.010691823899371069,real
2015-06-13,all,7,2015-06-20,true,6360,39,0.006132075471698114,real
2015-06-13,all,14,2015-06-27,true,6360,12,0.0018867924528301887,real
2015-06-13,all,30,2015-07-13,true,6360,15,0.0023584905660377358,real
2015-06-13,browse_only,1,2015-06-14,true,6230,166,0.026645264847512038,real
2015-06-13,browse_only,3,2015-06-16,true,6230,66,0.01059390048154093,real
2015-06-13,browse_only,7,2015-06-20,true,6230,38,0.006099518459069021,real
2015-06-13,browse_only,14,2015-06-27,true,6230,11,0.001765650080256822,real
2015-06-13,browse_only,30,2015-07-13,true,6230,15,0.002407704654895666,real
2015-06-13,cart_no_purchase,1,2015-06-14,true,108,4,0.037037037037037035,real
2015-06-13,cart_no_purchase,3,2015-06-16,true,108,1,0.009259259259259259,real
2015-06-13,cart_no_purchase,7,2015-06-20,true,108,0,0.0,real
2015-06-13,cart_no_purchase,14,2015-06-27,true,108,1,0.009259259259259259,real
2015-06-13,cart_no_purchase,30,2015-07-13,true,108,0,0.0,real
2015-06-13,first_session_purchase,1,2015-06-14,true,22,2,0.09090909090909091,real
2015-06-13,first_session_purchase,3,2015-06-16,true,22,1,0.045454545454545456,real
2015-06-13,first_session_purchase,7,2015-06-20,true,22,1,0.045454545454545456,real
2015-06-13,first_session_purchase,14,2015-06-27,true,22,0,0.0,real
2015-06-13,first_session_purchase,30,2015-07-13,true,22,0,0.0,real
2015-06-14,all,1,2015-06-15,true,7265,210,0.028905712319339298,real
2015-06-14,all,3,2015-06-17,true,7265,92,0.012663454920853407,real
2015-06-14,all,7,2015-06-21,true,7265,43,0.005918788713007571,real
2015-06-14,all,14,2015-06-28,true,7265,27,0.0037164487267721956,real
2015-06-14,all,30,2015-07-14,true,7265,16,0.0022023399862353753,real
2015-06-14,browse_only,1,2015-06-15,true,7101,199,0.02802422194057175,real
2015-06-14,browse_only,3,2015-06-17,true,7101,88,0.012392620757639769,real
2015-06-14,browse_only,7,2015-06-21,true,7101,41,0.005773834671173074,real
2015-06-14,browse_only,14,2015-06-28,true,7101,25,0.0035206308970567525,real
2015-06-14,browse_only,30,2015-07-14,true,7101,15,0.0021123785382340513,real
2015-06-14,cart_no_purchase,1,2015-06-15,true,127,8,0.06299212598425197,real
2015-06-14,cart_no_purchase,3,2015-06-17,true,127,2,0.015748031496062992,real
2015-06-14,cart_no_purchase,7,2015-06-21,true,127,1,0.007874015748031496,real
2015-06-14,cart_no_purchase,14,2015-06-28,true,127,2,0.015748031496062992,real
2015-06-14,cart_no_purchase,30,2015-07-14,true,127,1,0.007874015748031496,real
2015-06-14,first_session_purchase,1,2015-06-15,true,37,3,0.08108108108108109,real
2015-06-14,first_session_purchase,3,2015-06-17,true,37,2,0.05405405405405406,real
2015-06-14,first_session_purchase,7,2015-06-21,true,37,1,0.02702702702702703,real
2015-06-14,first_session_purchase,14,2015-06-28,true,37,0,0.0,real
2015-06-14,first_session_purchase,30,2015-07-14,true,37,0,0.0,real
2015-06-15,all,1,2015-06-16,true,10661,332,0.0311415439452209,real
2015-06-15,all,3,2015-06-18,true,10661,122,0.011443579401557076,real
2015-06-15,all,7,2015-06-22,true,10661,93,0.008723384297908263,real
2015-06-15,all,14,2015-06-29,true,10661,49,0.004596191726854892,real
2015-06-15,all,30,2015-07-15,true,10661,20,0.0018759966232060783,real
2015-06-15,browse_only,1,2015-06-16,true,10387,311,0.029941272744777127,real
2015-06-15,browse_only,3,2015-06-18,true,10387,112,0.010782709155675363,real
2015-06-15,browse_only,7,2015-06-22,true,10387,86,0.00827958024453644,real
2015-06-15,browse_only,14,2015-06-29,true,10387,46,0.004428612688938096,real
2015-06-15,browse_only,30,2015-07-15,true,10387,18,0.0017329354000192548,real
2015-06-15,cart_no_purchase,1,2015-06-16,true,208,15,0.07211538461538461,real
2015-06-15,cart_no_purchase,3,2015-06-18,true,208,10,0.04807692307692308,real
2015-06-15,cart_no_purchase,7,2015-06-22,true,208,4,0.019230769230769232,real
2015-06-15,cart_no_purchase,14,2015-06-29,true,208,2,0.009615384615384616,real
2015-06-15,cart_no_purchase,30,2015-07-15,true,208,0,0.0,real
2015-06-15,first_session_purchase,1,2015-06-16,true,66,6,0.09090909090909091,real
2015-06-15,first_session_purchase,3,2015-06-18,true,66,0,0.0,real
2015-06-15,first_session_purchase,7,2015-06-22,true,66,3,0.045454545454545456,real
2015-06-15,first_session_purchase,14,2015-06-29,true,66,1,0.015151515151515152,real
2015-06-15,first_session_purchase,30,2015-07-15,true,66,2,0.030303030303030304,real
2015-06-16,all,1,2015-06-17,true,11577,372,0.03213267685928997,real
2015-06-16,all,3,2015-06-19,true,11577,131,0.011315539431631683,real
2015-06-16,all,7,2015-06-23,true,11577,73,0.006305605942817656,real
2015-06-16,all,14,2015-06-30,true,11577,35,0.003023235726008465,real
2015-06-16,all,30,2015-07-16,true,11577,19,0.0016411851084045953,real
2015-06-16,browse_only,1,2015-06-17,true,11236,351,0.031238875044499823,real
2015-06-16,browse_only,3,2015-06-19,true,11236,122,0.010857956568173727,real
2015-06-16,browse_only,7,2015-06-23,true,11236,67,0.0059629761480954075,real
2015-06-16,browse_only,14,2015-06-30,true,11236,34,0.003025987896048416,real
2015-06-16,browse_only,30,2015-07-16,true,11236,18,0.001601993592025632,real
2015-06-16,cart_no_purchase,1,2015-06-17,true,241,16,0.06639004149377593,real
2015-06-16,cart_no_purchase,3,2015-06-19,true,241,7,0.029045643153526972,real
2015-06-16,cart_no_purchase,7,2015-06-23,true,241,4,0.016597510373443983,real
2015-06-16,cart_no_purchase,14,2015-06-30,true,241,1,0.004149377593360996,real
2015-06-16,cart_no_purchase,30,2015-07-16,true,241,1,0.004149377593360996,real
2015-06-16,first_session_purchase,1,2015-06-17,true,100,5,0.05,real
2015-06-16,first_session_purchase,3,2015-06-19,true,100,2,0.02,real
2015-06-16,first_session_purchase,7,2015-06-23,true,100,2,0.02,real
2015-06-16,first_session_purchase,14,2015-06-30,true,100,0,0.0,real
2015-06-16,first_session_purchase,30,2015-07-16,true,100,0,0.0,real
2015-06-17,all,1,2015-06-18,true,11344,373,0.03288081805359661,real
2015-06-17,all,3,2015-06-20,true,11344,92,0.008110014104372355,real
2015-06-17,all,7,2015-06-24,true,11344,60,0.005289139633286318,real
2015-06-17,all,14,2015-07-01,true,11344,41,0.0036142454160789845,real
2015-06-17,all,30,2015-07-17,true,11344,13,0.0011459802538787024,real
2015-06-17,browse_only,1,2015-06-18,true,11048,349,0.03158942795076032,real
2015-06-17,browse_only,3,2015-06-20,true,11048,86,0.0077842143374366405,real
2015-06-17,browse_only,7,2015-06-24,true,11048,57,0.005159304851556843,real
2015-06-17,browse_only,14,2015-07-01,true,11048,39,0.0035300506879073134,real
2015-06-17,browse_only,30,2015-07-17,true,11048,13,0.0011766835626357713,real
2015-06-17,cart_no_purchase,1,2015-06-18,true,203,12,0.059113300492610835,real
2015-06-17,cart_no_purchase,3,2015-06-20,true,203,2,0.009852216748768473,real
2015-06-17,cart_no_purchase,7,2015-06-24,true,203,3,0.014778325123152709,real
2015-06-17,cart_no_purchase,14,2015-07-01,true,203,0,0.0,real
2015-06-17,cart_no_purchase,30,2015-07-17,true,203,0,0.0,real
2015-06-17,first_session_purchase,1,2015-06-18,true,93,12,0.12903225806451613,real
2015-06-17,first_session_purchase,3,2015-06-20,true,93,4,0.043010752688172046,real
2015-06-17,first_session_purchase,7,2015-06-24,true,93,0,0.0,real
2015-06-17,first_session_purchase,14,2015-07-01,true,93,2,0.021505376344086023,real
2015-06-17,first_session_purchase,30,2015-07-17,true,93,0,0.0,real
2015-06-18,all,1,2015-06-19,true,11097,309,0.02784536361178697,real
2015-06-18,all,3,2015-06-21,true,11097,93,0.008380643417139767,real
2015-06-18,all,7,2015-06-25,true,11097,61,0.005496981166080923,real
2015-06-18,all,14,2015-07-02,true,11097,34,0.0030638911417500223,real
2015-06-18,all,30,2015-07-18,true,11097,12,0.0010813733441470668,real
2015-06-18,browse_only,1,2015-06-19,true,10814,284,0.026262252635472536,real
2015-06-18,browse_only,3,2015-06-21,true,10814,82,0.007582763084889957,real
2015-06-18,browse_only,7,2015-06-25,true,10814,57,0.005270945071203995,real
2015-06-18,browse_only,14,2015-07-02,true,10814,31,0.0028666543369705935,real
2015-06-18,browse_only,30,2015-07-18,true,10814,11,0.0010171999260218236,real
2015-06-18,cart_no_purchase,1,2015-06-19,true,212,16,0.07547169811320754,real
2015-06-18,cart_no_purchase,3,2015-06-21,true,212,5,0.02358490566037736,real
2015-06-18,cart_no_purchase,7,2015-06-25,true,212,3,0.014150943396226415,real
2015-06-18,cart_no_purchase,14,2015-07-02,true,212,2,0.009433962264150943,real
2015-06-18,cart_no_purchase,30,2015-07-18,true,212,0,0.0,real
2015-06-18,first_session_purchase,1,2015-06-19,true,71,9,0.1267605633802817,real
2015-06-18,first_session_purchase,3,2015-06-21,true,71,6,0.08450704225352113,real
2015-06-18,first_session_purchase,7,2015-06-25,true,71,1,0.014084507042253521,real
2015-06-18,first_session_purchase,14,2015-07-02,true,71,1,0.014084507042253521,real
2015-06-18,first_session_purchase,30,2015-07-18,true,71,1,0.014084507042253521,real
2015-06-19,all,1,2015-06-20,true,9701,217,0.022368827955880837,real
2015-06-19,all,3,2015-06-22,true,9701,130,0.01340068034223276,real
2015-06-19,all,7,2015-06-26,true,9701,39,0.004020204102669828,real
2015-06-19,all,14,2015-07-03,true,9701,33,0.0034017111637975467,real
2015-06-19,all,30,2015-07-19,true,9701,7,0.0007215750953509947,real
2015-06-19,browse_only,1,2015-06-20,true,9489,207,0.021814732848561492,real
2015-06-19,browse_only,3,2015-06-22,true,9489,122,0.012856992306881653,real
2015-06-19,browse_only,7,2015-06-26,true,9489,39,0.004110022130888397,real
2015-06-19,browse_only,14,2015-07-03,true,9489,31,0.0032669406681420593,real
2015-06-19,browse_only,30,2015-07-19,true,9489,7,0.0007376962799030457,real
2015-06-19,cart_no_purchase,1,2015-06-20,true,168,7,0.041666666666666664,real
2015-06-19,cart_no_purchase,3,2015-06-22,true,168,5,0.02976190476190476,real
2015-06-19,cart_no_purchase,7,2015-06-26,true,168,0,0.0,real
2015-06-19,cart_no_purchase,14,2015-07-03,true,168,1,0.005952380952380952,real
2015-06-19,cart_no_purchase,30,2015-07-19,true,168,0,0.0,real
2015-06-19,first_session_purchase,1,2015-06-20,true,44,3,0.06818181818181818,real
2015-06-19,first_session_purchase,3,2015-06-22,true,44,3,0.06818181818181818,real
2015-06-19,first_session_purchase,7,2015-06-26,true,44,0,0.0,real
2015-06-19,first_session_purchase,14,2015-07-03,true,44,1,0.022727272727272728,real
2015-06-19,first_session_purchase,30,2015-07-19,true,44,0,0.0,real
2015-06-20,all,1,2015-06-21,true,7456,216,0.028969957081545063,real
2015-06-20,all,3,2015-06-23,true,7456,88,0.011802575107296138,real
2015-06-20,all,7,2015-06-27,true,7456,49,0.0065718884120171675,real
2015-06-20,all,14,2015-07-04,true,7456,21,0.0028165236051502147,real
2015-06-20,all,30,2015-07-20,true,7456,15,0.002011802575107296,real
2015-06-20,browse_only,1,2015-06-21,true,7293,206,0.02824626354038119,real
2015-06-20,browse_only,3,2015-06-23,true,7293,83,0.01138077608665844,real
2015-06-20,browse_only,7,2015-06-27,true,7293,45,0.006170300287947347,real
2015-06-20,browse_only,14,2015-07-04,true,7293,19,0.0026052378993555465,real
2015-06-20,browse_only,30,2015-07-20,true,7293,14,0.0019196489784725078,real
2015-06-20,cart_no_purchase,1,2015-06-21,true,135,9,0.06666666666666667,real
2015-06-20,cart_no_purchase,3,2015-06-23,true,135,4,0.02962962962962963,real
2015-06-20,cart_no_purchase,7,2015-06-27,true,135,3,0.022222222222222223,real
2015-06-20,cart_no_purchase,14,2015-07-04,true,135,2,0.014814814814814815,real
2015-06-20,cart_no_purchase,30,2015-07-20,true,135,0,0.0,real
2015-06-20,first_session_purchase,1,2015-06-21,true,28,1,0.03571428571428571,real
2015-06-20,first_session_purchase,3,2015-06-23,true,28,1,0.03571428571428571,real
2015-06-20,first_session_purchase,7,2015-06-27,true,28,1,0.03571428571428571,real
2015-06-20,first_session_purchase,14,2015-07-04,true,28,0,0.0,real
2015-06-20,first_session_purchase,30,2015-07-20,true,28,1,0.03571428571428571,real
2015-06-21,all,1,2015-06-22,true,7922,228,0.028780610956829083,real
2015-06-21,all,3,2015-06-24,true,7922,69,0.008709921736935118,real
2015-06-21,all,7,2015-06-28,true,7922,46,0.005806614491290078,real
2015-06-21,all,14,2015-07-05,true,7922,25,0.0031557687452663467,real
2015-06-21,all,30,2015-07-21,true,7922,11,0.0013885382479171926,real
2015-06-21,browse_only,1,2015-06-22,true,7761,215,0.027702615642314136,real
2015-06-21,browse_only,3,2015-06-24,true,7761,65,0.008375209380234505,real
2015-06-21,browse_only,7,2015-06-28,true,7761,45,0.005798221878623889,real
2015-06-21,browse_only,14,2015-07-05,true,7761,23,0.0029635356268522097,real
2015-06-21,browse_only,30,2015-07-21,true,7761,11,0.0014173431258858395,real
2015-06-21,cart_no_purchase,1,2015-06-22,true,131,10,0.07633587786259542,real
2015-06-21,cart_no_purchase,3,2015-06-24,true,131,4,0.030534351145038167,real
2015-06-21,cart_no_purchase,7,2015-06-28,true,131,1,0.007633587786259542,real
2015-06-21,cart_no_purchase,14,2015-07-05,true,131,2,0.015267175572519083,real
2015-06-21,cart_no_purchase,30,2015-07-21,true,131,0,0.0,real
2015-06-21,first_session_purchase,1,2015-06-22,true,30,3,0.1,real
2015-06-21,first_session_purchase,3,2015-06-24,true,30,0,0.0,real
2015-06-21,first_session_purchase,7,2015-06-28,true,30,0,0.0,real
2015-06-21,first_session_purchase,14,2015-07-05,true,30,0,0.0,real
2015-06-21,first_session_purchase,30,2015-07-21,true,30,0,0.0,real
2015-06-22,all,1,2015-06-23,true,10785,326,0.030227167362076958,real
2015-06-22,all,3,2015-06-25,true,10785,102,0.009457579972183588,real
2015-06-22,all,7,2015-06-29,true,10785,64,0.0059341678256838205,real
2015-06-22,all,14,2015-07-06,true,10785,42,0.003894297635605007,real
2015-06-22,all,30,2015-07-22,true,10785,16,0.0014835419564209551,real
2015-06-22,browse_only,1,2015-06-23,true,10528,312,0.029635258358662615,real
2015-06-22,browse_only,3,2015-06-25,true,10528,98,0.009308510638297872,real
2015-06-22,browse_only,7,2015-06-29,true,10528,59,0.0056041033434650455,real
2015-06-22,browse_only,14,2015-07-06,true,10528,38,0.003609422492401216,real
2015-06-22,browse_only,30,2015-07-22,true,10528,14,0.0013297872340425532,real
2015-06-22,cart_no_purchase,1,2015-06-23,true,168,8,0.047619047619047616,real
2015-06-22,cart_no_purchase,3,2015-06-25,true,168,3,0.017857142857142856,real
2015-06-22,cart_no_purchase,7,2015-06-29,true,168,4,0.023809523809523808,real
2015-06-22,cart_no_purchase,14,2015-07-06,true,168,3,0.017857142857142856,real
2015-06-22,cart_no_purchase,30,2015-07-22,true,168,2,0.011904761904761904,real
2015-06-22,first_session_purchase,1,2015-06-23,true,89,6,0.06741573033707865,real
2015-06-22,first_session_purchase,3,2015-06-25,true,89,1,0.011235955056179775,real
2015-06-22,first_session_purchase,7,2015-06-29,true,89,1,0.011235955056179775,real
2015-06-22,first_session_purchase,14,2015-07-06,true,89,1,0.011235955056179775,real
2015-06-22,first_session_purchase,30,2015-07-22,true,89,0,0.0,real
2015-06-23,all,1,2015-06-24,true,10990,337,0.030664240218380347,real
2015-06-23,all,3,2015-06-26,true,10990,113,0.010282074613284804,real
2015-06-23,all,7,2015-06-30,true,10990,53,0.004822565969062784,real
2015-06-23,all,14,2015-07-07,true,10990,36,0.003275705186533212,real
2015-06-23,all,30,2015-07-23,true,10990,14,0.0012738853503184713,real
2015-06-23,browse_only,1,2015-06-24,true,10678,314,0.02940625585315602,real
2015-06-23,browse_only,3,2015-06-26,true,10678,105,0.009833302116501217,real
2015-06-23,browse_only,7,2015-06-30,true,10678,52,0.004869825810076793,real
2015-06-23,browse_only,14,2015-07-07,true,10678,35,0.0032777673721670723,real
2015-06-23,browse_only,30,2015-07-23,true,10678,14,0.001311106948866829,real
2015-06-23,cart_no_purchase,1,2015-06-24,true,223,19,0.08520179372197309,real
2015-06-23,cart_no_purchase,3,2015-06-26,true,223,6,0.026905829596412557,real
2015-06-23,cart_no_purchase,7,2015-06-30,true,223,1,0.004484304932735426,real
2015-06-23,cart_no_purchase,14,2015-07-07,true,223,1,0.004484304932735426,real
2015-06-23,cart_no_purchase,30,2015-07-23,true,223,0,0.0,real
2015-06-23,first_session_purchase,1,2015-06-24,true,89,4,0.0449438202247191,real
2015-06-23,first_session_purchase,3,2015-06-26,true,89,2,0.02247191011235955,real
2015-06-23,first_session_purchase,7,2015-06-30,true,89,0,0.0,real
2015-06-23,first_session_purchase,14,2015-07-07,true,89,0,0.0,real
2015-06-23,first_session_purchase,30,2015-07-23,true,89,0,0.0,real
2015-06-24,all,1,2015-06-25,true,10480,321,0.030629770992366412,real
2015-06-24,all,3,2015-06-27,true,10480,79,0.007538167938931297,real
2015-06-24,all,7,2015-07-01,true,10480,71,0.006774809160305343,real
2015-06-24,all,14,2015-07-08,true,10480,44,0.004198473282442748,real
2015-06-24,all,30,2015-07-24,true,10480,13,0.0012404580152671756,real
2015-06-24,browse_only,1,2015-06-25,true,10210,295,0.02889324191968658,real
2015-06-24,browse_only,3,2015-06-27,true,10210,75,0.007345739471106758,real
2015-06-24,browse_only,7,2015-07-01,true,10210,68,0.006660137120470127,real
2015-06-24,browse_only,14,2015-07-08,true,10210,43,0.0042115572967678745,real
2015-06-24,browse_only,30,2015-07-24,true,10210,13,0.0012732615083251714,real
2015-06-24,cart_no_purchase,1,2015-06-25,true,209,19,0.09090909090909091,real
2015-06-24,cart_no_purchase,3,2015-06-27,true,209,3,0.014354066985645933,real
2015-06-24,cart_no_purchase,7,2015-07-01,true,209,3,0.014354066985645933,real
2015-06-24,cart_no_purchase,14,2015-07-08,true,209,0,0.0,real
2015-06-24,cart_no_purchase,30,2015-07-24,true,209,0,0.0,real
2015-06-24,first_session_purchase,1,2015-06-25,true,61,7,0.11475409836065574,real
2015-06-24,first_session_purchase,3,2015-06-27,true,61,1,0.01639344262295082,real
2015-06-24,first_session_purchase,7,2015-07-01,true,61,0,0.0,real
2015-06-24,first_session_purchase,14,2015-07-08,true,61,1,0.01639344262295082,real
2015-06-24,first_session_purchase,30,2015-07-24,true,61,0,0.0,real
2015-06-25,all,1,2015-06-26,true,9873,291,0.02947432391370404,real
2015-06-25,all,3,2015-06-28,true,9873,67,0.006786184543705054,real
2015-06-25,all,7,2015-07-02,true,9873,40,0.004051453458928391,real
2015-06-25,all,14,2015-07-09,true,9873,37,0.0037475944495087613,real
2015-06-25,all,30,2015-07-25,true,9873,9,0.0009115770282588879,real
2015-06-25,browse_only,1,2015-06-26,true,9622,264,0.02743712325919767,real
2015-06-25,browse_only,3,2015-06-28,true,9622,61,0.006339638328829765,real
2015-06-25,browse_only,7,2015-07-02,true,9622,38,0.003949282893369362,real
2015-06-25,browse_only,14,2015-07-09,true,9622,36,0.003741425898981501,real
2015-06-25,browse_only,30,2015-07-25,true,9622,9,0.0009353564747453752,real
2015-06-25,cart_no_purchase,1,2015-06-26,true,181,17,0.09392265193370165,real
2015-06-25,cart_no_purchase,3,2015-06-28,true,181,4,0.022099447513812154,real
2015-06-25,cart_no_purchase,7,2015-07-02,true,181,2,0.011049723756906077,real
2015-06-25,cart_no_purchase,14,2015-07-09,true,181,1,0.0055248618784530384,real
2015-06-25,cart_no_purchase,30,2015-07-25,true,181,0,0.0,real
2015-06-25,first_session_purchase,1,2015-06-26,true,70,10,0.14285714285714285,real
2015-06-25,first_session_purchase,3,2015-06-28,true,70,2,0.02857142857142857,real
2015-06-25,first_session_purchase,7,2015-07-02,true,70,0,0.0,real
2015-06-25,first_session_purchase,14,2015-07-09,true,70,0,0.0,real
2015-06-25,first_session_purchase,30,2015-07-25,true,70,0,0.0,real
2015-06-26,all,1,2015-06-27,true,9856,176,0.017857142857142856,real
2015-06-26,all,3,2015-06-29,true,9856,117,0.011870941558441558,real
2015-06-26,all,7,2015-07-03,true,9856,49,0.004971590909090909,real
2015-06-26,all,14,2015-07-10,true,9856,20,0.002029220779220779,real
2015-06-26,all,30,2015-07-26,true,9856,15,0.0015219155844155845,real
2015-06-26,browse_only,1,2015-06-27,true,9634,164,0.01702304338800083,real
2015-06-26,browse_only,3,2015-06-29,true,9634,107,0.011106497820220053,real
2015-06-26,browse_only,7,2015-07-03,true,9634,46,0.004774756072244135,real
2015-06-26,browse_only,14,2015-07-10,true,9634,20,0.002075980900975711,real
2015-06-26,browse_only,30,2015-07-26,true,9634,15,0.0015569856757317833,real
2015-06-26,cart_no_purchase,1,2015-06-27,true,158,10,0.06329113924050633,real
2015-06-26,cart_no_purchase,3,2015-06-29,true,158,6,0.0379746835443038,real
2015-06-26,cart_no_purchase,7,2015-07-03,true,158,3,0.0189873417721519,real
2015-06-26,cart_no_purchase,14,2015-07-10,true,158,0,0.0,real
2015-06-26,cart_no_purchase,30,2015-07-26,true,158,0,0.0,real
2015-06-26,first_session_purchase,1,2015-06-27,true,64,2,0.03125,real
2015-06-26,first_session_purchase,3,2015-06-29,true,64,4,0.0625,real
2015-06-26,first_session_purchase,7,2015-07-03,true,64,0,0.0,real
2015-06-26,first_session_purchase,14,2015-07-10,true,64,0,0.0,real
2015-06-26,first_session_purchase,30,2015-07-26,true,64,0,0.0,real
2015-06-27,all,1,2015-06-28,true,7753,221,0.028505094802012125,real
2015-06-27,all,3,2015-06-30,true,7753,80,0.010318586353669548,real
2015-06-27,all,7,2015-07-04,true,7753,39,0.005030310847413904,real
2015-06-27,all,14,2015-07-11,true,7753,25,0.0032245582355217334,real
2015-06-27,all,30,2015-07-27,true,7753,16,0.0020637172707339093,real
2015-06-27,browse_only,1,2015-06-28,true,7599,207,0.027240426371891037,real
2015-06-27,browse_only,3,2015-06-30,true,7599,76,0.010001315962626661,real
2015-06-27,browse_only,7,2015-07-04,true,7599,37,0.00486906171864719,real
2015-06-27,browse_only,14,2015-07-11,true,7599,23,0.0030267140413212266,real
2015-06-27,browse_only,30,2015-07-27,true,7599,16,0.0021055402026582447,real
2015-06-27,cart_no_purchase,1,2015-06-28,true,128,10,0.078125,real
2015-06-27,cart_no_purchase,3,2015-06-30,true,128,4,0.03125,real
2015-06-27,cart_no_purchase,7,2015-07-04,true,128,1,0.0078125,real
2015-06-27,cart_no_purchase,14,2015-07-11,true,128,2,0.015625,real
2015-06-27,cart_no_purchase,30,2015-07-27,true,128,0,0.0,real
2015-06-27,first_session_purchase,1,2015-06-28,true,26,4,0.15384615384615385,real
2015-06-27,first_session_purchase,3,2015-06-30,true,26,0,0.0,real
2015-06-27,first_session_purchase,7,2015-07-04,true,26,1,0.038461538461538464,real
2015-06-27,first_session_purchase,14,2015-07-11,true,26,0,0.0,real
2015-06-27,first_session_purchase,30,2015-07-27,true,26,0,0.0,real
2015-06-28,all,1,2015-06-29,true,8663,257,0.0296663973219439,real
2015-06-28,all,3,2015-07-01,true,8663,88,0.010158143830081958,real
2015-06-28,all,7,2015-07-05,true,8663,40,0.004617338104582708,real
2015-06-28,all,14,2015-07-12,true,8663,24,0.0027704028627496247,real
2015-06-28,all,30,2015-07-28,true,8663,14,0.0016160683366039479,real
2015-06-28,browse_only,1,2015-06-29,true,8490,241,0.02838633686690224,real
2015-06-28,browse_only,3,2015-07-01,true,8490,79,0.009305064782096584,real
2015-06-28,browse_only,7,2015-07-05,true,8490,39,0.004593639575971731,real
2015-06-28,browse_only,14,2015-07-12,true,8490,23,0.0027090694935217904,real
2015-06-28,browse_only,30,2015-07-28,true,8490,14,0.0016489988221436984,real
2015-06-28,cart_no_purchase,1,2015-06-29,true,142,14,0.09859154929577464,real
2015-06-28,cart_no_purchase,3,2015-07-01,true,142,6,0.04225352112676056,real
2015-06-28,cart_no_purchase,7,2015-07-05,true,142,1,0.007042253521126761,real
2015-06-28,cart_no_purchase,14,2015-07-12,true,142,0,0.0,real
2015-06-28,cart_no_purchase,30,2015-07-28,true,142,0,0.0,real
2015-06-28,first_session_purchase,1,2015-06-29,true,31,2,0.06451612903225806,real
2015-06-28,first_session_purchase,3,2015-07-01,true,31,3,0.0967741935483871,real
2015-06-28,first_session_purchase,7,2015-07-05,true,31,0,0.0,real
2015-06-28,first_session_purchase,14,2015-07-12,true,31,1,0.03225806451612903,real
2015-06-28,first_session_purchase,30,2015-07-28,true,31,0,0.0,real
2015-06-29,all,1,2015-06-30,true,11160,328,0.02939068100358423,real
2015-06-29,all,3,2015-07-02,true,11160,116,0.01039426523297491,real
2015-06-29,all,7,2015-07-06,true,11160,74,0.006630824372759856,real
2015-06-29,all,14,2015-07-13,true,11160,36,0.0032258064516129032,real
2015-06-29,all,30,2015-07-29,true,11160,19,0.0017025089605734768,real
2015-06-29,browse_only,1,2015-06-30,true,10928,313,0.028642020497803806,real
2015-06-29,browse_only,3,2015-07-02,true,10928,110,0.01006588579795022,real
2015-06-29,browse_only,7,2015-07-06,true,10928,72,0.006588579795021962,real
2015-06-29,browse_only,14,2015-07-13,true,10928,34,0.0031112737920937043,real
2015-06-29,browse_only,30,2015-07-29,true,10928,18,0.0016471449487554905,real
2015-06-29,cart_no_purchase,1,2015-06-30,true,165,11,0.06666666666666667,real
2015-06-29,cart_no_purchase,3,2015-07-02,true,165,3,0.01818181818181818,real
2015-06-29,cart_no_purchase,7,2015-07-06,true,165,1,0.006060606060606061,real
2015-06-29,cart_no_purchase,14,2015-07-13,true,165,0,0.0,real
2015-06-29,cart_no_purchase,30,2015-07-29,true,165,1,0.006060606060606061,real
2015-06-29,first_session_purchase,1,2015-06-30,true,67,4,0.05970149253731343,real
2015-06-29,first_session_purchase,3,2015-07-02,true,67,3,0.04477611940298507,real
2015-06-29,first_session_purchase,7,2015-07-06,true,67,1,0.014925373134328358,real
2015-06-29,first_session_purchase,14,2015-07-13,true,67,2,0.029850746268656716,real
2015-06-29,first_session_purchase,30,2015-07-29,true,67,0,0.0,real
2015-06-30,all,1,2015-07-01,true,10572,331,0.03130911842603103,real
2015-06-30,all,3,2015-07-03,true,10572,102,0.009648127128263337,real
2015-06-30,all,7,2015-07-07,true,10572,68,0.006432084752175558,real
2015-06-30,all,14,2015-07-14,true,10572,37,0.0034998108210367008,real
2015-06-30,all,30,2015-07-30,true,10572,19,0.0017972001513431707,real
2015-06-30,browse_only,1,2015-07-01,true,10343,315,0.030455380450546264,real
2015-06-30,browse_only,3,2015-07-03,true,10343,95,0.009184956008894905,real
2015-06-30,browse_only,7,2015-07-07,true,10343,64,0.006187759837571304,real
2015-06-30,browse_only,14,2015-07-14,true,10343,35,0.003383931161171807,real
2015-06-30,browse_only,30,2015-07-30,true,10343,19,0.001836991201778981,real
2015-06-30,cart_no_purchase,1,2015-07-01,true,174,10,0.05747126436781609,real
2015-06-30,cart_no_purchase,3,2015-07-03,true,174,4,0.022988505747126436,real
2015-06-30,cart_no_purchase,7,2015-07-07,true,174,3,0.017241379310344827,real
2015-06-30,cart_no_purchase,14,2015-07-14,true,174,0,0.0,real
2015-06-30,cart_no_purchase,30,2015-07-30,true,174,0,0.0,real
2015-06-30,first_session_purchase,1,2015-07-01,true,55,6,0.10909090909090909,real
2015-06-30,first_session_purchase,3,2015-07-03,true,55,3,0.05454545454545454,real
2015-06-30,first_session_purchase,7,2015-07-07,true,55,1,0.01818181818181818,real
2015-06-30,first_session_purchase,14,2015-07-14,true,55,2,0.03636363636363636,real
2015-06-30,first_session_purchase,30,2015-07-30,true,55,0,0.0,real
2015-07-01,all,1,2015-07-02,true,10150,278,0.027389162561576353,real
2015-07-01,all,3,2015-07-04,true,10150,73,0.007192118226600985,real
2015-07-01,all,7,2015-07-08,true,10150,76,0.00748768472906404,real
2015-07-01,all,14,2015-07-15,true,10150,23,0.002266009852216749,real
2015-07-01,all,30,2015-07-31,true,10150,11,0.001083743842364532,real
2015-07-01,browse_only,1,2015-07-02,true,9921,267,0.026912609615966133,real
2015-07-01,browse_only,3,2015-07-04,true,9921,71,0.0071565366394516685,real
2015-07-01,browse_only,7,2015-07-08,true,9921,73,0.007358129220844673,real
2015-07-01,browse_only,14,2015-07-15,true,9921,22,0.002217518395323052,real
2015-07-01,browse_only,30,2015-07-31,true,9921,11,0.001108759197661526,real
2015-07-01,cart_no_purchase,1,2015-07-02,true,157,6,0.03821656050955414,real
2015-07-01,cart_no_purchase,3,2015-07-04,true,157,2,0.012738853503184714,real
2015-07-01,cart_no_purchase,7,2015-07-08,true,157,2,0.012738853503184714,real
2015-07-01,cart_no_purchase,14,2015-07-15,true,157,0,0.0,real
2015-07-01,cart_no_purchase,30,2015-07-31,true,157,0,0.0,real
2015-07-01,first_session_purchase,1,2015-07-02,true,72,5,0.06944444444444445,real
2015-07-01,first_session_purchase,3,2015-07-04,true,72,0,0.0,real
2015-07-01,first_session_purchase,7,2015-07-08,true,72,1,0.013888888888888888,real
2015-07-01,first_session_purchase,14,2015-07-15,true,72,1,0.013888888888888888,real
2015-07-01,first_session_purchase,30,2015-07-31,true,72,0,0.0,real
2015-07-02,all,1,2015-07-03,true,10526,279,0.026505795173855217,real
2015-07-02,all,3,2015-07-05,true,10526,71,0.006745202356070682,real
2015-07-02,all,7,2015-07-09,true,10526,58,0.005510165304959149,real
2015-07-02,all,14,2015-07-16,true,10526,17,0.0016150484514535436,real
2015-07-02,all,30,2015-08-01,true,10526,12,0.0011400342010260307,real
2015-07-02,browse_only,1,2015-07-03,true,10296,255,0.024766899766899768,real
2015-07-02,browse_only,3,2015-07-05,true,10296,67,0.006507381507381507,real
2015-07-02,browse_only,7,2015-07-09,true,10296,57,0.005536130536130536,real
2015-07-02,browse_only,14,2015-07-16,true,10296,16,0.001554001554001554,real
2015-07-02,browse_only,30,2015-08-01,true,10296,11,0.0010683760683760685,real
2015-07-02,cart_no_purchase,1,2015-07-03,true,170,20,0.11764705882352941,real
2015-07-02,cart_no_purchase,3,2015-07-05,true,170,3,0.01764705882352941,real
2015-07-02,cart_no_purchase,7,2015-07-09,true,170,0,0.0,real
2015-07-02,cart_no_purchase,14,2015-07-16,true,170,0,0.0,real
2015-07-02,cart_no_purchase,30,2015-08-01,true,170,0,0.0,real
2015-07-02,first_session_purchase,1,2015-07-03,true,60,4,0.06666666666666667,real
2015-07-02,first_session_purchase,3,2015-07-05,true,60,1,0.016666666666666666,real
2015-07-02,first_session_purchase,7,2015-07-09,true,60,1,0.016666666666666666,real
2015-07-02,first_session_purchase,14,2015-07-16,true,60,1,0.016666666666666666,real
2015-07-02,first_session_purchase,30,2015-08-01,true,60,1,0.016666666666666666,real
2015-07-03,all,1,2015-07-04,true,9939,189,0.019015997585270148,real
2015-07-03,all,3,2015-07-06,true,9939,137,0.013784082905724922,real
2015-07-03,all,7,2015-07-10,true,9939,50,0.005030687191870409,real
2015-07-03,all,14,2015-07-17,true,9939,36,0.003622094778146695,real
2015-07-03,all,30,2015-08-02,true,9939,19,0.0019116611329107556,real
2015-07-03,browse_only,1,2015-07-04,true,9745,178,0.01826577732170344,real
2015-07-03,browse_only,3,2015-07-06,true,9745,124,0.012724474089276553,real
2015-07-03,browse_only,7,2015-07-10,true,9745,47,0.0048229861467419186,real
2015-07-03,browse_only,14,2015-07-17,true,9745,33,0.0033863519753719856,real
2015-07-03,browse_only,30,2015-08-02,true,9745,18,0.0018471010774756284,real
2015-07-03,cart_no_purchase,1,2015-07-04,true,134,8,0.05970149253731343,real
2015-07-03,cart_no_purchase,3,2015-07-06,true,134,8,0.05970149253731343,real
2015-07-03,cart_no_purchase,7,2015-07-10,true,134,2,0.014925373134328358,real
2015-07-03,cart_no_purchase,14,2015-07-17,true,134,2,0.014925373134328358,real
2015-07-03,cart_no_purchase,30,2015-08-02,true,134,0,0.0,real
2015-07-03,first_session_purchase,1,2015-07-04,true,60,3,0.05,real
2015-07-03,first_session_purchase,3,2015-07-06,true,60,5,0.08333333333333333,real
2015-07-03,first_session_purchase,7,2015-07-10,true,60,1,0.016666666666666666,real
2015-07-03,first_session_purchase,14,2015-07-17,true,60,1,0.016666666666666666,real
2015-07-03,first_session_purchase,30,2015-08-02,true,60,1,0.016666666666666666,real
2015-07-04,all,1,2015-07-05,true,7969,214,0.026854059480486886,real
2015-07-04,all,3,2015-07-07,true,7969,68,0.00853306562931359,real
2015-07-04,all,7,2015-07-11,true,7969,36,0.004517505333166018,real
2015-07-04,all,14,2015-07-18,true,7969,23,0.002886183962856067,real
2015-07-04,all,30,2015-08-03,true,7969,11,0.0013803488518007278,real
2015-07-04,browse_only,1,2015-07-05,true,7808,204,0.02612704918032787,real
2015-07-04,browse_only,3,2015-07-07,true,7808,64,0.00819672131147541,real
2015-07-04,browse_only,7,2015-07-11,true,7808,34,0.004354508196721311,real
2015-07-04,browse_only,14,2015-07-18,true,7808,21,0.002689549180327869,real
2015-07-04,browse_only,30,2015-08-03,true,7808,11,0.0014088114754098361,real
2015-07-04,cart_no_purchase,1,2015-07-05,true,127,9,0.07086614173228346,real
2015-07-04,cart_no_purchase,3,2015-07-07,true,127,2,0.015748031496062992,real
2015-07-04,cart_no_purchase,7,2015-07-11,true,127,1,0.007874015748031496,real
2015-07-04,cart_no_purchase,14,2015-07-18,true,127,0,0.0,real
2015-07-04,cart_no_purchase,30,2015-08-03,true,127,0,0.0,real
2015-07-04,first_session_purchase,1,2015-07-05,true,34,1,0.029411764705882353,real
2015-07-04,first_session_purchase,3,2015-07-07,true,34,2,0.058823529411764705,real
2015-07-04,first_session_purchase,7,2015-07-11,true,34,1,0.029411764705882353,real
2015-07-04,first_session_purchase,14,2015-07-18,true,34,2,0.058823529411764705,real
2015-07-04,first_session_purchase,30,2015-08-03,true,34,0,0.0,real
2015-07-05,all,1,2015-07-06,true,7830,254,0.03243933588761175,real
2015-07-05,all,3,2015-07-08,true,7830,84,0.010727969348659003,real
2015-07-05,all,7,2015-07-12,true,7830,47,0.0060025542784163475,real
2015-07-05,all,14,2015-07-19,true,7830,18,0.0022988505747126436,real
2015-07-05,all,30,2015-08-04,true,7830,16,0.0020434227330779057,real
2015-07-05,browse_only,1,2015-07-06,true,7633,231,0.030263330276431286,real
2015-07-05,browse_only,3,2015-07-08,true,7633,80,0.010480807022140704,real
2015-07-05,browse_only,7,2015-07-12,true,7633,43,0.005633433774400629,real
2015-07-05,browse_only,14,2015-07-19,true,7633,13,0.0017031311410978646,real
2015-07-05,browse_only,30,2015-08-04,true,7633,14,0.0018341412288746233,real
2015-07-05,cart_no_purchase,1,2015-07-06,true,165,16,0.09696969696969697,real
2015-07-05,cart_no_purchase,3,2015-07-08,true,165,3,0.01818181818181818,real
2015-07-05,cart_no_purchase,7,2015-07-12,true,165,3,0.01818181818181818,real
2015-07-05,cart_no_purchase,14,2015-07-19,true,165,4,0.024242424242424242,real
2015-07-05,cart_no_purchase,30,2015-08-04,true,165,2,0.012121212121212121,real
2015-07-05,first_session_purchase,1,2015-07-06,true,32,7,0.21875,real
2015-07-05,first_session_purchase,3,2015-07-08,true,32,1,0.03125,real
2015-07-05,first_session_purchase,7,2015-07-12,true,32,1,0.03125,real
2015-07-05,first_session_purchase,14,2015-07-19,true,32,1,0.03125,real
2015-07-05,first_session_purchase,30,2015-08-04,true,32,0,0.0,real
2015-07-06,all,1,2015-07-07,true,10652,352,0.03304543747653023,real
2015-07-06,all,3,2015-07-09,true,10652,102,0.009575666541494556,real
2015-07-06,all,7,2015-07-13,true,10652,69,0.0064776567780698464,real
2015-07-06,all,14,2015-07-20,true,10652,30,0.002816372512204281,real
2015-07-06,all,30,2015-08-05,true,10652,10,0.000938790837401427,real
2015-07-06,browse_only,1,2015-07-07,true,10364,324,0.03126206098031648,real
2015-07-06,browse_only,3,2015-07-09,true,10364,97,0.009359320725588576,real
2015-07-06,browse_only,7,2015-07-13,true,10364,63,0.006078734079505982,real
2015-07-06,browse_only,14,2015-07-20,true,10364,30,0.0028946352759552296,real
2015-07-06,browse_only,30,2015-08-05,true,10364,10,0.0009648784253184099,real
2015-07-06,cart_no_purchase,1,2015-07-07,true,218,23,0.10550458715596331,real
2015-07-06,cart_no_purchase,3,2015-07-09,true,218,4,0.01834862385321101,real
2015-07-06,cart_no_purchase,7,2015-07-13,true,218,3,0.013761467889908258,real
2015-07-06,cart_no_purchase,14,2015-07-20,true,218,0,0.0,real
2015-07-06,cart_no_purchase,30,2015-08-05,true,218,0,0.0,real
2015-07-06,first_session_purchase,1,2015-07-07,true,70,5,0.07142857142857142,real
2015-07-06,first_session_purchase,3,2015-07-09,true,70,1,0.014285714285714285,real
2015-07-06,first_session_purchase,7,2015-07-13,true,70,3,0.04285714285714286,real
2015-07-06,first_session_purchase,14,2015-07-20,true,70,0,0.0,real
2015-07-06,first_session_purchase,30,2015-08-05,true,70,0,0.0,real
2015-07-07,all,1,2015-07-08,true,11461,337,0.029404065962830468,real
2015-07-07,all,3,2015-07-10,true,11461,109,0.00951051391676119,real
2015-07-07,all,7,2015-07-14,true,11461,56,0.004886135590262629,real
2015-07-07,all,14,2015-07-21,true,11461,46,0.004013611377715731,real
2015-07-07,all,30,2015-08-06,true,11461,20,0.0017450484250937964,real
2015-07-07,browse_only,1,2015-07-08,true,11161,319,0.02858166830929128,real
2015-07-07,browse_only,3,2015-07-10,true,11161,99,0.008870172923573156,real
2015-07-07,browse_only,7,2015-07-14,true,11161,50,0.004479885314935938,real
2015-07-07,browse_only,14,2015-07-21,true,11161,44,0.0039422990771436255,real
2015-07-07,browse_only,30,2015-08-06,true,11161,19,0.0017023564196756563,real
2015-07-07,cart_no_purchase,1,2015-07-08,true,237,13,0.05485232067510549,real
2015-07-07,cart_no_purchase,3,2015-07-10,true,237,8,0.03375527426160337,real
2015-07-07,cart_no_purchase,7,2015-07-14,true,237,6,0.02531645569620253,real
2015-07-07,cart_no_purchase,14,2015-07-21,true,237,2,0.008438818565400843,real
2015-07-07,cart_no_purchase,30,2015-08-06,true,237,1,0.004219409282700422,real
2015-07-07,first_session_purchase,1,2015-07-08,true,63,5,0.07936507936507936,real
2015-07-07,first_session_purchase,3,2015-07-10,true,63,2,0.031746031746031744,real
2015-07-07,first_session_purchase,7,2015-07-14,true,63,0,0.0,real
2015-07-07,first_session_purchase,14,2015-07-21,true,63,0,0.0,real
2015-07-07,first_session_purchase,30,2015-08-06,true,63,0,0.0,real
2015-07-08,all,1,2015-07-09,true,11863,364,0.030683638202815475,real
2015-07-08,all,3,2015-07-11,true,11863,76,0.006406473910477956,real
2015-07-08,all,7,2015-07-15,true,11863,72,0.00606929107308438,real
2015-07-08,all,14,2015-07-22,true,11863,31,0.0026131669898002193,real
2015-07-08,all,30,2015-08-07,true,11863,21,0.0017702098963162775,real
2015-07-08,browse_only,1,2015-07-09,true,11591,343,0.029591924769217497,real
2015-07-08,browse_only,3,2015-07-11,true,11591,69,0.005952894487102062,real
2015-07-08,browse_only,7,2015-07-15,true,11591,66,0.005694072987662842,real
2015-07-08,browse_only,14,2015-07-22,true,11591,28,0.0024156673280993873,real
2015-07-08,browse_only,30,2015-08-07,true,11591,20,0.001725476662928134,real
2015-07-08,cart_no_purchase,1,2015-07-09,true,196,14,0.07142857142857142,real
2015-07-08,cart_no_purchase,3,2015-07-11,true,196,3,0.015306122448979591,real
2015-07-08,cart_no_purchase,7,2015-07-15,true,196,6,0.030612244897959183,real
2015-07-08,cart_no_purchase,14,2015-07-22,true,196,3,0.015306122448979591,real
2015-07-08,cart_no_purchase,30,2015-08-07,true,196,0,0.0,real
2015-07-08,first_session_purchase,1,2015-07-09,true,76,7,0.09210526315789473,real
2015-07-08,first_session_purchase,3,2015-07-11,true,76,4,0.05263157894736842,real
2015-07-08,first_session_purchase,7,2015-07-15,true,76,0,0.0,real
2015-07-08,first_session_purchase,14,2015-07-22,true,76,0,0.0,real
2015-07-08,first_session_purchase,30,2015-08-07,true,76,1,0.013157894736842105,real
2015-07-09,all,1,2015-07-10,true,11704,353,0.03016062884483937,real
2015-07-09,all,3,2015-07-12,true,11704,66,0.005639097744360902,real
2015-07-09,all,7,2015-07-16,true,11704,62,0.005297334244702666,real
2015-07-09,all,14,2015-07-23,true,11704,38,0.003246753246753247,real
2015-07-09,all,30,2015-08-08,true,11704,15,0.001281613123718387,real
2015-07-09,browse_only,1,2015-07-10,true,11443,325,0.02840164292580617,real
2015-07-09,browse_only,3,2015-07-12,true,11443,61,0.005330769902997466,real
2015-07-09,browse_only,7,2015-07-16,true,11443,56,0.004893821550292755,real
2015-07-09,browse_only,14,2015-07-23,true,11443,36,0.003146028139473914,real
2015-07-09,browse_only,30,2015-08-08,true,11443,14,0.0012234553875731888,real
2015-07-09,cart_no_purchase,1,2015-07-10,true,195,19,0.09743589743589744,real
2015-07-09,cart_no_purchase,3,2015-07-12,true,195,4,0.020512820512820513,real
2015-07-09,cart_no_purchase,7,2015-07-16,true,195,3,0.015384615384615385,real
2015-07-09,cart_no_purchase,14,2015-07-23,true,195,1,0.005128205128205128,real
2015-07-09,cart_no_purchase,30,2015-08-08,true,195,1,0.005128205128205128,real
2015-07-09,first_session_purchase,1,2015-07-10,true,66,9,0.13636363636363635,real
2015-07-09,first_session_purchase,3,2015-07-12,true,66,1,0.015151515151515152,real
2015-07-09,first_session_purchase,7,2015-07-16,true,66,3,0.045454545454545456,real
2015-07-09,first_session_purchase,14,2015-07-23,true,66,1,0.015151515151515152,real
2015-07-09,first_session_purchase,30,2015-08-08,true,66,0,0.0,real
2015-07-10,all,1,2015-07-11,true,11973,219,0.018291155098972688,real
2015-07-10,all,3,2015-07-13,true,11973,119,0.009939029483003424,real
2015-07-10,all,7,2015-07-17,true,11973,44,0.0036749352710264763,real
2015-07-10,all,14,2015-07-24,true,11973,29,0.0024221164286310866,real
2015-07-10,all,30,2015-08-09,true,11973,10,0.0008352125615969264,real
2015-07-10,browse_only,1,2015-07-11,true,11742,210,0.01788451711803781,real
2015-07-10,browse_only,3,2015-07-13,true,11742,108,0.009197751660705161,real
2015-07-10,browse_only,7,2015-07-17,true,11742,41,0.003491739056378811,real
2015-07-10,browse_only,14,2015-07-24,true,11742,29,0.0024697666496337933,real
2015-07-10,browse_only,30,2015-08-09,true,11742,9,0.0007664793050587634,real
2015-07-10,cart_no_purchase,1,2015-07-11,true,176,6,0.03409090909090909,real
2015-07-10,cart_no_purchase,3,2015-07-13,true,176,9,0.05113636363636364,real
2015-07-10,cart_no_purchase,7,2015-07-17,true,176,1,0.005681818181818182,real
2015-07-10,cart_no_purchase,14,2015-07-24,true,176,0,0.0,real
2015-07-10,cart_no_purchase,30,2015-08-09,true,176,1,0.005681818181818182,real
2015-07-10,first_session_purchase,1,2015-07-11,true,55,3,0.05454545454545454,real
2015-07-10,first_session_purchase,3,2015-07-13,true,55,2,0.03636363636363636,real
2015-07-10,first_session_purchase,7,2015-07-17,true,55,2,0.03636363636363636,real
2015-07-10,first_session_purchase,14,2015-07-24,true,55,0,0.0,real
2015-07-10,first_session_purchase,30,2015-08-09,true,55,0,0.0,real
2015-07-11,all,1,2015-07-12,true,13055,220,0.01685178092684795,real
2015-07-11,all,3,2015-07-14,true,13055,63,0.00482573726541555,real
2015-07-11,all,7,2015-07-18,true,13055,44,0.00337035618536959,real
2015-07-11,all,14,2015-07-25,true,13055,26,0.001991574109536576,real
2015-07-11,all,30,2015-08-10,true,13055,8,0.0006127920337035619,real
2015-07-11,browse_only,1,2015-07-12,true,12902,207,0.016044024182297317,real
2015-07-11,browse_only,3,2015-07-14,true,12902,59,0.004572934428770733,real
2015-07-11,browse_only,7,2015-07-18,true,12902,40,0.0031002945279801583,real
2015-07-11,browse_only,14,2015-07-25,true,12902,25,0.0019376840799875989,real
2015-07-11,browse_only,30,2015-08-10,true,12902,8,0.0006200589055960316,real
2015-07-11,cart_no_purchase,1,2015-07-12,true,123,11,0.08943089430894309,real
2015-07-11,cart_no_purchase,3,2015-07-14,true,123,4,0.032520325203252036,real
2015-07-11,cart_no_purchase,7,2015-07-18,true,123,4,0.032520325203252036,real
2015-07-11,cart_no_purchase,14,2015-07-25,true,123,1,0.008130081300813009,real
2015-07-11,cart_no_purchase,30,2015-08-10,true,123,0,0.0,real
2015-07-11,first_session_purchase,1,2015-07-12,true,30,2,0.06666666666666667,real
2015-07-11,first_session_purchase,3,2015-07-14,true,30,0,0.0,real
2015-07-11,first_session_purchase,7,2015-07-18,true,30,0,0.0,real
2015-07-11,first_session_purchase,14,2015-07-25,true,30,0,0.0,real
2015-07-11,first_session_purchase,30,2015-08-10,true,30,0,0.0,real
2015-07-12,all,1,2015-07-13,true,13233,247,0.018665457568200712,real
2015-07-12,all,3,2015-07-15,true,13233,86,0.006498904254515227,real
2015-07-12,all,7,2015-07-19,true,13233,39,0.0029471775107685334,real
2015-07-12,all,14,2015-07-26,true,13233,37,0.002796040202523993,real
2015-07-12,all,30,2015-08-11,true,13233,9,0.0006801178871004307,real
2015-07-12,browse_only,1,2015-07-13,true,13052,230,0.017621820410665033,real
2015-07-12,browse_only,3,2015-07-15,true,13052,81,0.006205945448973338,real
2015-07-12,browse_only,7,2015-07-19,true,13052,38,0.0029114311982837877,real
2015-07-12,browse_only,14,2015-07-26,true,13052,35,0.002681581366840331,real
2015-07-12,browse_only,30,2015-08-11,true,13052,7,0.0005363162733680661,real
2015-07-12,cart_no_purchase,1,2015-07-13,true,143,13,0.09090909090909091,real
2015-07-12,cart_no_purchase,3,2015-07-15,true,143,4,0.027972027972027972,real
2015-07-12,cart_no_purchase,7,2015-07-19,true,143,1,0.006993006993006993,real
2015-07-12,cart_no_purchase,14,2015-07-26,true,143,2,0.013986013986013986,real
2015-07-12,cart_no_purchase,30,2015-08-11,true,143,1,0.006993006993006993,real
2015-07-12,first_session_purchase,1,2015-07-13,true,38,4,0.10526315789473684,real
2015-07-12,first_session_purchase,3,2015-07-15,true,38,1,0.02631578947368421,real
2015-07-12,first_session_purchase,7,2015-07-19,true,38,0,0.0,real
2015-07-12,first_session_purchase,14,2015-07-26,true,38,0,0.0,real
2015-07-12,first_session_purchase,30,2015-08-11,true,38,1,0.02631578947368421,real
2015-07-13,all,1,2015-07-14,true,14314,350,0.024451585859997207,real
2015-07-13,all,3,2015-07-16,true,14314,110,0.0076847841274276935,real
2015-07-13,all,7,2015-07-20,true,14314,74,0.005169763867542266,real
2015-07-13,all,14,2015-07-27,true,14314,34,0.0023752969121140144,real
2015-07-13,all,30,2015-08-12,true,14314,15,0.0010479251082855946,real
2015-07-13,browse_only,1,2015-07-14,true,14035,324,0.023085144282151762,real
2015-07-13,browse_only,3,2015-07-16,true,14035,103,0.007338795867474172,real
2015-07-13,browse_only,7,2015-07-20,true,14035,71,0.005058781617385108,real
2015-07-13,browse_only,14,2015-07-27,true,14035,33,0.002351264695404346,real
2015-07-13,browse_only,30,2015-08-12,true,14035,14,0.000997506234413965,real
2015-07-13,cart_no_purchase,1,2015-07-14,true,206,15,0.07281553398058252,real
2015-07-13,cart_no_purchase,3,2015-07-16,true,206,4,0.019417475728155338,real
2015-07-13,cart_no_purchase,7,2015-07-20,true,206,3,0.014563106796116505,real
2015-07-13,cart_no_purchase,14,2015-07-27,true,206,1,0.0048543689320388345,real
2015-07-13,cart_no_purchase,30,2015-08-12,true,206,0,0.0,real
2015-07-13,first_session_purchase,1,2015-07-14,true,73,11,0.1506849315068493,real
2015-07-13,first_session_purchase,3,2015-07-16,true,73,3,0.0410958904109589,real
2015-07-13,first_session_purchase,7,2015-07-20,true,73,0,0.0,real
2015-07-13,first_session_purchase,14,2015-07-27,true,73,0,0.0,real
2015-07-13,first_session_purchase,30,2015-08-12,true,73,1,0.0136986301369863,real
2015-07-14,all,1,2015-07-15,true,14003,342,0.024423337856173677,real
2015-07-14,all,3,2015-07-17,true,14003,86,0.0061415410983360706,real
2015-07-14,all,7,2015-07-21,true,14003,63,0.0044990359208740985,real
2015-07-14,all,14,2015-07-28,true,14003,33,0.002356637863315004,real
2015-07-14,all,30,2015-08-13,true,14003,17,0.0012140255659501536,real
2015-07-14,browse_only,1,2015-07-15,true,13741,316,0.022996870678989884,real
2015-07-14,browse_only,3,2015-07-17,true,13741,79,0.005749217669747471,real
2015-07-14,browse_only,7,2015-07-21,true,13741,59,0.004293719525507605,real
2015-07-14,browse_only,14,2015-07-28,true,13741,32,0.0023287970307837857,real
2015-07-14,browse_only,30,2015-08-13,true,13741,17,0.0012371734226038862,real
2015-07-14,cart_no_purchase,1,2015-07-15,true,202,18,0.0891089108910891,real
2015-07-14,cart_no_purchase,3,2015-07-17,true,202,6,0.0297029702970297,real
2015-07-14,cart_no_purchase,7,2015-07-21,true,202,2,0.009900990099009901,real
2015-07-14,cart_no_purchase,14,2015-07-28,true,202,0,0.0,real
2015-07-14,cart_no_purchase,30,2015-08-13,true,202,0,0.0,real
2015-07-14,first_session_purchase,1,2015-07-15,true,60,8,0.13333333333333333,real
2015-07-14,first_session_purchase,3,2015-07-17,true,60,1,0.016666666666666666,real
2015-07-14,first_session_purchase,7,2015-07-21,true,60,2,0.03333333333333333,real
2015-07-14,first_session_purchase,14,2015-07-28,true,60,1,0.016666666666666666,real
2015-07-14,first_session_purchase,30,2015-08-13,true,60,0,0.0,real
2015-07-15,all,1,2015-07-16,true,12711,329,0.025883093383683425,real
2015-07-15,all,3,2015-07-18,true,12711,77,0.006057745260011014,real
2015-07-15,all,7,2015-07-22,true,12711,72,0.005664385178192117,real
2015-07-15,all,14,2015-07-29,true,12711,32,0.0025175045236409408,real
2015-07-15,all,30,2015-08-14,true,12711,14,0.0011014082290929116,real
2015-07-15,browse_only,1,2015-07-16,true,12447,312,0.025066281031573875,real
2015-07-15,browse_only,3,2015-07-18,true,12447,67,0.005382823170241825,real
2015-07-15,browse_only,7,2015-07-22,true,12447,70,0.005623845103237728,real
2015-07-15,browse_only,14,2015-07-29,true,12447,30,0.002410219329959026,real
2015-07-15,browse_only,30,2015-08-14,true,12447,14,0.0011247690206475456,real
2015-07-15,cart_no_purchase,1,2015-07-16,true,200,10,0.05,real
2015-07-15,cart_no_purchase,3,2015-07-18,true,200,5,0.025,real
2015-07-15,cart_no_purchase,7,2015-07-22,true,200,0,0.0,real
2015-07-15,cart_no_purchase,14,2015-07-29,true,200,0,0.0,real
2015-07-15,cart_no_purchase,30,2015-08-14,true,200,0,0.0,real
2015-07-15,first_session_purchase,1,2015-07-16,true,64,7,0.109375,real
2015-07-15,first_session_purchase,3,2015-07-18,true,64,5,0.078125,real
2015-07-15,first_session_purchase,7,2015-07-22,true,64,2,0.03125,real
2015-07-15,first_session_purchase,14,2015-07-29,true,64,2,0.03125,real
2015-07-15,first_session_purchase,30,2015-08-14,true,64,0,0.0,real
2015-07-16,all,1,2015-07-17,true,10863,231,0.021264843965755315,real
2015-07-16,all,3,2015-07-19,true,10863,57,0.005247169290251312,real
2015-07-16,all,7,2015-07-23,true,10863,49,0.004510724477584461,real
2015-07-16,all,14,2015-07-30,true,10863,23,0.002117278836417196,real
2015-07-16,all,30,2015-08-15,true,10863,7,0.0006443892110834944,real
2015-07-16,browse_only,1,2015-07-17,true,10641,222,0.02086270087397801,real
2015-07-16,browse_only,3,2015-07-19,true,10641,57,0.0053566394135889485,real
2015-07-16,browse_only,7,2015-07-23,true,10641,47,0.0044168781129593085,real
2015-07-16,browse_only,14,2015-07-30,true,10641,22,0.002067474861385208,real
2015-07-16,browse_only,30,2015-08-15,true,10641,7,0.0006578329104407481,real
2015-07-16,cart_no_purchase,1,2015-07-17,true,170,8,0.047058823529411764,real
2015-07-16,cart_no_purchase,3,2015-07-19,true,170,0,0.0,real
2015-07-16,cart_no_purchase,7,2015-07-23,true,170,2,0.011764705882352941,real
2015-07-16,cart_no_purchase,14,2015-07-30,true,170,1,0.0058823529411764705,real
2015-07-16,cart_no_purchase,30,2015-08-15,true,170,0,0.0,real
2015-07-16,first_session_purchase,1,2015-07-17,true,52,1,0.019230769230769232,real
2015-07-16,first_session_purchase,3,2015-07-19,true,52,0,0.0,real
2015-07-16,first_session_purchase,7,2015-07-23,true,52,0,0.0,real
2015-07-16,first_session_purchase,14,2015-07-30,true,52,0,0.0,real
2015-07-16,first_session_purchase,30,2015-08-15,true,52,0,0.0,real
2015-07-17,all,1,2015-07-18,true,10964,191,0.017420649398029914,real
2015-07-17,all,3,2015-07-20,true,10964,127,0.011583363735862823,real
2015-07-17,all,7,2015-07-24,true,10964,54,0.004925209777453484,real
2015-07-17,all,14,2015-07-31,true,10964,27,0.002462604888726742,real
2015-07-17,all,30,2015-08-16,true,10964,7,0.0006384531192995258,real
2015-07-17,browse_only,1,2015-07-18,true,10760,182,0.01691449814126394,real
2015-07-17,browse_only,3,2015-07-20,true,10760,118,0.010966542750929368,real
2015-07-17,browse_only,7,2015-07-24,true,10760,51,0.004739776951672862,real
2015-07-17,browse_only,14,2015-07-31,true,10760,25,0.0023234200743494425,real
2015-07-17,browse_only,30,2015-08-16,true,10760,7,0.0006505576208178438,real
2015-07-17,cart_no_purchase,1,2015-07-18,true,160,7,0.04375,real
2015-07-17,cart_no_purchase,3,2015-07-20,true,160,7,0.04375,real
2015-07-17,cart_no_purchase,7,2015-07-24,true,160,3,0.01875,real
2015-07-17,cart_no_purchase,14,2015-07-31,true,160,1,0.00625,real
2015-07-17,cart_no_purchase,30,2015-08-16,true,160,0,0.0,real
2015-07-17,first_session_purchase,1,2015-07-18,true,44,2,0.045454545454545456,real
2015-07-17,first_session_purchase,3,2015-07-20,true,44,2,0.045454545454545456,real
2015-07-17,first_session_purchase,7,2015-07-24,true,44,0,0.0,real
2015-07-17,first_session_purchase,14,2015-07-31,true,44,1,0.022727272727272728,real
2015-07-17,first_session_purchase,30,2015-08-16,true,44,0,0.0,real
2015-07-18,all,1,2015-07-19,true,8615,197,0.022867092280905398,real
2015-07-18,all,3,2015-07-21,true,8615,92,0.010679048171793383,real
2015-07-18,all,7,2015-07-25,true,8615,48,0.005571677307022635,real
2015-07-18,all,14,2015-08-01,true,8615,21,0.0024376088218224026,real
2015-07-18,all,30,2015-08-17,true,8615,11,0.0012768427161926872,real
2015-07-18,browse_only,1,2015-07-19,true,8451,188,0.022245888060584546,real
2015-07-18,browse_only,3,2015-07-21,true,8451,87,0.010294639687610933,real
2015-07-18,browse_only,7,2015-07-25,true,8451,46,0.005443142823334517,real
2015-07-18,browse_only,14,2015-08-01,true,8451,18,0.002129925452609159,real
2015-07-18,browse_only,30,2015-08-17,true,8451,10,0.0011832919181161993,real
2015-07-18,cart_no_purchase,1,2015-07-19,true,131,6,0.04580152671755725,real
2015-07-18,cart_no_purchase,3,2015-07-21,true,131,4,0.030534351145038167,real
2015-07-18,cart_no_purchase,7,2015-07-25,true,131,1,0.007633587786259542,real
2015-07-18,cart_no_purchase,14,2015-08-01,true,131,3,0.022900763358778626,real
2015-07-18,cart_no_purchase,30,2015-08-17,true,131,1,0.007633587786259542,real
2015-07-18,first_session_purchase,1,2015-07-19,true,33,3,0.09090909090909091,real
2015-07-18,first_session_purchase,3,2015-07-21,true,33,1,0.030303030303030304,real
2015-07-18,first_session_purchase,7,2015-07-25,true,33,1,0.030303030303030304,real
2015-07-18,first_session_purchase,14,2015-08-01,true,33,0,0.0,real
2015-07-18,first_session_purchase,30,2015-08-17,true,33,0,0.0,real
2015-07-19,all,1,2015-07-20,true,9091,247,0.027169728302716974,real
2015-07-19,all,3,2015-07-22,true,9091,83,0.009129908700912992,real
2015-07-19,all,7,2015-07-26,true,9091,55,0.006049939500604994,real
2015-07-19,all,14,2015-08-02,true,9091,16,0.0017599824001759982,real
2015-07-19,all,30,2015-08-18,true,9091,13,0.0014299857001429986,real
2015-07-19,browse_only,1,2015-07-20,true,8913,233,0.026141590934589926,real
2015-07-19,browse_only,3,2015-07-22,true,8913,74,0.008302479524290363,real
2015-07-19,browse_only,7,2015-07-26,true,8913,51,0.00572197913160552,real
2015-07-19,browse_only,14,2015-08-02,true,8913,15,0.001682935038707506,real
2015-07-19,browse_only,30,2015-08-18,true,8913,13,0.0014585437002131718,real
2015-07-19,cart_no_purchase,1,2015-07-20,true,138,8,0.057971014492753624,real
2015-07-19,cart_no_purchase,3,2015-07-22,true,138,5,0.036231884057971016,real
2015-07-19,cart_no_purchase,7,2015-07-26,true,138,2,0.014492753623188406,real
2015-07-19,cart_no_purchase,14,2015-08-02,true,138,1,0.007246376811594203,real
2015-07-19,cart_no_purchase,30,2015-08-18,true,138,0,0.0,real
2015-07-19,first_session_purchase,1,2015-07-20,true,40,6,0.15,real
2015-07-19,first_session_purchase,3,2015-07-22,true,40,4,0.1,real
2015-07-19,first_session_purchase,7,2015-07-26,true,40,2,0.05,real
2015-07-19,first_session_purchase,14,2015-08-02,true,40,0,0.0,real
2015-07-19,first_session_purchase,30,2015-08-18,true,40,0,0.0,real
2015-07-20,all,1,2015-07-21,true,13022,358,0.027491936722469665,real
2015-07-20,all,3,2015-07-23,true,13022,125,0.009599139917063432,real
2015-07-20,all,7,2015-07-27,true,13022,71,0.005452311472892029,real
2015-07-20,all,14,2015-08-03,true,13022,36,0.002764552296114268,real
2015-07-20,all,30,2015-08-19,true,13022,22,0.0016894486254031638,real
2015-07-20,browse_only,1,2015-07-21,true,12727,335,0.026321992614127446,real
2015-07-20,browse_only,3,2015-07-23,true,12727,113,0.008878761687750451,real
2015-07-20,browse_only,7,2015-07-27,true,12727,66,0.005185825410544511,real
2015-07-20,browse_only,14,2015-08-03,true,12727,34,0.0026714858175532334,real
2015-07-20,browse_only,30,2015-08-19,true,12727,22,0.001728608470181504,real
2015-07-20,cart_no_purchase,1,2015-07-21,true,208,14,0.0673076923076923,real
2015-07-20,cart_no_purchase,3,2015-07-23,true,208,9,0.04326923076923077,real
2015-07-20,cart_no_purchase,7,2015-07-27,true,208,4,0.019230769230769232,real
2015-07-20,cart_no_purchase,14,2015-08-03,true,208,1,0.004807692307692308,real
2015-07-20,cart_no_purchase,30,2015-08-19,true,208,0,0.0,real
2015-07-20,first_session_purchase,1,2015-07-21,true,87,9,0.10344827586206896,real
2015-07-20,first_session_purchase,3,2015-07-23,true,87,3,0.034482758620689655,real
2015-07-20,first_session_purchase,7,2015-07-27,true,87,1,0.011494252873563218,real
2015-07-20,first_session_purchase,14,2015-08-03,true,87,1,0.011494252873563218,real
2015-07-20,first_session_purchase,30,2015-08-19,true,87,0,0.0,real
2015-07-21,all,1,2015-07-22,true,11858,348,0.029347276100522852,real
2015-07-21,all,3,2015-07-24,true,11858,117,0.009866756620003372,real
2015-07-21,all,7,2015-07-28,true,11858,66,0.0055658627087198514,real
2015-07-21,all,14,2015-08-04,true,11858,36,0.0030359251138471917,real
2015-07-21,all,30,2015-08-20,true,11858,15,0.0012649687974363299,real
2015-07-21,browse_only,1,2015-07-22,true,11571,321,0.02774176821363754,real
2015-07-21,browse_only,3,2015-07-24,true,11571,110,0.00950652493302221,real
2015-07-21,browse_only,7,2015-07-28,true,11571,61,0.005271800190130498,real
2015-07-21,browse_only,14,2015-08-04,true,11571,31,0.002679111572033532,real
2015-07-21,browse_only,30,2015-08-20,true,11571,14,0.0012099213551119178,real
2015-07-21,cart_no_purchase,1,2015-07-22,true,211,17,0.08056872037914692,real
2015-07-21,cart_no_purchase,3,2015-07-24,true,211,5,0.023696682464454975,real
2015-07-21,cart_no_purchase,7,2015-07-28,true,211,4,0.018957345971563982,real
2015-07-21,cart_no_purchase,14,2015-08-04,true,211,3,0.014218009478672985,real
2015-07-21,cart_no_purchase,30,2015-08-20,true,211,1,0.004739336492890996,real
2015-07-21,first_session_purchase,1,2015-07-22,true,76,10,0.13157894736842105,real
2015-07-21,first_session_purchase,3,2015-07-24,true,76,2,0.02631578947368421,real
2015-07-21,first_session_purchase,7,2015-07-28,true,76,1,0.013157894736842105,real
2015-07-21,first_session_purchase,14,2015-08-04,true,76,2,0.02631578947368421,real
2015-07-21,first_session_purchase,30,2015-08-20,true,76,0,0.0,real
2015-07-22,all,1,2015-07-23,true,11053,341,0.03085135257396182,real
2015-07-22,all,3,2015-07-25,true,11053,87,0.007871166199221931,real
2015-07-22,all,7,2015-07-29,true,11053,44,0.003980819686962816,real
2015-07-22,all,14,2015-08-05,true,11053,34,0.003076087939925812,real
2015-07-22,all,30,2015-08-21,true,11053,11,0.000995204921740704,real
2015-07-22,browse_only,1,2015-07-23,true,10758,321,0.029838259899609594,real
2015-07-22,browse_only,3,2015-07-25,true,10758,77,0.007157464212678937,real
2015-07-22,browse_only,7,2015-07-29,true,10758,40,0.0037181632273656814,real
2015-07-22,browse_only,14,2015-08-05,true,10758,32,0.002974530581892545,real
2015-07-22,browse_only,30,2015-08-21,true,10758,9,0.0008365867261572784,real
2015-07-22,cart_no_purchase,1,2015-07-23,true,212,14,0.0660377358490566,real
2015-07-22,cart_no_purchase,3,2015-07-25,true,212,8,0.03773584905660377,real
2015-07-22,cart_no_purchase,7,2015-07-29,true,212,3,0.014150943396226415,real
2015-07-22,cart_no_purchase,14,2015-08-05,true,212,2,0.009433962264150943,real
2015-07-22,cart_no_purchase,30,2015-08-21,true,212,2,0.009433962264150943,real
2015-07-22,first_session_purchase,1,2015-07-23,true,83,6,0.07228915662650602,real
2015-07-22,first_session_purchase,3,2015-07-25,true,83,2,0.024096385542168676,real
2015-07-22,first_session_purchase,7,2015-07-29,true,83,1,0.012048192771084338,real
2015-07-22,first_session_purchase,14,2015-08-05,true,83,0,0.0,real
2015-07-22,first_session_purchase,30,2015-08-21,true,83,0,0.0,real
2015-07-23,all,1,2015-07-24,true,10831,305,0.028159911365524884,real
2015-07-23,all,3,2015-07-26,true,10831,71,0.006555258055581202,real
2015-07-23,all,7,2015-07-30,true,10831,52,0.004801034068876373,real
2015-07-23,all,14,2015-08-06,true,10831,24,0.0022158618779429414,real
2015-07-23,all,30,2015-08-22,true,10831,19,0.0017542239867048288,real
2015-07-23,browse_only,1,2015-07-24,true,10541,289,0.02741675362868798,real
2015-07-23,browse_only,3,2015-07-26,true,10541,67,0.006356133194194099,real
2015-07-23,browse_only,7,2015-07-30,true,10541,47,0.004458780001897353,real
2015-07-23,browse_only,14,2015-08-06,true,10541,23,0.002181956171141258,real
2015-07-23,browse_only,30,2015-08-22,true,10541,19,0.0018024855326819087,real
2015-07-23,cart_no_purchase,1,2015-07-24,true,218,6,0.027522935779816515,real
2015-07-23,cart_no_purchase,3,2015-07-26,true,218,3,0.013761467889908258,real
2015-07-23,cart_no_purchase,7,2015-07-30,true,218,0,0.0,real
2015-07-23,cart_no_purchase,14,2015-08-06,true,218,1,0.0045871559633027525,real
2015-07-23,cart_no_purchase,30,2015-08-22,true,218,0,0.0,real
2015-07-23,first_session_purchase,1,2015-07-24,true,72,10,0.1388888888888889,real
2015-07-23,first_session_purchase,3,2015-07-26,true,72,1,0.013888888888888888,real
2015-07-23,first_session_purchase,7,2015-07-30,true,72,5,0.06944444444444445,real
2015-07-23,first_session_purchase,14,2015-08-06,true,72,0,0.0,real
2015-07-23,first_session_purchase,30,2015-08-22,true,72,0,0.0,real
2015-07-24,all,1,2015-07-25,true,12409,210,0.016923200902570715,real
2015-07-24,all,3,2015-07-27,true,12409,127,0.01023450721250705,real
2015-07-24,all,7,2015-07-31,true,12409,45,0.00362640019340801,real
2015-07-24,all,14,2015-08-07,true,12409,39,0.0031428801676202755,real
2015-07-24,all,30,2015-08-23,true,12409,7,0.0005641066967523572,real
2015-07-24,browse_only,1,2015-07-25,true,12215,204,0.016700777732296355,real
2015-07-24,browse_only,3,2015-07-27,true,12215,120,0.009823986901350798,real
2015-07-24,browse_only,7,2015-07-31,true,12215,42,0.0034383954154727794,real
2015-07-24,browse_only,14,2015-08-07,true,12215,36,0.0029471960704052394,real
2015-07-24,browse_only,30,2015-08-23,true,12215,7,0.0005730659025787965,real
2015-07-24,cart_no_purchase,1,2015-07-25,true,163,5,0.03067484662576687,real
2015-07-24,cart_no_purchase,3,2015-07-27,true,163,5,0.03067484662576687,real
2015-07-24,cart_no_purchase,7,2015-07-31,true,163,0,0.0,real
2015-07-24,cart_no_purchase,14,2015-08-07,true,163,1,0.006134969325153374,real
2015-07-24,cart_no_purchase,30,2015-08-23,true,163,0,0.0,real
2015-07-24,first_session_purchase,1,2015-07-25,true,31,1,0.03225806451612903,real
2015-07-24,first_session_purchase,3,2015-07-27,true,31,2,0.06451612903225806,real
2015-07-24,first_session_purchase,7,2015-07-31,true,31,3,0.0967741935483871,real
2015-07-24,first_session_purchase,14,2015-08-07,true,31,2,0.06451612903225806,real
2015-07-24,first_session_purchase,30,2015-08-23,true,31,0,0.0,real
2015-07-25,all,1,2015-07-26,true,13832,532,0.038461538461538464,real
2015-07-25,all,3,2015-07-28,true,13832,98,0.00708502024291498,real
2015-07-25,all,7,2015-08-01,true,13832,54,0.003903990746096009,real
2015-07-25,all,14,2015-08-08,true,13832,28,0.0020242914979757085,real
2015-07-25,all,30,2015-08-24,true,13832,25,0.001807403123192597,real
2015-07-25,browse_only,1,2015-07-26,true,13649,522,0.03824456004102865,real
2015-07-25,browse_only,3,2015-07-28,true,13649,97,0.007106747747087699,real
2015-07-25,browse_only,7,2015-08-01,true,13649,53,0.0038830683566561655,real
2015-07-25,browse_only,14,2015-08-08,true,13649,28,0.002051432339365521,real
2015-07-25,browse_only,30,2015-08-24,true,13649,25,0.001831636017290644,real
2015-07-25,cart_no_purchase,1,2015-07-26,true,147,10,0.06802721088435375,real
2015-07-25,cart_no_purchase,3,2015-07-28,true,147,1,0.006802721088435374,real
2015-07-25,cart_no_purchase,7,2015-08-01,true,147,1,0.006802721088435374,real
2015-07-25,cart_no_purchase,14,2015-08-08,true,147,0,0.0,real
2015-07-25,cart_no_purchase,30,2015-08-24,true,147,0,0.0,real
2015-07-25,first_session_purchase,1,2015-07-26,true,36,0,0.0,real
2015-07-25,first_session_purchase,3,2015-07-28,true,36,0,0.0,real
2015-07-25,first_session_purchase,7,2015-08-01,true,36,0,0.0,real
2015-07-25,first_session_purchase,14,2015-08-08,true,36,0,0.0,real
2015-07-25,first_session_purchase,30,2015-08-24,true,36,0,0.0,real
2015-07-26,all,1,2015-07-27,true,15254,568,0.037236134784318864,real
2015-07-26,all,3,2015-07-29,true,15254,95,0.006227874655827979,real
2015-07-26,all,7,2015-08-02,true,15254,56,0.0036711682181722826,real
2015-07-26,all,14,2015-08-09,true,15254,23,0.001507801232463616,real
2015-07-26,all,30,2015-08-25,true,15254,16,0.0010489052051920807,real
2015-07-26,browse_only,1,2015-07-27,true,15054,556,0.03693370532748771,real
2015-07-26,browse_only,3,2015-07-29,true,15054,92,0.006111332536203003,real
2015-07-26,browse_only,7,2015-08-02,true,15054,53,0.003520658961073469,real
2015-07-26,browse_only,14,2015-08-09,true,15054,23,0.0015278331340507507,real
2015-07-26,browse_only,30,2015-08-25,true,15054,16,0.001062840441078783,real
2015-07-26,cart_no_purchase,1,2015-07-27,true,159,10,0.06289308176100629,real
2015-07-26,cart_no_purchase,3,2015-07-29,true,159,3,0.018867924528301886,real
2015-07-26,cart_no_purchase,7,2015-08-02,true,159,3,0.018867924528301886,real
2015-07-26,cart_no_purchase,14,2015-08-09,true,159,0,0.0,real
2015-07-26,cart_no_purchase,30,2015-08-25,true,159,0,0.0,real
2015-07-26,first_session_purchase,1,2015-07-27,true,41,2,0.04878048780487805,real
2015-07-26,first_session_purchase,3,2015-07-29,true,41,0,0.0,real
2015-07-26,first_session_purchase,7,2015-08-02,true,41,0,0.0,real
2015-07-26,first_session_purchase,14,2015-08-09,true,41,0,0.0,real
2015-07-26,first_session_purchase,30,2015-08-25,true,41,0,0.0,real
2015-07-27,all,1,2015-07-28,true,13304,390,0.02931449188214071,real
2015-07-27,all,3,2015-07-30,true,13304,112,0.00841852074564041,real
2015-07-27,all,7,2015-08-03,true,13304,84,0.006313890559230307,real
2015-07-27,all,14,2015-08-10,true,13304,33,0.0024804570054119063,real
2015-07-27,all,30,2015-08-26,true,13304,23,0.0017288033674082983,real
2015-07-27,browse_only,1,2015-07-28,true,13015,358,0.027506723011909335,real
2015-07-27,browse_only,3,2015-07-30,true,13015,102,0.007837111025739531,real
2015-07-27,browse_only,7,2015-08-03,true,13015,79,0.006069919323857088,real
2015-07-27,browse_only,14,2015-08-10,true,13015,31,0.0023818670764502495,real
2015-07-27,browse_only,30,2015-08-26,true,13015,21,0.0016135228582404917,real
2015-07-27,cart_no_purchase,1,2015-07-28,true,205,23,0.11219512195121951,real
2015-07-27,cart_no_purchase,3,2015-07-30,true,205,6,0.02926829268292683,real
2015-07-27,cart_no_purchase,7,2015-08-03,true,205,4,0.01951219512195122,real
2015-07-27,cart_no_purchase,14,2015-08-10,true,205,1,0.004878048780487805,real
2015-07-27,cart_no_purchase,30,2015-08-26,true,205,2,0.00975609756097561,real
2015-07-27,first_session_purchase,1,2015-07-28,true,84,9,0.10714285714285714,real
2015-07-27,first_session_purchase,3,2015-07-30,true,84,4,0.047619047619047616,real
2015-07-27,first_session_purchase,7,2015-08-03,true,84,1,0.011904761904761904,real
2015-07-27,first_session_purchase,14,2015-08-10,true,84,1,0.011904761904761904,real
2015-07-27,first_session_purchase,30,2015-08-26,true,84,0,0.0,real
2015-07-28,all,1,2015-07-29,true,10892,323,0.029654792508262945,real
2015-07-28,all,3,2015-07-31,true,10892,98,0.008997429305912597,real
2015-07-28,all,7,2015-08-04,true,10892,49,0.004498714652956298,real
2015-07-28,all,14,2015-08-11,true,10892,25,0.0022952625780389277,real
2015-07-28,all,30,2015-08-27,true,10892,19,0.001744399559309585,real
2015-07-28,browse_only,1,2015-07-29,true,10612,299,0.028175650207312476,real
2015-07-28,browse_only,3,2015-07-31,true,10612,85,0.008009800226159065,real
2015-07-28,browse_only,7,2015-08-04,true,10612,41,0.0038635506973237845,real
2015-07-28,browse_only,14,2015-08-11,true,10612,23,0.002167357708254806,real
2015-07-28,browse_only,30,2015-08-27,true,10612,18,0.0016961929890689784,real
2015-07-28,cart_no_purchase,1,2015-07-29,true,192,18,0.09375,real
2015-07-28,cart_no_purchase,3,2015-07-31,true,192,7,0.036458333333333336,real
2015-07-28,cart_no_purchase,7,2015-08-04,true,192,7,0.036458333333333336,real
2015-07-28,cart_no_purchase,14,2015-08-11,true,192,2,0.010416666666666666,real
2015-07-28,cart_no_purchase,30,2015-08-27,true,192,1,0.005208333333333333,real
2015-07-28,first_session_purchase,1,2015-07-29,true,88,6,0.06818181818181818,real
2015-07-28,first_session_purchase,3,2015-07-31,true,88,6,0.06818181818181818,real
2015-07-28,first_session_purchase,7,2015-08-04,true,88,1,0.011363636363636364,real
2015-07-28,first_session_purchase,14,2015-08-11,true,88,0,0.0,real
2015-07-28,first_session_purchase,30,2015-08-27,true,88,0,0.0,real
2015-07-29,all,1,2015-07-30,true,11937,304,0.02546703526849292,real
2015-07-29,all,3,2015-08-01,true,11937,65,0.005445254251486974,real
2015-07-29,all,7,2015-08-05,true,11937,47,0.003937337689536734,real
2015-07-29,all,14,2015-08-12,true,11937,33,0.002764513696908771,real
2015-07-29,all,30,2015-08-28,true,11937,11,0.000921504565636257,real
2015-07-29,browse_only,1,2015-07-30,true,11664,278,0.023834019204389576,real
2015-07-29,browse_only,3,2015-08-01,true,11664,64,0.0054869684499314125,real
2015-07-29,browse_only,7,2015-08-05,true,11664,42,0.00360082304526749,real
2015-07-29,browse_only,14,2015-08-12,true,11664,30,0.00257201646090535,real
2015-07-29,browse_only,30,2015-08-28,true,11664,11,0.0009430727023319616,real
2015-07-29,cart_no_purchase,1,2015-07-30,true,203,17,0.08374384236453201,real
2015-07-29,cart_no_purchase,3,2015-08-01,true,203,1,0.0049261083743842365,real
2015-07-29,cart_no_purchase,7,2015-08-05,true,203,4,0.019704433497536946,real
2015-07-29,cart_no_purchase,14,2015-08-12,true,203,2,0.009852216748768473,real
2015-07-29,cart_no_purchase,30,2015-08-28,true,203,0,0.0,real
2015-07-29,first_session_purchase,1,2015-07-30,true,70,9,0.12857142857142856,real
2015-07-29,first_session_purchase,3,2015-08-01,true,70,0,0.0,real
2015-07-29,first_session_purchase,7,2015-08-05,true,70,1,0.014285714285714285,real
2015-07-29,first_session_purchase,14,2015-08-12,true,70,1,0.014285714285714285,real
2015-07-29,first_session_purchase,30,2015-08-28,true,70,0,0.0,real
2015-07-30,all,1,2015-07-31,true,10618,265,0.024957619137313994,real
2015-07-30,all,3,2015-08-02,true,10618,56,0.005274062912036165,real
2015-07-30,all,7,2015-08-06,true,10618,57,0.005368242606893954,real
2015-07-30,all,14,2015-08-13,true,10618,22,0.0020719532868713505,real
2015-07-30,all,30,2015-08-29,true,10618,12,0.001130156338293464,real
2015-07-30,browse_only,1,2015-07-31,true,10382,249,0.023983818146792527,real
2015-07-30,browse_only,3,2015-08-02,true,10382,54,0.005201309959545367,real
2015-07-30,browse_only,7,2015-08-06,true,10382,55,0.005297630514351763,real
2015-07-30,browse_only,14,2015-08-13,true,10382,22,0.002119052205740705,real
2015-07-30,browse_only,30,2015-08-29,true,10382,9,0.0008668849932575612,real
2015-07-30,cart_no_purchase,1,2015-07-31,true,180,12,0.06666666666666667,real
2015-07-30,cart_no_purchase,3,2015-08-02,true,180,2,0.011111111111111112,real
2015-07-30,cart_no_purchase,7,2015-08-06,true,180,1,0.005555555555555556,real
2015-07-30,cart_no_purchase,14,2015-08-13,true,180,0,0.0,real
2015-07-30,cart_no_purchase,30,2015-08-29,true,180,2,0.011111111111111112,real
2015-07-30,first_session_purchase,1,2015-07-31,true,56,4,0.07142857142857142,real
2015-07-30,first_session_purchase,3,2015-08-02,true,56,0,0.0,real
2015-07-30,first_session_purchase,7,2015-08-06,true,56,1,0.017857142857142856,real
2015-07-30,first_session_purchase,14,2015-08-13,true,56,0,0.0,real
2015-07-30,first_session_purchase,30,2015-08-29,true,56,1,0.017857142857142856,real
2015-07-31,all,1,2015-08-01,true,9831,227,0.023090224799104872,real
2015-07-31,all,3,2015-08-03,true,9831,103,0.010477062353778863,real
2015-07-31,all,7,2015-08-07,true,9831,44,0.004475638287051165,real
2015-07-31,all,14,2015-08-14,true,9831,26,0.0026446953514393245,real
2015-07-31,all,30,2015-08-30,true,9831,11,0.0011189095717627912,real
2015-07-31,browse_only,1,2015-08-01,true,9623,214,0.022238387197339705,real
2015-07-31,browse_only,3,2015-08-03,true,9623,96,0.009976098929647719,real
2015-07-31,browse_only,7,2015-08-07,true,9623,41,0.004260625584537047,real
2015-07-31,browse_only,14,2015-08-14,true,9623,24,0.0024940247324119298,real
2015-07-31,browse_only,30,2015-08-30,true,9623,11,0.0011430946690221344,real
2015-07-31,cart_no_purchase,1,2015-08-01,true,163,9,0.05521472392638037,real
2015-07-31,cart_no_purchase,3,2015-08-03,true,163,6,0.03680981595092025,real
2015-07-31,cart_no_purchase,7,2015-08-07,true,163,3,0.018404907975460124,real
2015-07-31,cart_no_purchase,14,2015-08-14,true,163,2,0.012269938650306749,real
2015-07-31,cart_no_purchase,30,2015-08-30,true,163,0,0.0,real
2015-07-31,first_session_purchase,1,2015-08-01,true,45,4,0.08888888888888889,real
2015-07-31,first_session_purchase,3,2015-08-03,true,45,1,0.022222222222222223,real
2015-07-31,first_session_purchase,7,2015-08-07,true,45,0,0.0,real
2015-07-31,first_session_purchase,14,2015-08-14,true,45,0,0.0,real
2015-07-31,first_session_purchase,30,2015-08-30,true,45,0,0.0,real
2015-08-01,all,1,2015-08-02,true,8451,206,0.024375813513193706,real
2015-08-01,all,3,2015-08-04,true,8451,64,0.0075730682759436755,real
2015-08-01,all,7,2015-08-08,true,8451,27,0.003194888178913738,real
2015-08-01,all,14,2015-08-15,true,8451,17,0.0020115962607975386,real
2015-08-01,all,30,2015-08-31,true,8451,8,0.0009466335344929594,real
2015-08-01,browse_only,1,2015-08-02,true,8279,196,0.023674356806377583,real
2015-08-01,browse_only,3,2015-08-04,true,8279,61,0.007368039618311391,real
2015-08-01,browse_only,7,2015-08-08,true,8279,26,0.003140475902886822,real
2015-08-01,browse_only,14,2015-08-15,true,8279,16,0.0019326005556226597,real
2015-08-01,browse_only,30,2015-08-31,true,8279,8,0.0009663002778113298,real
2015-08-01,cart_no_purchase,1,2015-08-02,true,140,7,0.05,real
2015-08-01,cart_no_purchase,3,2015-08-04,true,140,3,0.02142857142857143,real
2015-08-01,cart_no_purchase,7,2015-08-08,true,140,1,0.007142857142857143,real
2015-08-01,cart_no_purchase,14,2015-08-15,true,140,1,0.007142857142857143,real
2015-08-01,cart_no_purchase,30,2015-08-31,true,140,0,0.0,real
2015-08-01,first_session_purchase,1,2015-08-02,true,32,3,0.09375,real
2015-08-01,first_session_purchase,3,2015-08-04,true,32,0,0.0,real
2015-08-01,first_session_purchase,7,2015-08-08,true,32,0,0.0,real
2015-08-01,first_session_purchase,14,2015-08-15,true,32,0,0.0,real
2015-08-01,first_session_purchase,30,2015-08-31,true,32,0,0.0,real
2015-08-02,all,1,2015-08-03,true,8157,175,0.021453965918842712,real
2015-08-02,all,3,2015-08-05,true,8157,71,0.0087041804585019,real
2015-08-02,all,7,2015-08-09,true,8157,30,0.003677822728944465,real
2015-08-02,all,14,2015-08-16,true,8157,16,0.001961505455437048,real
2015-08-02,all,30,2015-09-01,true,8157,3,0.0003677822728944465,real
2015-08-02,browse_only,1,2015-08-03,true,7975,162,0.020313479623824453,real
2015-08-02,browse_only,3,2015-08-05,true,7975,69,0.00865203761755486,real
2015-08-02,browse_only,7,2015-08-09,true,7975,28,0.0035109717868338558,real
2015-08-02,browse_only,14,2015-08-16,true,7975,15,0.0018808777429467085,real
2015-08-02,browse_only,30,2015-09-01,true,7975,3,0.0003761755485893417,real
2015-08-02,cart_no_purchase,1,2015-08-03,true,138,8,0.057971014492753624,real
2015-08-02,cart_no_purchase,3,2015-08-05,true,138,1,0.007246376811594203,real
2015-08-02,cart_no_purchase,7,2015-08-09,true,138,2,0.014492753623188406,real
2015-08-02,cart_no_purchase,14,2015-08-16,true,138,0,0.0,real
2015-08-02,cart_no_purchase,30,2015-09-01,true,138,0,0.0,real
2015-08-02,first_session_purchase,1,2015-08-03,true,44,5,0.11363636363636363,real
2015-08-02,first_session_purchase,3,2015-08-05,true,44,1,0.022727272727272728,real
2015-08-02,first_session_purchase,7,2015-08-09,true,44,0,0.0,real
2015-08-02,first_session_purchase,14,2015-08-16,true,44,1,0.022727272727272728,real
2015-08-02,first_session_purchase,30,2015-09-01,true,44,0,0.0,real
2015-08-03,all,1,2015-08-04,true,10973,317,0.0288890914061788,real
2015-08-03,all,3,2015-08-06,true,10973,94,0.008566481363346395,real
2015-08-03,all,7,2015-08-10,true,10973,74,0.006743825754123758,real
2015-08-03,all,14,2015-08-17,true,10973,25,0.0022783195115282967,real
2015-08-03,all,30,2015-09-02,true,10973,19,0.0017315228287615055,real
2015-08-03,browse_only,1,2015-08-04,true,10705,287,0.026809901914992995,real
2015-08-03,browse_only,3,2015-08-06,true,10705,86,0.008033629145259225,real
2015-08-03,browse_only,7,2015-08-10,true,10705,66,0.006165343297524521,real
2015-08-03,browse_only,14,2015-08-17,true,10705,25,0.002335357309668379,real
2015-08-03,browse_only,30,2015-09-02,true,10705,18,0.001681457262961233,real
2015-08-03,cart_no_purchase,1,2015-08-04,true,198,18,0.09090909090909091,real
2015-08-03,cart_no_purchase,3,2015-08-06,true,198,6,0.030303030303030304,real
2015-08-03,cart_no_purchase,7,2015-08-10,true,198,4,0.020202020202020204,real
2015-08-03,cart_no_purchase,14,2015-08-17,true,198,0,0.0,real
2015-08-03,cart_no_purchase,30,2015-09-02,true,198,1,0.005050505050505051,real
2015-08-03,first_session_purchase,1,2015-08-04,true,70,12,0.17142857142857143,real
2015-08-03,first_session_purchase,3,2015-08-06,true,70,2,0.02857142857142857,real
2015-08-03,first_session_purchase,7,2015-08-10,true,70,4,0.05714285714285714,real
2015-08-03,first_session_purchase,14,2015-08-17,true,70,0,0.0,real
2015-08-03,first_session_purchase,30,2015-09-02,true,70,0,0.0,real
2015-08-04,all,1,2015-08-05,true,10592,286,0.027001510574018128,real
2015-08-04,all,3,2015-08-07,true,10592,80,0.0075528700906344415,real
2015-08-04,all,7,2015-08-11,true,10592,46,0.004342900302114804,real
2015-08-04,all,14,2015-08-18,true,10592,34,0.0032099697885196376,real
2015-08-04,all,30,2015-09-03,true,10592,14,0.0013217522658610272,real
2015-08-04,browse_only,1,2015-08-05,true,10357,263,0.025393453702809692,real
2015-08-04,browse_only,3,2015-08-07,true,10357,73,0.007048373081008014,real
2015-08-04,browse_only,7,2015-08-11,true,10357,41,0.003958675292072994,real
2015-08-04,browse_only,14,2015-08-18,true,10357,32,0.00308969778893502,real
2015-08-04,browse_only,30,2015-09-03,true,10357,13,0.0012551897267548517,real
2015-08-04,cart_no_purchase,1,2015-08-05,true,163,13,0.07975460122699386,real
2015-08-04,cart_no_purchase,3,2015-08-07,true,163,5,0.03067484662576687,real
2015-08-04,cart_no_purchase,7,2015-08-11,true,163,4,0.024539877300613498,real
2015-08-04,cart_no_purchase,14,2015-08-18,true,163,0,0.0,real
2015-08-04,cart_no_purchase,30,2015-09-03,true,163,0,0.0,real
2015-08-04,first_session_purchase,1,2015-08-05,true,72,10,0.1388888888888889,real
2015-08-04,first_session_purchase,3,2015-08-07,true,72,2,0.027777777777777776,real
2015-08-04,first_session_purchase,7,2015-08-11,true,72,1,0.013888888888888888,real
2015-08-04,first_session_purchase,14,2015-08-18,true,72,2,0.027777777777777776,real
2015-08-04,first_session_purchase,30,2015-09-03,true,72,1,0.013888888888888888,real
2015-08-05,all,1,2015-08-06,true,10503,303,0.028848900314195944,real
2015-08-05,all,3,2015-08-08,true,10503,55,0.005236599066933257,real
2015-08-05,all,7,2015-08-12,true,10503,52,0.00495096639055508,real
2015-08-05,all,14,2015-08-19,true,10503,27,0.002570694087403599,real
2015-08-05,all,30,2015-09-04,true,10503,19,0.0018090069503951252,real
2015-08-05,browse_only,1,2015-08-06,true,10245,288,0.028111273792093706,real
2015-08-05,browse_only,3,2015-08-08,true,10245,52,0.005075646656905808,real
2015-08-05,browse_only,7,2015-08-12,true,10245,49,0.004782820888238165,real
2015-08-05,browse_only,14,2015-08-19,true,10245,27,0.0026354319180087846,real
2015-08-05,browse_only,30,2015-09-04,true,10245,19,0.0018545632015617374,real
2015-08-05,cart_no_purchase,1,2015-08-06,true,190,9,0.04736842105263158,real
2015-08-05,cart_no_purchase,3,2015-08-08,true,190,3,0.015789473684210527,real
2015-08-05,cart_no_purchase,7,2015-08-12,true,190,1,0.005263157894736842,real
2015-08-05,cart_no_purchase,14,2015-08-19,true,190,0,0.0,real
2015-08-05,cart_no_purchase,30,2015-09-04,true,190,0,0.0,real
2015-08-05,first_session_purchase,1,2015-08-06,true,68,6,0.08823529411764706,real
2015-08-05,first_session_purchase,3,2015-08-08,true,68,0,0.0,real
2015-08-05,first_session_purchase,7,2015-08-12,true,68,2,0.029411764705882353,real
2015-08-05,first_session_purchase,14,2015-08-19,true,68,0,0.0,real
2015-08-05,first_session_purchase,30,2015-09-04,true,68,0,0.0,real
2015-08-06,all,1,2015-08-07,true,10900,269,0.024678899082568807,real
2015-08-06,all,3,2015-08-09,true,10900,47,0.004311926605504587,real
2015-08-06,all,7,2015-08-13,true,10900,50,0.0045871559633027525,real
2015-08-06,all,14,2015-08-20,true,10900,22,0.002018348623853211,real
2015-08-06,all,30,2015-09-05,true,10900,9,0.0008256880733944954,real
2015-08-06,browse_only,1,2015-08-07,true,10651,248,0.02328419866679185,real
2015-08-06,browse_only,3,2015-08-09,true,10651,43,0.004037179607548587,real
2015-08-06,browse_only,7,2015-08-13,true,10651,43,0.004037179607548587,real
2015-08-06,browse_only,14,2015-08-20,true,10651,21,0.00197164585484931,real
2015-08-06,browse_only,30,2015-09-05,true,10651,8,0.0007511031827997371,real
2015-08-06,cart_no_purchase,1,2015-08-07,true,206,17,0.0825242718446602,real
2015-08-06,cart_no_purchase,3,2015-08-09,true,206,3,0.014563106796116505,real
2015-08-06,cart_no_purchase,7,2015-08-13,true,206,4,0.019417475728155338,real
2015-08-06,cart_no_purchase,14,2015-08-20,true,206,1,0.0048543689320388345,real
2015-08-06,cart_no_purchase,30,2015-09-05,true,206,1,0.0048543689320388345,real
2015-08-06,first_session_purchase,1,2015-08-07,true,43,4,0.09302325581395349,real
2015-08-06,first_session_purchase,3,2015-08-09,true,43,1,0.023255813953488372,real
2015-08-06,first_session_purchase,7,2015-08-13,true,43,3,0.06976744186046512,real
2015-08-06,first_session_purchase,14,2015-08-20,true,43,0,0.0,real
2015-08-06,first_session_purchase,30,2015-09-05,true,43,0,0.0,real
2015-08-07,all,1,2015-08-08,true,9819,211,0.021488949994907833,real
2015-08-07,all,3,2015-08-10,true,9819,113,0.01150830023423974,real
2015-08-07,all,7,2015-08-14,true,9819,41,0.004175577961095835,real
2015-08-07,all,14,2015-08-21,true,9819,19,0.0019350239331907527,real
2015-08-07,all,30,2015-09-06,true,9819,13,0.0013239637437620938,real
2015-08-07,browse_only,1,2015-08-08,true,9598,196,0.020420921025213586,real
2015-08-07,browse_only,3,2015-08-10,true,9598,106,0.011043967493227756,real
2015-08-07,browse_only,7,2015-08-14,true,9598,37,0.0038549697853719526,real
2015-08-07,browse_only,14,2015-08-21,true,9598,17,0.0017712023338195457,real
2015-08-07,browse_only,30,2015-09-06,true,9598,13,0.0013544488435090643,real
2015-08-07,cart_no_purchase,1,2015-08-08,true,167,8,0.04790419161676647,real
2015-08-07,cart_no_purchase,3,2015-08-10,true,167,4,0.023952095808383235,real
2015-08-07,cart_no_purchase,7,2015-08-14,true,167,2,0.011976047904191617,real
2015-08-07,cart_no_purchase,14,2015-08-21,true,167,1,0.005988023952095809,real
2015-08-07,cart_no_purchase,30,2015-09-06,true,167,0,0.0,real
2015-08-07,first_session_purchase,1,2015-08-08,true,54,7,0.12962962962962962,real
2015-08-07,first_session_purchase,3,2015-08-10,true,54,3,0.05555555555555555,real
2015-08-07,first_session_purchase,7,2015-08-14,true,54,2,0.037037037037037035,real
2015-08-07,first_session_purchase,14,2015-08-21,true,54,1,0.018518518518518517,real
2015-08-07,first_session_purchase,30,2015-09-06,true,54,0,0.0,real
2015-08-08,all,1,2015-08-09,true,6934,150,0.021632535333141044,real
2015-08-08,all,3,2015-08-11,true,6934,70,0.010095183155465821,real
2015-08-08,all,7,2015-08-15,true,6934,27,0.003893856359965388,real
2015-08-08,all,14,2015-08-22,true,6934,14,0.002019036631093164,real
2015-08-08,all,30,2015-09-07,true,6934,11,0.0015863859244303433,real
2015-08-08,browse_only,1,2015-08-09,true,6790,138,0.0203240058910162,real
2015-08-08,browse_only,3,2015-08-11,true,6790,65,0.009572901325478646,real
2015-08-08,browse_only,7,2015-08-15,true,6790,24,0.0035346097201767305,real
2015-08-08,browse_only,14,2015-08-22,true,6790,13,0.001914580265095729,real
2015-08-08,browse_only,30,2015-09-07,true,6790,10,0.0014727540500736377,real
2015-08-08,cart_no_purchase,1,2015-08-09,true,126,11,0.0873015873015873,real
2015-08-08,cart_no_purchase,3,2015-08-11,true,126,4,0.031746031746031744,real
2015-08-08,cart_no_purchase,7,2015-08-15,true,126,3,0.023809523809523808,real
2015-08-08,cart_no_purchase,14,2015-08-22,true,126,1,0.007936507936507936,real
2015-08-08,cart_no_purchase,30,2015-09-07,true,126,1,0.007936507936507936,real
2015-08-08,first_session_purchase,1,2015-08-09,true,18,1,0.05555555555555555,real
2015-08-08,first_session_purchase,3,2015-08-11,true,18,1,0.05555555555555555,real
2015-08-08,first_session_purchase,7,2015-08-15,true,18,0,0.0,real
2015-08-08,first_session_purchase,14,2015-08-22,true,18,0,0.0,real
2015-08-08,first_session_purchase,30,2015-09-07,true,18,0,0.0,real
2015-08-09,all,1,2015-08-10,true,7360,145,0.01970108695652174,real
2015-08-09,all,3,2015-08-12,true,7360,41,0.005570652173913043,real
2015-08-09,all,7,2015-08-16,true,7360,26,0.003532608695652174,real
2015-08-09,all,14,2015-08-23,true,7360,17,0.0023097826086956523,real
2015-08-09,all,30,2015-09-08,true,7360,5,0.0006793478260869565,real
2015-08-09,browse_only,1,2015-08-10,true,7237,138,0.019068674865275668,real
2015-08-09,browse_only,3,2015-08-12,true,7237,40,0.005527152134862512,real
2015-08-09,browse_only,7,2015-08-16,true,7237,25,0.00345447008428907,real
2015-08-09,browse_only,14,2015-08-23,true,7237,16,0.002210860853945005,real
2015-08-09,browse_only,30,2015-09-08,true,7237,5,0.000690894016857814,real
2015-08-09,cart_no_purchase,1,2015-08-10,true,102,4,0.0392156862745098,real
2015-08-09,cart_no_purchase,3,2015-08-12,true,102,1,0.00980392156862745,real
2015-08-09,cart_no_purchase,7,2015-08-16,true,102,0,0.0,real
2015-08-09,cart_no_purchase,14,2015-08-23,true,102,1,0.00980392156862745,real
2015-08-09,cart_no_purchase,30,2015-09-08,true,102,0,0.0,real
2015-08-09,first_session_purchase,1,2015-08-10,true,21,3,0.14285714285714285,real
2015-08-09,first_session_purchase,3,2015-08-12,true,21,0,0.0,real
2015-08-09,first_session_purchase,7,2015-08-16,true,21,1,0.047619047619047616,real
2015-08-09,first_session_purchase,14,2015-08-23,true,21,0,0.0,real
2015-08-09,first_session_purchase,30,2015-09-08,true,21,0,0.0,real
2015-08-10,all,1,2015-08-11,true,9457,262,0.027704345987099505,real
2015-08-10,all,3,2015-08-13,true,9457,80,0.008459342286137253,real
2015-08-10,all,7,2015-08-17,true,9457,44,0.004652638257375489,real
2015-08-10,all,14,2015-08-24,true,9457,27,0.0028550280215713228,real
2015-08-10,all,30,2015-09-09,true,9457,13,0.0013746431214973036,real
2015-08-10,browse_only,1,2015-08-11,true,9271,240,0.02588717506202136,real
2015-08-10,browse_only,3,2015-08-13,true,9271,76,0.008197605436306763,real
2015-08-10,browse_only,7,2015-08-17,true,9271,43,0.004638118865278826,real
2015-08-10,browse_only,14,2015-08-24,true,9271,27,0.0029123071944774028,real
2015-08-10,browse_only,30,2015-09-09,true,9271,13,0.001402221982526157,real
2015-08-10,cart_no_purchase,1,2015-08-11,true,152,14,0.09210526315789473,real
2015-08-10,cart_no_purchase,3,2015-08-13,true,152,2,0.013157894736842105,real
2015-08-10,cart_no_purchase,7,2015-08-17,true,152,0,0.0,real
2015-08-10,cart_no_purchase,14,2015-08-24,true,152,0,0.0,real
2015-08-10,cart_no_purchase,30,2015-09-09,true,152,0,0.0,real
2015-08-10,first_session_purchase,1,2015-08-11,true,34,8,0.23529411764705882,real
2015-08-10,first_session_purchase,3,2015-08-13,true,34,2,0.058823529411764705,real
2015-08-10,first_session_purchase,7,2015-08-17,true,34,1,0.029411764705882353,real
2015-08-10,first_session_purchase,14,2015-08-24,true,34,0,0.0,real
2015-08-10,first_session_purchase,30,2015-09-09,true,34,0,0.0,real
2015-08-11,all,1,2015-08-12,true,9724,231,0.023755656108597284,real
2015-08-11,all,3,2015-08-14,true,9724,73,0.007507198683669272,real
2015-08-11,all,7,2015-08-18,true,9724,47,0.004833401892225421,real
2015-08-11,all,14,2015-08-25,true,9724,20,0.0020567667626491155,real
2015-08-11,all,30,2015-09-10,true,9724,9,0.000925545043192102,real
2015-08-11,browse_only,1,2015-08-12,true,9542,223,0.02337036260741983,real
2015-08-11,browse_only,3,2015-08-14,true,9542,68,0.0071263885977782436,real
2015-08-11,browse_only,7,2015-08-18,true,9542,47,0.004925592119052609,real
2015-08-11,browse_only,14,2015-08-25,true,9542,20,0.0020959966464053656,real
2015-08-11,browse_only,30,2015-09-10,true,9542,9,0.0009431984908824146,real
2015-08-11,cart_no_purchase,1,2015-08-12,true,141,7,0.04964539007092199,real
2015-08-11,cart_no_purchase,3,2015-08-14,true,141,3,0.02127659574468085,real
2015-08-11,cart_no_purchase,7,2015-08-18,true,141,0,0.0,real
2015-08-11,cart_no_purchase,14,2015-08-25,true,141,0,0.0,real
2015-08-11,cart_no_purchase,30,2015-09-10,true,141,0,0.0,real
2015-08-11,first_session_purchase,1,2015-08-12,true,41,1,0.024390243902439025,real
2015-08-11,first_session_purchase,3,2015-08-14,true,41,2,0.04878048780487805,real
2015-08-11,first_session_purchase,7,2015-08-18,true,41,0,0.0,real
2015-08-11,first_session_purchase,14,2015-08-25,true,41,0,0.0,real
2015-08-11,first_session_purchase,30,2015-09-10,true,41,0,0.0,real
2015-08-12,all,1,2015-08-13,true,10919,288,0.026376041762066125,real
2015-08-12,all,3,2015-08-15,true,10919,58,0.005311841743749428,real
2015-08-12,all,7,2015-08-19,true,10919,54,0.004945507830387398,real
2015-08-12,all,14,2015-08-26,true,10919,32,0.002930671306896236,real
2015-08-12,all,30,2015-09-11,true,10919,17,0.0015569191317886253,real
2015-08-12,browse_only,1,2015-08-13,true,10696,272,0.025430067314884067,real
2015-08-12,browse_only,3,2015-08-15,true,10696,57,0.005329094988780853,real
2015-08-12,browse_only,7,2015-08-19,true,10696,52,0.0048616305160807775,real
2015-08-12,browse_only,14,2015-08-26,true,10696,32,0.0029917726252804786,real
2015-08-12,browse_only,30,2015-09-11,true,10696,16,0.0014958863126402393,real
2015-08-12,cart_no_purchase,1,2015-08-13,true,165,10,0.06060606060606061,real
2015-08-12,cart_no_purchase,3,2015-08-15,true,165,0,0.0,real
2015-08-12,cart_no_purchase,7,2015-08-19,true,165,1,0.006060606060606061,real
2015-08-12,cart_no_purchase,14,2015-08-26,true,165,0,0.0,real
2015-08-12,cart_no_purchase,30,2015-09-11,true,165,0,0.0,real
2015-08-12,first_session_purchase,1,2015-08-13,true,58,6,0.10344827586206896,real
2015-08-12,first_session_purchase,3,2015-08-15,true,58,1,0.017241379310344827,real
2015-08-12,first_session_purchase,7,2015-08-19,true,58,1,0.017241379310344827,real
2015-08-12,first_session_purchase,14,2015-08-26,true,58,0,0.0,real
2015-08-12,first_session_purchase,30,2015-09-11,true,58,1,0.017241379310344827,real
2015-08-13,all,1,2015-08-14,true,10232,270,0.02638780297107115,real
2015-08-13,all,3,2015-08-16,true,10232,57,0.005570758405003909,real
2015-08-13,all,7,2015-08-20,true,10232,34,0.0033229085222830335,real
2015-08-13,all,14,2015-08-27,true,10232,22,0.0021501172791243157,real
2015-08-13,all,30,2015-09-12,true,10232,11,0.0010750586395621578,real
2015-08-13,browse_only,1,2015-08-14,true,10021,253,0.025246981339187707,real
2015-08-13,browse_only,3,2015-08-16,true,10021,55,0.005488474204171241,real
2015-08-13,browse_only,7,2015-08-20,true,10021,30,0.002993713202275222,real
2015-08-13,browse_only,14,2015-08-27,true,10021,20,0.0019958088015168147,real
2015-08-13,browse_only,30,2015-09-12,true,10021,10,0.0009979044007584073,real
2015-08-13,cart_no_purchase,1,2015-08-14,true,170,15,0.08823529411764706,real
2015-08-13,cart_no_purchase,3,2015-08-16,true,170,1,0.0058823529411764705,real
2015-08-13,cart_no_purchase,7,2015-08-20,true,170,2,0.011764705882352941,real
2015-08-13,cart_no_purchase,14,2015-08-27,true,170,2,0.011764705882352941,real
2015-08-13,cart_no_purchase,30,2015-09-12,true,170,0,0.0,real
2015-08-13,first_session_purchase,1,2015-08-14,true,41,2,0.04878048780487805,real
2015-08-13,first_session_purchase,3,2015-08-16,true,41,1,0.024390243902439025,real
2015-08-13,first_session_purchase,7,2015-08-20,true,41,2,0.04878048780487805,real
2015-08-13,first_session_purchase,14,2015-08-27,true,41,0,0.0,real
2015-08-13,first_session_purchase,30,2015-09-12,true,41,1,0.024390243902439025,real
2015-08-14,all,1,2015-08-15,true,8832,175,0.0198143115942029,real
2015-08-14,all,3,2015-08-17,true,8832,96,0.010869565217391304,real
2015-08-14,all,7,2015-08-21,true,8832,44,0.004981884057971014,real
2015-08-14,all,14,2015-08-28,true,8832,23,0.0026041666666666665,real
2015-08-14,all,30,2015-09-13,true,8832,8,0.0009057971014492754,real
2015-08-14,browse_only,1,2015-08-15,true,8631,165,0.019117135905457074,real
2015-08-14,browse_only,3,2015-08-17,true,8631,92,0.010659251535163944,real
2015-08-14,browse_only,7,2015-08-21,true,8631,42,0.004866180048661801,real
2015-08-14,browse_only,14,2015-08-28,true,8631,22,0.002548951454060943,real
2015-08-14,browse_only,30,2015-09-13,true,8631,8,0.000926891437840343,real
2015-08-14,cart_no_purchase,1,2015-08-15,true,151,9,0.059602649006622516,real
2015-08-14,cart_no_purchase,3,2015-08-17,true,151,2,0.013245033112582781,real
2015-08-14,cart_no_purchase,7,2015-08-21,true,151,2,0.013245033112582781,real
2015-08-14,cart_no_purchase,14,2015-08-28,true,151,1,0.006622516556291391,real
2015-08-14,cart_no_purchase,30,2015-09-13,true,151,0,0.0,real
2015-08-14,first_session_purchase,1,2015-08-15,true,50,1,0.02,real
2015-08-14,first_session_purchase,3,2015-08-17,true,50,2,0.04,real
2015-08-14,first_session_purchase,7,2015-08-21,true,50,0,0.0,real
2015-08-14,first_session_purchase,14,2015-08-28,true,50,0,0.0,real
2015-08-14,first_session_purchase,30,2015-09-13,true,50,0,0.0,real
2015-08-15,all,1,2015-08-16,true,7133,165,0.023131922052432356,real
2015-08-15,all,3,2015-08-18,true,7133,73,0.010234123089864012,real
2015-08-15,all,7,2015-08-22,true,7133,35,0.004906771344455349,real
2015-08-15,all,14,2015-08-29,true,7133,10,0.0014019346698443853,real
2015-08-15,all,30,2015-09-14,true,7133,4,0.0005607738679377541,real
2015-08-15,browse_only,1,2015-08-16,true,6982,154,0.02205671727298768,real
2015-08-15,browse_only,3,2015-08-18,true,6982,69,0.009882555141793183,real
2015-08-15,browse_only,7,2015-08-22,true,6982,32,0.004583213978802635,real
2015-08-15,browse_only,14,2015-08-29,true,6982,10,0.0014322543683758235,real
2015-08-15,browse_only,30,2015-09-14,true,6982,4,0.0005729017473503294,real
2015-08-15,cart_no_purchase,1,2015-08-16,true,129,9,0.06976744186046512,real
2015-08-15,cart_no_purchase,3,2015-08-18,true,129,4,0.031007751937984496,real
2015-08-15,cart_no_purchase,7,2015-08-22,true,129,3,0.023255813953488372,real
2015-08-15,cart_no_purchase,14,2015-08-29,true,129,0,0.0,real
2015-08-15,cart_no_purchase,30,2015-09-14,true,129,0,0.0,real
2015-08-15,first_session_purchase,1,2015-08-16,true,22,2,0.09090909090909091,real
2015-08-15,first_session_purchase,3,2015-08-18,true,22,0,0.0,real
2015-08-15,first_session_purchase,7,2015-08-22,true,22,0,0.0,real
2015-08-15,first_session_purchase,14,2015-08-29,true,22,0,0.0,real
2015-08-15,first_session_purchase,30,2015-09-14,true,22,0,0.0,real
2015-08-16,all,1,2015-08-17,true,7992,225,0.028153153153153154,real
2015-08-16,all,3,2015-08-19,true,7992,78,0.00975975975975976,real
2015-08-16,all,7,2015-08-23,true,7992,37,0.004629629629629629,real
2015-08-16,all,14,2015-08-30,true,7992,19,0.0023773773773773776,real
2015-08-16,all,30,2015-09-15,true,7992,11,0.0013763763763763764,real
2015-08-16,browse_only,1,2015-08-17,true,7807,212,0.027155117202510567,real
2015-08-16,browse_only,3,2015-08-19,true,7807,71,0.00909440245933137,real
2015-08-16,browse_only,7,2015-08-23,true,7807,33,0.004226975790956834,real
2015-08-16,browse_only,14,2015-08-30,true,7807,17,0.002177532983220187,real
2015-08-16,browse_only,30,2015-09-15,true,7807,11,0.0014089919303189446,real
2015-08-16,cart_no_purchase,1,2015-08-17,true,153,10,0.06535947712418301,real
2015-08-16,cart_no_purchase,3,2015-08-19,true,153,4,0.026143790849673203,real
2015-08-16,cart_no_purchase,7,2015-08-23,true,153,3,0.0196078431372549,real
2015-08-16,cart_no_purchase,14,2015-08-30,true,153,1,0.006535947712418301,real
2015-08-16,cart_no_purchase,30,2015-09-15,true,153,0,0.0,real
2015-08-16,first_session_purchase,1,2015-08-17,true,32,3,0.09375,real
2015-08-16,first_session_purchase,3,2015-08-19,true,32,3,0.09375,real
2015-08-16,first_session_purchase,7,2015-08-23,true,32,1,0.03125,real
2015-08-16,first_session_purchase,14,2015-08-30,true,32,1,0.03125,real
2015-08-16,first_session_purchase,30,2015-09-15,true,32,0,0.0,real
2015-08-17,all,1,2015-08-18,true,10653,336,0.03154041115178823,real
2015-08-17,all,3,2015-08-20,true,10653,94,0.008823805500797897,real
2015-08-17,all,7,2015-08-24,true,10653,57,0.005350605463249789,real
2015-08-17,all,14,2015-08-31,true,10653,32,0.0030038486811226886,real
2015-08-17,all,30,2015-09-16,true,10653,9,0.0008448324415657561,real
2015-08-17,browse_only,1,2015-08-18,true,10389,318,0.030609298296274907,real
2015-08-17,browse_only,3,2015-08-20,true,10389,88,0.008470497641736453,real
2015-08-17,browse_only,7,2015-08-24,true,10389,55,0.0052940610260852825,real
2015-08-17,browse_only,14,2015-08-31,true,10389,30,0.0028876696505919725,real
2015-08-17,browse_only,30,2015-09-16,true,10389,9,0.0008663008951775916,real
2015-08-17,cart_no_purchase,1,2015-08-18,true,202,12,0.0594059405940594,real
2015-08-17,cart_no_purchase,3,2015-08-20,true,202,4,0.019801980198019802,real
2015-08-17,cart_no_purchase,7,2015-08-24,true,202,2,0.009900990099009901,real
2015-08-17,cart_no_purchase,14,2015-08-31,true,202,2,0.009900990099009901,real
2015-08-17,cart_no_purchase,30,2015-09-16,true,202,0,0.0,real
2015-08-17,first_session_purchase,1,2015-08-18,true,62,6,0.0967741935483871,real
2015-08-17,first_session_purchase,3,2015-08-20,true,62,2,0.03225806451612903,real
2015-08-17,first_session_purchase,7,2015-08-24,true,62,0,0.0,real
2015-08-17,first_session_purchase,14,2015-08-31,true,62,0,0.0,real
2015-08-17,first_session_purchase,30,2015-09-16,true,62,0,0.0,real
2015-08-18,all,1,2015-08-19,true,10551,268,0.025400435977632453,real
2015-08-18,all,3,2015-08-21,true,10551,96,0.009098663633778788,real
2015-08-18,all,7,2015-08-25,true,10551,53,0.005023220547815373,real
2015-08-18,all,14,2015-09-01,true,10551,27,0.0025589991470002845,real
2015-08-18,all,30,2015-09-17,true,10551,6,0.0005686664771111743,real
2015-08-18,browse_only,1,2015-08-19,true,10304,249,0.024165372670807452,real
2015-08-18,browse_only,3,2015-08-21,true,10304,93,0.009025621118012422,real
2015-08-18,browse_only,7,2015-08-25,true,10304,52,0.005046583850931677,real
2015-08-18,browse_only,14,2015-09-01,true,10304,27,0.0026203416149068325,real
2015-08-18,browse_only,30,2015-09-17,true,10304,5,0.00048524844720496894,real
2015-08-18,cart_no_purchase,1,2015-08-19,true,172,12,0.06976744186046512,real
2015-08-18,cart_no_purchase,3,2015-08-21,true,172,3,0.01744186046511628,real
2015-08-18,cart_no_purchase,7,2015-08-25,true,172,0,0.0,real
2015-08-18,cart_no_purchase,14,2015-09-01,true,172,0,0.0,real
2015-08-18,cart_no_purchase,30,2015-09-17,true,172,0,0.0,real
2015-08-18,first_session_purchase,1,2015-08-19,true,75,7,0.09333333333333334,real
2015-08-18,first_session_purchase,3,2015-08-21,true,75,0,0.0,real
2015-08-18,first_session_purchase,7,2015-08-25,true,75,1,0.013333333333333334,real
2015-08-18,first_session_purchase,14,2015-09-01,true,75,0,0.0,real
2015-08-18,first_session_purchase,30,2015-09-17,true,75,1,0.013333333333333334,real
2015-08-19,all,1,2015-08-20,true,10282,307,0.02985800427932309,real
2015-08-19,all,3,2015-08-22,true,10282,66,0.006418984633339817,real
2015-08-19,all,7,2015-08-26,true,10282,50,0.004862867146469559,real
2015-08-19,all,14,2015-09-02,true,10282,45,0.0043765804318226026,real
2015-08-19,all,30,2015-09-18,true,10282,2,0.00019451468585878233,real
2015-08-19,browse_only,1,2015-08-20,true,10059,293,0.029128143950690924,real
2015-08-19,browse_only,3,2015-08-22,true,10059,66,0.00656128839844915,real
2015-08-19,browse_only,7,2015-08-26,true,10059,48,0.0047718461079630185,real
2015-08-19,browse_only,14,2015-09-02,true,10059,42,0.0041753653444676405,real
2015-08-19,browse_only,30,2015-09-18,true,10059,2,0.00019882692116512577,real
2015-08-19,cart_no_purchase,1,2015-08-20,true,161,11,0.06832298136645963,real
2015-08-19,cart_no_purchase,3,2015-08-22,true,161,0,0.0,real
2015-08-19,cart_no_purchase,7,2015-08-26,true,161,0,0.0,real
2015-08-19,cart_no_purchase,14,2015-09-02,true,161,2,0.012422360248447204,real
2015-08-19,cart_no_purchase,30,2015-09-18,true,161,0,0.0,real
2015-08-19,first_session_purchase,1,2015-08-20,true,62,3,0.04838709677419355,real
2015-08-19,first_session_purchase,3,2015-08-22,true,62,0,0.0,real
2015-08-19,first_session_purchase,7,2015-08-26,true,62,2,0.03225806451612903,real
2015-08-19,first_session_purchase,14,2015-09-02,true,62,1,0.016129032258064516,real
2015-08-19,first_session_purchase,30,2015-09-18,true,62,0,0.0,real
2015-08-20,all,1,2015-08-21,true,9482,272,0.028685931238135415,real
2015-08-20,all,3,2015-08-23,true,9482,71,0.007487871757013288,real
2015-08-20,all,7,2015-08-27,true,9482,47,0.004956760177177811,real
2015-08-20,all,14,2015-09-03,true,9482,29,0.0030584264923012023,real
2015-08-20,all,30,2015-09-19,false,9482,,,real
2015-08-20,browse_only,1,2015-08-21,true,9261,261,0.028182701652089408,real
2015-08-20,browse_only,3,2015-08-23,true,9261,68,0.007342619587517547,real
2015-08-20,browse_only,7,2015-08-27,true,9261,46,0.004967066191555987,real
2015-08-20,browse_only,14,2015-09-03,true,9261,29,0.003131411294676601,real
2015-08-20,browse_only,30,2015-09-19,false,9261,,,real
2015-08-20,cart_no_purchase,1,2015-08-21,true,158,4,0.02531645569620253,real
2015-08-20,cart_no_purchase,3,2015-08-23,true,158,0,0.0,real
2015-08-20,cart_no_purchase,7,2015-08-27,true,158,0,0.0,real
2015-08-20,cart_no_purchase,14,2015-09-03,true,158,0,0.0,real
2015-08-20,cart_no_purchase,30,2015-09-19,false,158,,,real
2015-08-20,first_session_purchase,1,2015-08-21,true,63,7,0.1111111111111111,real
2015-08-20,first_session_purchase,3,2015-08-23,true,63,3,0.047619047619047616,real
2015-08-20,first_session_purchase,7,2015-08-27,true,63,1,0.015873015873015872,real
2015-08-20,first_session_purchase,14,2015-09-03,true,63,0,0.0,real
2015-08-20,first_session_purchase,30,2015-09-19,false,63,,,real
2015-08-21,all,1,2015-08-22,true,9136,205,0.022438704028021016,real
2015-08-21,all,3,2015-08-24,true,9136,112,0.012259194395796848,real
2015-08-21,all,7,2015-08-28,true,9136,64,0.0070052539404553416,real
2015-08-21,all,14,2015-09-04,true,9136,28,0.003064798598949212,real
2015-08-21,all,30,2015-09-20,false,9136,,,real
2015-08-21,browse_only,1,2015-08-22,true,8923,187,0.0209570772161829,real
2015-08-21,browse_only,3,2015-08-24,true,8923,104,0.011655272890283537,real
2015-08-21,browse_only,7,2015-08-28,true,8923,63,0.007060405693152527,real
2015-08-21,browse_only,14,2015-09-04,true,8923,22,0.0024655384960215175,real
2015-08-21,browse_only,30,2015-09-20,false,8923,,,real
2015-08-21,cart_no_purchase,1,2015-08-22,true,167,16,0.09580838323353294,real
2015-08-21,cart_no_purchase,3,2015-08-24,true,167,6,0.03592814371257485,real
2015-08-21,cart_no_purchase,7,2015-08-28,true,167,1,0.005988023952095809,real
2015-08-21,cart_no_purchase,14,2015-09-04,true,167,6,0.03592814371257485,real
2015-08-21,cart_no_purchase,30,2015-09-20,false,167,,,real
2015-08-21,first_session_purchase,1,2015-08-22,true,46,2,0.043478260869565216,real
2015-08-21,first_session_purchase,3,2015-08-24,true,46,2,0.043478260869565216,real
2015-08-21,first_session_purchase,7,2015-08-28,true,46,0,0.0,real
2015-08-21,first_session_purchase,14,2015-09-04,true,46,0,0.0,real
2015-08-21,first_session_purchase,30,2015-09-20,false,46,,,real
2015-08-22,all,1,2015-08-23,true,7477,212,0.028353617761134146,real
2015-08-22,all,3,2015-08-25,true,7477,56,0.007489634880299585,real
2015-08-22,all,7,2015-08-29,true,7477,29,0.0038785609201551423,real
2015-08-22,all,14,2015-09-05,true,7477,19,0.002541126120101645,real
2015-08-22,all,30,2015-09-21,false,7477,,,real
2015-08-22,browse_only,1,2015-08-23,true,7320,201,0.02745901639344262,real
2015-08-22,browse_only,3,2015-08-25,true,7320,53,0.007240437158469945,real
2015-08-22,browse_only,7,2015-08-29,true,7320,28,0.003825136612021858,real
2015-08-22,browse_only,14,2015-09-05,true,7320,18,0.002459016393442623,real
2015-08-22,browse_only,30,2015-09-21,false,7320,,,real
2015-08-22,cart_no_purchase,1,2015-08-23,true,120,9,0.075,real
2015-08-22,cart_no_purchase,3,2015-08-25,true,120,1,0.008333333333333333,real
2015-08-22,cart_no_purchase,7,2015-08-29,true,120,0,0.0,real
2015-08-22,cart_no_purchase,14,2015-09-05,true,120,0,0.0,real
2015-08-22,cart_no_purchase,30,2015-09-21,false,120,,,real
2015-08-22,first_session_purchase,1,2015-08-23,true,37,2,0.05405405405405406,real
2015-08-22,first_session_purchase,3,2015-08-25,true,37,2,0.05405405405405406,real
2015-08-22,first_session_purchase,7,2015-08-29,true,37,1,0.02702702702702703,real
2015-08-22,first_session_purchase,14,2015-09-05,true,37,1,0.02702702702702703,real
2015-08-22,first_session_purchase,30,2015-09-21,false,37,,,real
2015-08-23,all,1,2015-08-24,true,7679,179,0.023310326865477276,real
2015-08-23,all,3,2015-08-26,true,7679,74,0.009636671441593957,real
2015-08-23,all,7,2015-08-30,true,7679,36,0.004688110431045709,real
2015-08-23,all,14,2015-09-06,true,7679,18,0.0023440552155228546,real
2015-08-23,all,30,2015-09-22,false,7679,,,real
2015-08-23,browse_only,1,2015-08-24,true,7522,171,0.022733315607551183,real
2015-08-23,browse_only,3,2015-08-26,true,7522,67,0.00890720553044403,real
2015-08-23,browse_only,7,2015-08-30,true,7522,35,0.004653017814411061,real
2015-08-23,browse_only,14,2015-09-06,true,7522,17,0.002260037224142515,real
2015-08-23,browse_only,30,2015-09-22,false,7522,,,real
2015-08-23,cart_no_purchase,1,2015-08-24,true,126,7,0.05555555555555555,real
2015-08-23,cart_no_purchase,3,2015-08-26,true,126,7,0.05555555555555555,real
2015-08-23,cart_no_purchase,7,2015-08-30,true,126,1,0.007936507936507936,real
2015-08-23,cart_no_purchase,14,2015-09-06,true,126,1,0.007936507936507936,real
2015-08-23,cart_no_purchase,30,2015-09-22,false,126,,,real
2015-08-23,first_session_purchase,1,2015-08-24,true,31,1,0.03225806451612903,real
2015-08-23,first_session_purchase,3,2015-08-26,true,31,0,0.0,real
2015-08-23,first_session_purchase,7,2015-08-30,true,31,0,0.0,real
2015-08-23,first_session_purchase,14,2015-09-06,true,31,0,0.0,real
2015-08-23,first_session_purchase,30,2015-09-22,false,31,,,real
2015-08-24,all,1,2015-08-25,true,9757,285,0.029209798093676336,real
2015-08-24,all,3,2015-08-27,true,9757,82,0.008404222609408629,real
2015-08-24,all,7,2015-08-31,true,9757,41,0.004202111304704314,real
2015-08-24,all,14,2015-09-07,true,9757,22,0.002254791431792559,real
2015-08-24,all,30,2015-09-23,false,9757,,,real
2015-08-24,browse_only,1,2015-08-25,true,9524,277,0.029084418311633768,real
2015-08-24,browse_only,3,2015-08-27,true,9524,75,0.007874842503149937,real
2015-08-24,browse_only,7,2015-08-31,true,9524,40,0.004199916001679967,real
2015-08-24,browse_only,14,2015-09-07,true,9524,20,0.0020999580008399833,real
2015-08-24,browse_only,30,2015-09-23,false,9524,,,real
2015-08-24,cart_no_purchase,1,2015-08-25,true,175,6,0.03428571428571429,real
2015-08-24,cart_no_purchase,3,2015-08-27,true,175,4,0.022857142857142857,real
2015-08-24,cart_no_purchase,7,2015-08-31,true,175,1,0.005714285714285714,real
2015-08-24,cart_no_purchase,14,2015-09-07,true,175,2,0.011428571428571429,real
2015-08-24,cart_no_purchase,30,2015-09-23,false,175,,,real
2015-08-24,first_session_purchase,1,2015-08-25,true,58,2,0.034482758620689655,real
2015-08-24,first_session_purchase,3,2015-08-27,true,58,3,0.05172413793103448,real
2015-08-24,first_session_purchase,7,2015-08-31,true,58,0,0.0,real
2015-08-24,first_session_purchase,14,2015-09-07,true,58,0,0.0,real
2015-08-24,first_session_purchase,30,2015-09-23,false,58,,,real
2015-08-25,all,1,2015-08-26,true,9955,294,0.029532898041185335,real
2015-08-25,all,3,2015-08-28,true,9955,84,0.008437970868910096,real
2015-08-25,all,7,2015-09-01,true,9955,48,0.004821697639377198,real
2015-08-25,all,14,2015-09-08,true,9955,30,0.0030135610246107484,real
2015-08-25,all,30,2015-09-24,false,9955,,,real
2015-08-25,browse_only,1,2015-08-26,true,9717,272,0.027992178655963776,real
2015-08-25,browse_only,3,2015-08-28,true,9717,79,0.008130081300813009,real
2015-08-25,browse_only,7,2015-09-01,true,9717,46,0.004733971390346815,real
2015-08-25,browse_only,14,2015-09-08,true,9717,28,0.0028815478028198,real
2015-08-25,browse_only,30,2015-09-24,false,9717,,,real
2015-08-25,cart_no_purchase,1,2015-08-26,true,180,13,0.07222222222222222,real
2015-08-25,cart_no_purchase,3,2015-08-28,true,180,2,0.011111111111111112,real
2015-08-25,cart_no_purchase,7,2015-09-01,true,180,1,0.005555555555555556,real
2015-08-25,cart_no_purchase,14,2015-09-08,true,180,1,0.005555555555555556,real
2015-08-25,cart_no_purchase,30,2015-09-24,false,180,,,real
2015-08-25,first_session_purchase,1,2015-08-26,true,58,9,0.15517241379310345,real
2015-08-25,first_session_purchase,3,2015-08-28,true,58,3,0.05172413793103448,real
2015-08-25,first_session_purchase,7,2015-09-01,true,58,1,0.017241379310344827,real
2015-08-25,first_session_purchase,14,2015-09-08,true,58,1,0.017241379310344827,real
2015-08-25,first_session_purchase,30,2015-09-24,false,58,,,real
2015-08-26,all,1,2015-08-27,true,9432,290,0.030746395250212045,real
2015-08-26,all,3,2015-08-29,true,9432,59,0.006255301102629347,real
2015-08-26,all,7,2015-09-02,true,9432,48,0.005089058524173028,real
2015-08-26,all,14,2015-09-09,true,9432,33,0.003498727735368957,real
2015-08-26,all,30,2015-09-25,false,9432,,,real
2015-08-26,browse_only,1,2015-08-27,true,9193,273,0.029696508212770586,real
2015-08-26,browse_only,3,2015-08-29,true,9193,55,0.005982813009898836,real
2015-08-26,browse_only,7,2015-09-02,true,9193,47,0.00511258566300446,real
2015-08-26,browse_only,14,2015-09-09,true,9193,33,0.0035896878059393017,real
2015-08-26,browse_only,30,2015-09-25,false,9193,,,real
2015-08-26,cart_no_purchase,1,2015-08-27,true,171,9,0.05263157894736842,real
2015-08-26,cart_no_purchase,3,2015-08-29,true,171,2,0.011695906432748537,real
2015-08-26,cart_no_purchase,7,2015-09-02,true,171,0,0.0,real
2015-08-26,cart_no_purchase,14,2015-09-09,true,171,0,0.0,real
2015-08-26,cart_no_purchase,30,2015-09-25,false,171,,,real
2015-08-26,first_session_purchase,1,2015-08-27,true,68,8,0.11764705882352941,real
2015-08-26,first_session_purchase,3,2015-08-29,true,68,2,0.029411764705882353,real
2015-08-26,first_session_purchase,7,2015-09-02,true,68,1,0.014705882352941176,real
2015-08-26,first_session_purchase,14,2015-09-09,true,68,0,0.0,real
2015-08-26,first_session_purchase,30,2015-09-25,false,68,,,real
2015-08-27,all,1,2015-08-28,true,10005,273,0.027286356821589204,real
2015-08-27,all,3,2015-08-30,true,10005,71,0.007096451774112943,real
2015-08-27,all,7,2015-09-03,true,10005,40,0.00399800099950025,real
2015-08-27,all,14,2015-09-10,true,10005,28,0.002798600699650175,real
2015-08-27,all,30,2015-09-26,false,10005,,,real
2015-08-27,browse_only,1,2015-08-28,true,9794,256,0.0261384521135389,real
2015-08-27,browse_only,3,2015-08-30,true,9794,64,0.006534613028384725,real
2015-08-27,browse_only,7,2015-09-03,true,9794,37,0.0037778231570349194,real
2015-08-27,browse_only,14,2015-09-10,true,9794,26,0.0026546865427812946,real
2015-08-27,browse_only,30,2015-09-26,false,9794,,,real
2015-08-27,cart_no_purchase,1,2015-08-28,true,146,9,0.06164383561643835,real
2015-08-27,cart_no_purchase,3,2015-08-30,true,146,4,0.0273972602739726,real
2015-08-27,cart_no_purchase,7,2015-09-03,true,146,2,0.0136986301369863,real
2015-08-27,cart_no_purchase,14,2015-09-10,true,146,1,0.00684931506849315,real
2015-08-27,cart_no_purchase,30,2015-09-26,false,146,,,real
2015-08-27,first_session_purchase,1,2015-08-28,true,65,8,0.12307692307692308,real
2015-08-27,first_session_purchase,3,2015-08-30,true,65,3,0.046153846153846156,real
2015-08-27,first_session_purchase,7,2015-09-03,true,65,1,0.015384615384615385,real
2015-08-27,first_session_purchase,14,2015-09-10,true,65,1,0.015384615384615385,real
2015-08-27,first_session_purchase,30,2015-09-26,false,65,,,real
2015-08-28,all,1,2015-08-29,true,9941,218,0.021929383361834826,real
2015-08-28,all,3,2015-08-31,true,9941,100,0.010059350165979277,real
2015-08-28,all,7,2015-09-04,true,9941,38,0.0038225530630721254,real
2015-08-28,all,14,2015-09-11,true,9941,26,0.0026154310431546124,real
2015-08-28,all,30,2015-09-27,false,9941,,,real
2015-08-28,browse_only,1,2015-08-29,true,9679,207,0.021386506870544476,real
2015-08-28,browse_only,3,2015-08-31,true,9679,93,0.009608430622998244,real
2015-08-28,browse_only,7,2015-09-04,true,9679,35,0.0036160760409133176,real
2015-08-28,browse_only,14,2015-09-11,true,9679,25,0.002582911457795227,real
2015-08-28,browse_only,30,2015-09-27,false,9679,,,real
2015-08-28,cart_no_purchase,1,2015-08-29,true,215,7,0.03255813953488372,real
2015-08-28,cart_no_purchase,3,2015-08-31,true,215,5,0.023255813953488372,real
2015-08-28,cart_no_purchase,7,2015-09-04,true,215,1,0.004651162790697674,real
2015-08-28,cart_no_purchase,14,2015-09-11,true,215,0,0.0,real
2015-08-28,cart_no_purchase,30,2015-09-27,false,215,,,real
2015-08-28,first_session_purchase,1,2015-08-29,true,47,4,0.0851063829787234,real
2015-08-28,first_session_purchase,3,2015-08-31,true,47,2,0.0425531914893617,real
2015-08-28,first_session_purchase,7,2015-09-04,true,47,2,0.0425531914893617,real
2015-08-28,first_session_purchase,14,2015-09-11,true,47,1,0.02127659574468085,real
2015-08-28,first_session_purchase,30,2015-09-27,false,47,,,real
2015-08-29,all,1,2015-08-30,true,7827,210,0.026830203142966653,real
2015-08-29,all,3,2015-09-01,true,7827,69,0.008815638175546186,real
2015-08-29,all,7,2015-09-05,true,7827,26,0.0033218346748434906,real
2015-08-29,all,14,2015-09-12,true,7827,23,0.0029385460585153954,real
2015-08-29,all,30,2015-09-28,false,7827,,,real
2015-08-29,browse_only,1,2015-08-30,true,7643,197,0.025775219154782154,real
2015-08-29,browse_only,3,2015-09-01,true,7643,66,0.008635352610231585,real
2015-08-29,browse_only,7,2015-09-05,true,7643,25,0.003270966897814994,real
2015-08-29,browse_only,14,2015-09-12,true,7643,23,0.0030092895459897947,real
2015-08-29,browse_only,30,2015-09-28,false,7643,,,real
2015-08-29,cart_no_purchase,1,2015-08-30,true,151,9,0.059602649006622516,real
2015-08-29,cart_no_purchase,3,2015-09-01,true,151,2,0.013245033112582781,real
2015-08-29,cart_no_purchase,7,2015-09-05,true,151,1,0.006622516556291391,real
2015-08-29,cart_no_purchase,14,2015-09-12,true,151,0,0.0,real
2015-08-29,cart_no_purchase,30,2015-09-28,false,151,,,real
2015-08-29,first_session_purchase,1,2015-08-30,true,33,4,0.12121212121212122,real
2015-08-29,first_session_purchase,3,2015-09-01,true,33,1,0.030303030303030304,real
2015-08-29,first_session_purchase,7,2015-09-05,true,33,0,0.0,real
2015-08-29,first_session_purchase,14,2015-09-12,true,33,0,0.0,real
2015-08-29,first_session_purchase,30,2015-09-28,false,33,,,real
2015-08-30,all,1,2015-08-31,true,8415,245,0.029114676173499703,real
2015-08-30,all,3,2015-09-02,true,8415,62,0.00736779560308972,real
2015-08-30,all,7,2015-09-06,true,8415,55,0.006535947712418301,real
2015-08-30,all,14,2015-09-13,true,8415,24,0.00285204991087344,real
2015-08-30,all,30,2015-09-29,false,8415,,,real
2015-08-30,browse_only,1,2015-08-31,true,8174,228,0.027893320283826767,real
2015-08-30,browse_only,3,2015-09-02,true,8174,59,0.007218008319060436,real
2015-08-30,browse_only,7,2015-09-06,true,8174,49,0.005994617078541717,real
2015-08-30,browse_only,14,2015-09-13,true,8174,21,0.0025691216050893074,real
2015-08-30,browse_only,30,2015-09-29,false,8174,,,real
2015-08-30,cart_no_purchase,1,2015-08-31,true,177,13,0.07344632768361582,real
2015-08-30,cart_no_purchase,3,2015-09-02,true,177,2,0.011299435028248588,real
2015-08-30,cart_no_purchase,7,2015-09-06,true,177,6,0.03389830508474576,real
2015-08-30,cart_no_purchase,14,2015-09-13,true,177,3,0.01694915254237288,real
2015-08-30,cart_no_purchase,30,2015-09-29,false,177,,,real
2015-08-30,first_session_purchase,1,2015-08-31,true,64,4,0.0625,real
2015-08-30,first_session_purchase,3,2015-09-02,true,64,1,0.015625,real
2015-08-30,first_session_purchase,7,2015-09-06,true,64,0,0.0,real
2015-08-30,first_session_purchase,14,2015-09-13,true,64,0,0.0,real
2015-08-30,first_session_purchase,30,2015-09-29,false,64,,,real
2015-08-31,all,1,2015-09-01,true,9750,266,0.027282051282051283,real
2015-08-31,all,3,2015-09-03,true,9750,78,0.008,real
2015-08-31,all,7,2015-09-07,true,9750,61,0.006256410256410256,real
2015-08-31,all,14,2015-09-14,true,9750,24,0.0024615384615384616,real
2015-08-31,all,30,2015-09-30,false,9750,,,real
2015-08-31,browse_only,1,2015-09-01,true,9530,248,0.02602308499475341,real
2015-08-31,browse_only,3,2015-09-03,true,9530,74,0.00776495278069255,real
2015-08-31,browse_only,7,2015-09-07,true,9530,57,0.005981112277019937,real
2015-08-31,browse_only,14,2015-09-14,true,9530,22,0.002308499475341028,real
2015-08-31,browse_only,30,2015-09-30,false,9530,,,real
2015-08-31,cart_no_purchase,1,2015-09-01,true,160,13,0.08125,real
2015-08-31,cart_no_purchase,3,2015-09-03,true,160,3,0.01875,real
2015-08-31,cart_no_purchase,7,2015-09-07,true,160,3,0.01875,real
2015-08-31,cart_no_purchase,14,2015-09-14,true,160,1,0.00625,real
2015-08-31,cart_no_purchase,30,2015-09-30,false,160,,,real
2015-08-31,first_session_purchase,1,2015-09-01,true,60,5,0.08333333333333333,real
2015-08-31,first_session_purchase,3,2015-09-03,true,60,1,0.016666666666666666,real
2015-08-31,first_session_purchase,7,2015-09-07,true,60,1,0.016666666666666666,real
2015-08-31,first_session_purchase,14,2015-09-14,true,60,1,0.016666666666666666,real
2015-08-31,first_session_purchase,30,2015-09-30,false,60,,,real
2015-09-01,all,1,2015-09-02,true,9300,236,0.025376344086021504,real
2015-09-01,all,3,2015-09-04,true,9300,80,0.008602150537634409,real
2015-09-01,all,7,2015-09-08,true,9300,50,0.005376344086021506,real
2015-09-01,all,14,2015-09-15,true,9300,33,0.0035483870967741938,real
2015-09-01,all,30,2015-10-01,false,9300,,,real
2015-09-01,browse_only,1,2015-09-02,true,9099,227,0.024947796461149578,real
2015-09-01,browse_only,3,2015-09-04,true,9099,76,0.008352566216067699,real
2015-09-01,browse_only,7,2015-09-08,true,9099,47,0.005165402791515551,real
2015-09-01,browse_only,14,2015-09-15,true,9099,30,0.003297065611605671,real
2015-09-01,browse_only,30,2015-10-01,false,9099,,,real
2015-09-01,cart_no_purchase,1,2015-09-02,true,154,6,0.03896103896103896,real
2015-09-01,cart_no_purchase,3,2015-09-04,true,154,1,0.006493506493506494,real
2015-09-01,cart_no_purchase,7,2015-09-08,true,154,0,0.0,real
2015-09-01,cart_no_purchase,14,2015-09-15,true,154,3,0.01948051948051948,real
2015-09-01,cart_no_purchase,30,2015-10-01,false,154,,,real
2015-09-01,first_session_purchase,1,2015-09-02,true,47,3,0.06382978723404255,real
2015-09-01,first_session_purchase,3,2015-09-04,true,47,3,0.06382978723404255,real
2015-09-01,first_session_purchase,7,2015-09-08,true,47,3,0.06382978723404255,real
2015-09-01,first_session_purchase,14,2015-09-15,true,47,0,0.0,real
2015-09-01,first_session_purchase,30,2015-10-01,false,47,,,real
2015-09-02,all,1,2015-09-03,true,9016,271,0.030057675244010647,real
2015-09-02,all,3,2015-09-05,true,9016,57,0.006322094055013309,real
2015-09-02,all,7,2015-09-09,true,9016,40,0.0044365572315882874,real
2015-09-02,all,14,2015-09-16,true,9016,9,0.0009982253771073646,real
2015-09-02,all,30,2015-10-02,false,9016,,,real
2015-09-02,browse_only,1,2015-09-03,true,8833,258,0.029208649382995586,real
2015-09-02,browse_only,3,2015-09-05,true,8833,54,0.006113438242952564,real
2015-09-02,browse_only,7,2015-09-09,true,8833,38,0.004302049133929582,real
2015-09-02,browse_only,14,2015-09-16,true,8833,9,0.0010189063738254274,real
2015-09-02,browse_only,30,2015-10-02,false,8833,,,real
2015-09-02,cart_no_purchase,1,2015-09-03,true,136,9,0.0661764705882353,real
2015-09-02,cart_no_purchase,3,2015-09-05,true,136,3,0.022058823529411766,real
2015-09-02,cart_no_purchase,7,2015-09-09,true,136,2,0.014705882352941176,real
2015-09-02,cart_no_purchase,14,2015-09-16,true,136,0,0.0,real
2015-09-02,cart_no_purchase,30,2015-10-02,false,136,,,real
2015-09-02,first_session_purchase,1,2015-09-03,true,47,4,0.0851063829787234,real
2015-09-02,first_session_purchase,3,2015-09-05,true,47,0,0.0,real
2015-09-02,first_session_purchase,7,2015-09-09,true,47,0,0.0,real
2015-09-02,first_session_purchase,14,2015-09-16,true,47,0,0.0,real
2015-09-02,first_session_purchase,30,2015-10-02,false,47,,,real
2015-09-03,all,1,2015-09-04,true,9628,278,0.028874117158288325,real
2015-09-03,all,3,2015-09-06,true,9628,64,0.006647278770253427,real
2015-09-03,all,7,2015-09-10,true,9628,66,0.006855006231823847,real
2015-09-03,all,14,2015-09-17,true,9628,16,0.0016618196925633569,real
2015-09-03,all,30,2015-10-03,false,9628,,,real
2015-09-03,browse_only,1,2015-09-04,true,9418,270,0.02866850711403695,real
2015-09-03,browse_only,3,2015-09-06,true,9418,62,0.006583138670630707,real
2015-09-03,browse_only,7,2015-09-10,true,9418,61,0.006476959014652793,real
2015-09-03,browse_only,14,2015-09-17,true,9418,15,0.0015926948396687195,real
2015-09-03,browse_only,30,2015-10-03,false,9418,,,real
2015-09-03,cart_no_purchase,1,2015-09-04,true,167,4,0.023952095808383235,real
2015-09-03,cart_no_purchase,3,2015-09-06,true,167,2,0.011976047904191617,real
2015-09-03,cart_no_purchase,7,2015-09-10,true,167,2,0.011976047904191617,real
2015-09-03,cart_no_purchase,14,2015-09-17,true,167,1,0.005988023952095809,real
2015-09-03,cart_no_purchase,30,2015-10-03,false,167,,,real
2015-09-03,first_session_purchase,1,2015-09-04,true,43,4,0.09302325581395349,real
2015-09-03,first_session_purchase,3,2015-09-06,true,43,0,0.0,real
2015-09-03,first_session_purchase,7,2015-09-10,true,43,3,0.06976744186046512,real
2015-09-03,first_session_purchase,14,2015-09-17,true,43,0,0.0,real
2015-09-03,first_session_purchase,30,2015-10-03,false,43,,,real
2015-09-04,all,1,2015-09-05,true,9099,180,0.019782393669634024,real
2015-09-04,all,3,2015-09-07,true,9099,116,0.012748653698208594,real
2015-09-04,all,7,2015-09-11,true,9099,37,0.004066380920980327,real
2015-09-04,all,14,2015-09-18,true,9099,1,0.00010990218705352236,real
2015-09-04,all,30,2015-10-04,false,9099,,,real
2015-09-04,browse_only,1,2015-09-05,true,8905,168,0.018865805727119597,real
2015-09-04,browse_only,3,2015-09-07,true,8905,111,0.012464907355418305,real
2015-09-04,browse_only,7,2015-09-11,true,8905,36,0.004042672655811342,real
2015-09-04,browse_only,14,2015-09-18,true,8905,1,0.00011229646266142616,real
2015-09-04,browse_only,30,2015-10-04,false,8905,,,real
2015-09-04,cart_no_purchase,1,2015-09-05,true,152,9,0.05921052631578947,real
2015-09-04,cart_no_purchase,3,2015-09-07,true,152,4,0.02631578947368421,real
2015-09-04,cart_no_purchase,7,2015-09-11,true,152,1,0.006578947368421052,real
2015-09-04,cart_no_purchase,14,2015-09-18,true,152,0,0.0,real
2015-09-04,cart_no_purchase,30,2015-10-04,false,152,,,real
2015-09-04,first_session_purchase,1,2015-09-05,true,42,3,0.07142857142857142,real
2015-09-04,first_session_purchase,3,2015-09-07,true,42,1,0.023809523809523808,real
2015-09-04,first_session_purchase,7,2015-09-11,true,42,0,0.0,real
2015-09-04,first_session_purchase,14,2015-09-18,true,42,0,0.0,real
2015-09-04,first_session_purchase,30,2015-10-04,false,42,,,real
2015-09-05,all,1,2015-09-06,true,7666,214,0.027915470910513957,real
2015-09-05,all,3,2015-09-08,true,7666,47,0.006130967910253066,real
2015-09-05,all,7,2015-09-12,true,7666,42,0.0054787372815027395,real
2015-09-05,all,14,2015-09-19,false,7666,,,real
2015-09-05,all,30,2015-10-05,false,7666,,,real
2015-09-05,browse_only,1,2015-09-06,true,7530,207,0.02749003984063745,real
2015-09-05,browse_only,3,2015-09-08,true,7530,45,0.00597609561752988,real
2015-09-05,browse_only,7,2015-09-12,true,7530,40,0.005312084993359893,real
2015-09-05,browse_only,14,2015-09-19,false,7530,,,real
2015-09-05,browse_only,30,2015-10-05,false,7530,,,real
2015-09-05,cart_no_purchase,1,2015-09-06,true,107,5,0.04672897196261682,real
2015-09-05,cart_no_purchase,3,2015-09-08,true,107,1,0.009345794392523364,real
2015-09-05,cart_no_purchase,7,2015-09-12,true,107,1,0.009345794392523364,real
2015-09-05,cart_no_purchase,14,2015-09-19,false,107,,,real
2015-09-05,cart_no_purchase,30,2015-10-05,false,107,,,real
2015-09-05,first_session_purchase,1,2015-09-06,true,29,2,0.06896551724137931,real
2015-09-05,first_session_purchase,3,2015-09-08,true,29,1,0.034482758620689655,real
2015-09-05,first_session_purchase,7,2015-09-12,true,29,1,0.034482758620689655,real
2015-09-05,first_session_purchase,14,2015-09-19,false,29,,,real
2015-09-05,first_session_purchase,30,2015-10-05,false,29,,,real
2015-09-06,all,1,2015-09-07,true,7866,199,0.025298754131706076,real
2015-09-06,all,3,2015-09-09,true,7866,67,0.00851767098906687,real
2015-09-06,all,7,2015-09-13,true,7866,30,0.0038138825324180014,real
2015-09-06,all,14,2015-09-20,false,7866,,,real
2015-09-06,all,30,2015-10-06,false,7866,,,real
2015-09-06,browse_only,1,2015-09-07,true,7699,184,0.0238992076893103,real
2015-09-06,browse_only,3,2015-09-09,true,7699,61,0.007923106896999611,real
2015-09-06,browse_only,7,2015-09-13,true,7699,30,0.0038966099493440705,real
2015-09-06,browse_only,14,2015-09-20,false,7699,,,real
2015-09-06,browse_only,30,2015-10-06,false,7699,,,real
2015-09-06,cart_no_purchase,1,2015-09-07,true,138,11,0.07971014492753623,real
2015-09-06,cart_no_purchase,3,2015-09-09,true,138,4,0.028985507246376812,real
2015-09-06,cart_no_purchase,7,2015-09-13,true,138,0,0.0,real
2015-09-06,cart_no_purchase,14,2015-09-20,false,138,,,real
2015-09-06,cart_no_purchase,30,2015-10-06,false,138,,,real
2015-09-06,first_session_purchase,1,2015-09-07,true,29,4,0.13793103448275862,real
2015-09-06,first_session_purchase,3,2015-09-09,true,29,2,0.06896551724137931,real
2015-09-06,first_session_purchase,7,2015-09-13,true,29,0,0.0,real
2015-09-06,first_session_purchase,14,2015-09-20,false,29,,,real
2015-09-06,first_session_purchase,30,2015-10-06,false,29,,,real
2015-09-07,all,1,2015-09-08,true,10078,311,0.03085929747965866,real
2015-09-07,all,3,2015-09-10,true,10078,94,0.00932724746973606,real
2015-09-07,all,7,2015-09-14,true,10078,52,0.005159753919428458,real
2015-09-07,all,14,2015-09-21,false,10078,,,real
2015-09-07,all,30,2015-10-07,false,10078,,,real
2015-09-07,browse_only,1,2015-09-08,true,9852,292,0.029638652050345108,real
2015-09-07,browse_only,3,2015-09-10,true,9852,90,0.009135200974421437,real
2015-09-07,browse_only,7,2015-09-14,true,9852,50,0.005075111652456354,real
2015-09-07,browse_only,14,2015-09-21,false,9852,,,real
2015-09-07,browse_only,30,2015-10-07,false,9852,,,real
2015-09-07,cart_no_purchase,1,2015-09-08,true,163,14,0.08588957055214724,real
2015-09-07,cart_no_purchase,3,2015-09-10,true,163,3,0.018404907975460124,real
2015-09-07,cart_no_purchase,7,2015-09-14,true,163,2,0.012269938650306749,real
2015-09-07,cart_no_purchase,14,2015-09-21,false,163,,,real
2015-09-07,cart_no_purchase,30,2015-10-07,false,163,,,real
2015-09-07,first_session_purchase,1,2015-09-08,true,63,5,0.07936507936507936,real
2015-09-07,first_session_purchase,3,2015-09-10,true,63,1,0.015873015873015872,real
2015-09-07,first_session_purchase,7,2015-09-14,true,63,0,0.0,real
2015-09-07,first_session_purchase,14,2015-09-21,false,63,,,real
2015-09-07,first_session_purchase,30,2015-10-07,false,63,,,real
2015-09-08,all,1,2015-09-09,true,10660,361,0.033864915572232646,real
2015-09-08,all,3,2015-09-11,true,10660,116,0.010881801125703566,real
2015-09-08,all,7,2015-09-15,true,10660,75,0.007035647279549718,real
2015-09-08,all,14,2015-09-22,false,10660,,,real
2015-09-08,all,30,2015-10-08,false,10660,,,real
2015-09-08,browse_only,1,2015-09-09,true,10422,337,0.0323354442525427,real
2015-09-08,browse_only,3,2015-09-11,true,10422,111,0.010650546919976972,real
2015-09-08,browse_only,7,2015-09-15,true,10422,72,0.0069084628670120895,real
2015-09-08,browse_only,14,2015-09-22,false,10422,,,real
2015-09-08,browse_only,30,2015-10-08,false,10422,,,real
2015-09-08,cart_no_purchase,1,2015-09-09,true,171,14,0.08187134502923976,real
2015-09-08,cart_no_purchase,3,2015-09-11,true,171,4,0.023391812865497075,real
2015-09-08,cart_no_purchase,7,2015-09-15,true,171,1,0.005847953216374269,real
2015-09-08,cart_no_purchase,14,2015-09-22,false,171,,,real
2015-09-08,cart_no_purchase,30,2015-10-08,false,171,,,real
2015-09-08,first_session_purchase,1,2015-09-09,true,67,10,0.14925373134328357,real
2015-09-08,first_session_purchase,3,2015-09-11,true,67,1,0.014925373134328358,real
2015-09-08,first_session_purchase,7,2015-09-15,true,67,2,0.029850746268656716,real
2015-09-08,first_session_purchase,14,2015-09-22,false,67,,,real
2015-09-08,first_session_purchase,30,2015-10-08,false,67,,,real
2015-09-09,all,1,2015-09-10,true,10704,293,0.027372944693572498,real
2015-09-09,all,3,2015-09-12,true,10704,60,0.005605381165919282,real
2015-09-09,all,7,2015-09-16,true,10704,33,0.003082959641255605,real
2015-09-09,all,14,2015-09-23,false,10704,,,real
2015-09-09,all,30,2015-10-09,false,10704,,,real
2015-09-09,browse_only,1,2015-09-10,true,10457,275,0.026298173472315195,real
2015-09-09,browse_only,3,2015-09-12,true,10457,59,0.0056421535813330785,real
2015-09-09,browse_only,7,2015-09-16,true,10457,30,0.002868891651525294,real
2015-09-09,browse_only,14,2015-09-23,false,10457,,,real
2015-09-09,browse_only,30,2015-10-09,false,10457,,,real
2015-09-09,cart_no_purchase,1,2015-09-10,true,180,13,0.07222222222222222,real
2015-09-09,cart_no_purchase,3,2015-09-12,true,180,1,0.005555555555555556,real
2015-09-09,cart_no_purchase,7,2015-09-16,true,180,2,0.011111111111111112,real
2015-09-09,cart_no_purchase,14,2015-09-23,false,180,,,real
2015-09-09,cart_no_purchase,30,2015-10-09,false,180,,,real
2015-09-09,first_session_purchase,1,2015-09-10,true,67,5,0.07462686567164178,real
2015-09-09,first_session_purchase,3,2015-09-12,true,67,0,0.0,real
2015-09-09,first_session_purchase,7,2015-09-16,true,67,1,0.014925373134328358,real
2015-09-09,first_session_purchase,14,2015-09-23,false,67,,,real
2015-09-09,first_session_purchase,30,2015-10-09,false,67,,,real
2015-09-10,all,1,2015-09-11,true,11596,310,0.026733356329768886,real
2015-09-10,all,3,2015-09-13,true,11596,73,0.006295274232493963,real
2015-09-10,all,7,2015-09-17,true,11596,33,0.0028458088996205586,real
2015-09-10,all,14,2015-09-24,false,11596,,,real
2015-09-10,all,30,2015-10-10,false,11596,,,real
2015-09-10,browse_only,1,2015-09-11,true,11358,294,0.025884838880084523,real
2015-09-10,browse_only,3,2015-09-13,true,11358,69,0.006075013206550449,real
2015-09-10,browse_only,7,2015-09-17,true,11358,32,0.002817397429124846,real
2015-09-10,browse_only,14,2015-09-24,false,11358,,,real
2015-09-10,browse_only,30,2015-10-10,false,11358,,,real
2015-09-10,cart_no_purchase,1,2015-09-11,true,184,10,0.05434782608695652,real
2015-09-10,cart_no_purchase,3,2015-09-13,true,184,3,0.016304347826086956,real
2015-09-10,cart_no_purchase,7,2015-09-17,true,184,1,0.005434782608695652,real
2015-09-10,cart_no_purchase,14,2015-09-24,false,184,,,real
2015-09-10,cart_no_purchase,30,2015-10-10,false,184,,,real
2015-09-10,first_session_purchase,1,2015-09-11,true,54,6,0.1111111111111111,real
2015-09-10,first_session_purchase,3,2015-09-13,true,54,1,0.018518518518518517,real
2015-09-10,first_session_purchase,7,2015-09-17,true,54,0,0.0,real
2015-09-10,first_session_purchase,14,2015-09-24,false,54,,,real
2015-09-10,first_session_purchase,30,2015-10-10,false,54,,,real
2015-09-11,all,1,2015-09-12,true,10704,212,0.019805680119581465,real
2015-09-11,all,3,2015-09-14,true,10704,144,0.013452914798206279,real
2015-09-11,all,7,2015-09-18,true,10704,3,0.0002802690582959641,real
2015-09-11,all,14,2015-09-25,false,10704,,,real
2015-09-11,all,30,2015-10-11,false,10704,,,real
2015-09-11,browse_only,1,2015-09-12,true,10459,201,0.019217898460655896,real
2015-09-11,browse_only,3,2015-09-14,true,10459,138,0.013194378047614495,real
2015-09-11,browse_only,7,2015-09-18,true,10459,3,0.0002868343053829238,real
2015-09-11,browse_only,14,2015-09-25,false,10459,,,real
2015-09-11,browse_only,30,2015-10-11,false,10459,,,real
2015-09-11,cart_no_purchase,1,2015-09-12,true,192,7,0.036458333333333336,real
2015-09-11,cart_no_purchase,3,2015-09-14,true,192,4,0.020833333333333332,real
2015-09-11,cart_no_purchase,7,2015-09-18,true,192,0,0.0,real
2015-09-11,cart_no_purchase,14,2015-09-25,false,192,,,real
2015-09-11,cart_no_purchase,30,2015-10-11,false,192,,,real
2015-09-11,first_session_purchase,1,2015-09-12,true,53,4,0.07547169811320754,real
2015-09-11,first_session_purchase,3,2015-09-14,true,53,2,0.03773584905660377,real
2015-09-11,first_session_purchase,7,2015-09-18,true,53,0,0.0,real
2015-09-11,first_session_purchase,14,2015-09-25,false,53,,,real
2015-09-11,first_session_purchase,30,2015-10-11,false,53,,,real
2015-09-12,all,1,2015-09-13,true,8349,231,0.02766798418972332,real
2015-09-12,all,3,2015-09-15,true,8349,64,0.007665588693256678,real
2015-09-12,all,7,2015-09-19,false,8349,,,real
2015-09-12,all,14,2015-09-26,false,8349,,,real
2015-09-12,all,30,2015-10-12,false,8349,,,real
2015-09-12,browse_only,1,2015-09-13,true,8160,217,0.02659313725490196,real
2015-09-12,browse_only,3,2015-09-15,true,8160,59,0.007230392156862745,real
2015-09-12,browse_only,7,2015-09-19,false,8160,,,real
2015-09-12,browse_only,14,2015-09-26,false,8160,,,real
2015-09-12,browse_only,30,2015-10-12,false,8160,,,real
2015-09-12,cart_no_purchase,1,2015-09-13,true,151,9,0.059602649006622516,real
2015-09-12,cart_no_purchase,3,2015-09-15,true,151,3,0.019867549668874173,real
2015-09-12,cart_no_purchase,7,2015-09-19,false,151,,,real
2015-09-12,cart_no_purchase,14,2015-09-26,false,151,,,real
2015-09-12,cart_no_purchase,30,2015-10-12,false,151,,,real
2015-09-12,first_session_purchase,1,2015-09-13,true,38,5,0.13157894736842105,real
2015-09-12,first_session_purchase,3,2015-09-15,true,38,2,0.05263157894736842,real
2015-09-12,first_session_purchase,7,2015-09-19,false,38,,,real
2015-09-12,first_session_purchase,14,2015-09-26,false,38,,,real
2015-09-12,first_session_purchase,30,2015-10-12,false,38,,,real
2015-09-13,all,1,2015-09-14,true,9112,252,0.0276558384547849,real
2015-09-13,all,3,2015-09-16,true,9112,36,0.003950834064969272,real
2015-09-13,all,7,2015-09-20,false,9112,,,real
2015-09-13,all,14,2015-09-27,false,9112,,,real
2015-09-13,all,30,2015-10-13,false,9112,,,real
2015-09-13,browse_only,1,2015-09-14,true,8928,240,0.026881720430107527,real
2015-09-13,browse_only,3,2015-09-16,true,8928,33,0.003696236559139785,real
2015-09-13,browse_only,7,2015-09-20,false,8928,,,real
2015-09-13,browse_only,14,2015-09-27,false,8928,,,real
2015-09-13,browse_only,30,2015-10-13,false,8928,,,real
2015-09-13,cart_no_purchase,1,2015-09-14,true,147,6,0.04081632653061224,real
2015-09-13,cart_no_purchase,3,2015-09-16,true,147,2,0.013605442176870748,real
2015-09-13,cart_no_purchase,7,2015-09-20,false,147,,,real
2015-09-13,cart_no_purchase,14,2015-09-27,false,147,,,real
2015-09-13,cart_no_purchase,30,2015-10-13,false,147,,,real
2015-09-13,first_session_purchase,1,2015-09-14,true,37,6,0.16216216216216217,real
2015-09-13,first_session_purchase,3,2015-09-16,true,37,1,0.02702702702702703,real
2015-09-13,first_session_purchase,7,2015-09-20,false,37,,,real
2015-09-13,first_session_purchase,14,2015-09-27,false,37,,,real
2015-09-13,first_session_purchase,30,2015-10-13,false,37,,,real
2015-09-14,all,1,2015-09-15,true,11075,280,0.02528216704288939,real
2015-09-14,all,3,2015-09-17,true,11075,36,0.0032505643340857786,real
2015-09-14,all,7,2015-09-21,false,11075,,,real
2015-09-14,all,14,2015-09-28,false,11075,,,real
2015-09-14,all,30,2015-10-14,false,11075,,,real
2015-09-14,browse_only,1,2015-09-15,true,10845,268,0.02471184877823882,real
2015-09-14,browse_only,3,2015-09-17,true,10845,35,0.003227293683725219,real
2015-09-14,browse_only,7,2015-09-21,false,10845,,,real
2015-09-14,browse_only,14,2015-09-28,false,10845,,,real
2015-09-14,browse_only,30,2015-10-14,false,10845,,,real
2015-09-14,cart_no_purchase,1,2015-09-15,true,174,8,0.04597701149425287,real
2015-09-14,cart_no_purchase,3,2015-09-17,true,174,1,0.005747126436781609,real
2015-09-14,cart_no_purchase,7,2015-09-21,false,174,,,real
2015-09-14,cart_no_purchase,14,2015-09-28,false,174,,,real
2015-09-14,cart_no_purchase,30,2015-10-14,false,174,,,real
2015-09-14,first_session_purchase,1,2015-09-15,true,56,4,0.07142857142857142,real
2015-09-14,first_session_purchase,3,2015-09-17,true,56,0,0.0,real
2015-09-14,first_session_purchase,7,2015-09-21,false,56,,,real
2015-09-14,first_session_purchase,14,2015-09-28,false,56,,,real
2015-09-14,first_session_purchase,30,2015-10-14,false,56,,,real
2015-09-15,all,1,2015-09-16,true,10367,173,0.01668756631619562,real
2015-09-15,all,3,2015-09-18,true,10367,7,0.0006752194463200541,real
2015-09-15,all,7,2015-09-22,false,10367,,,real
2015-09-15,all,14,2015-09-29,false,10367,,,real
2015-09-15,all,30,2015-10-15,false,10367,,,real
2015-09-15,browse_only,1,2015-09-16,true,10174,168,0.01651267937880873,real
2015-09-15,browse_only,3,2015-09-18,true,10174,6,0.0005897385492431689,real
2015-09-15,browse_only,7,2015-09-22,false,10174,,,real
2015-09-15,browse_only,14,2015-09-29,false,10174,,,real
2015-09-15,browse_only,30,2015-10-15,false,10174,,,real
2015-09-15,cart_no_purchase,1,2015-09-16,true,150,1,0.006666666666666667,real
2015-09-15,cart_no_purchase,3,2015-09-18,true,150,1,0.006666666666666667,real
2015-09-15,cart_no_purchase,7,2015-09-22,false,150,,,real
2015-09-15,cart_no_purchase,14,2015-09-29,false,150,,,real
2015-09-15,cart_no_purchase,30,2015-10-15,false,150,,,real
2015-09-15,first_session_purchase,1,2015-09-16,true,43,4,0.09302325581395349,real
2015-09-15,first_session_purchase,3,2015-09-18,true,43,0,0.0,real
2015-09-15,first_session_purchase,7,2015-09-22,false,43,,,real
2015-09-15,first_session_purchase,14,2015-09-29,false,43,,,real
2015-09-15,first_session_purchase,30,2015-10-15,false,43,,,real
2015-09-16,all,1,2015-09-17,true,5612,140,0.024946543121881683,real
2015-09-16,all,3,2015-09-19,false,5612,,,real
2015-09-16,all,7,2015-09-23,false,5612,,,real
2015-09-16,all,14,2015-09-30,false,5612,,,real
2015-09-16,all,30,2015-10-16,false,5612,,,real
2015-09-16,browse_only,1,2015-09-17,true,5483,130,0.02370964800291811,real
2015-09-16,browse_only,3,2015-09-19,false,5483,,,real
2015-09-16,browse_only,7,2015-09-23,false,5483,,,real
2015-09-16,browse_only,14,2015-09-30,false,5483,,,real
2015-09-16,browse_only,30,2015-10-16,false,5483,,,real
2015-09-16,cart_no_purchase,1,2015-09-17,true,89,5,0.056179775280898875,real
2015-09-16,cart_no_purchase,3,2015-09-19,false,89,,,real
2015-09-16,cart_no_purchase,7,2015-09-23,false,89,,,real
2015-09-16,cart_no_purchase,14,2015-09-30,false,89,,,real
2015-09-16,cart_no_purchase,30,2015-10-16,false,89,,,real
2015-09-16,first_session_purchase,1,2015-09-17,true,40,5,0.125,real
2015-09-16,first_session_purchase,3,2015-09-19,false,40,,,real
2015-09-16,first_session_purchase,7,2015-09-23,false,40,,,real
2015-09-16,first_session_purchase,14,2015-09-30,false,40,,,real
2015-09-16,first_session_purchase,30,2015-10-16,false,40,,,real
2015-09-17,all,1,2015-09-18,true,5105,52,0.010186092066601371,real
2015-09-17,all,3,2015-09-20,false,5105,,,real
2015-09-17,all,7,2015-09-24,false,5105,,,real
2015-09-17,all,14,2015-10-01,false,5105,,,real
2015-09-17,all,30,2015-10-17,false,5105,,,real
2015-09-17,browse_only,1,2015-09-18,true,5002,49,0.009796081567373051,real
2015-09-17,browse_only,3,2015-09-20,false,5002,,,real
2015-09-17,browse_only,7,2015-09-24,false,5002,,,real
2015-09-17,browse_only,14,2015-10-01,false,5002,,,real
2015-09-17,browse_only,30,2015-10-17,false,5002,,,real
2015-09-17,cart_no_purchase,1,2015-09-18,true,90,2,0.022222222222222223,real
2015-09-17,cart_no_purchase,3,2015-09-20,false,90,,,real
2015-09-17,cart_no_purchase,7,2015-09-24,false,90,,,real
2015-09-17,cart_no_purchase,14,2015-10-01,false,90,,,real
2015-09-17,cart_no_purchase,30,2015-10-17,false,90,,,real
2015-09-17,first_session_purchase,1,2015-09-18,true,13,1,0.07692307692307693,real
2015-09-17,first_session_purchase,3,2015-09-20,false,13,,,real
2015-09-17,first_session_purchase,7,2015-09-24,false,13,,,real
2015-09-17,first_session_purchase,14,2015-10-01,false,13,,,real
2015-09-17,first_session_purchase,30,2015-10-17,false,13,,,real
2015-09-18,all,1,2015-09-19,false,780,,,real
2015-09-18,all,3,2015-09-21,false,780,,,real
2015-09-18,all,7,2015-09-25,false,780,,,real
2015-09-18,all,14,2015-10-02,false,780,,,real
2015-09-18,all,30,2015-10-18,false,780,,,real
2015-09-18,browse_only,1,2015-09-19,false,768,,,real
2015-09-18,browse_only,3,2015-09-21,false,768,,,real
2015-09-18,browse_only,7,2015-09-25,false,768,,,real
2015-09-18,browse_only,14,2015-10-02,false,768,,,real
2015-09-18,browse_only,30,2015-10-18,false,768,,,real
2015-09-18,cart_no_purchase,1,2015-09-19,false,10,,,real
2015-09-18,cart_no_purchase,3,2015-09-21,false,10,,,real
2015-09-18,cart_no_purchase,7,2015-09-25,false,10,,,real
2015-09-18,cart_no_purchase,14,2015-10-02,false,10,,,real
2015-09-18,cart_no_purchase,30,2015-10-18,false,10,,,real
2015-09-18,first_session_purchase,1,2015-09-19,false,2,,,real
2015-09-18,first_session_purchase,3,2015-09-21,false,2,,,real
2015-09-18,first_session_purchase,7,2015-09-25,false,2,,,real
2015-09-18,first_session_purchase,14,2015-10-02,false,2,,,real
2015-09-18,first_session_purchase,30,2015-10-18,false,2,,,real
