categoryid,parentid,root_categoryid,depth,view_session_count,cart_session_count,converted_session_count,viewing_visitor_count,distinct_transaction_count,session_conversion_rate,conversion_wilson_low_95,conversion_wilson_high_95,sibling_conversion_median,sibling_conversion_gap,category_opportunity_score,meets_sample_threshold,is_opportunity_candidate,eligible_sibling_count,data_origin
784,38,1394,3,2,0,0,2,0,0.0,0.0,0.6576197724933469,,,0.0,false,false,0,real
444,73,653,3,318,31,11,286,15,0.03459119496855346,0.019423009220452675,0.06086950161821788,0.032388663967611336,-0.002202531000942122,0.0,true,false,3,real
299,73,653,3,982,23,11,892,11,0.01120162932790224,0.006266162699800871,0.019946428168112908,0.032388663967611336,0.0211870346397091,20.805668016194335,true,true,3,real
527,73,653,3,247,13,8,216,8,0.032388663967611336,0.016501455322103526,0.06259814373929865,0.032388663967611336,0.0,0.0,true,false,3,real
478,105,1224,2,609,36,12,502,13,0.019704433497536946,0.011307038226668075,0.03412307819246279,0.030370243985667976,0.01066581048813103,6.495478587271797,true,false,3,real
1421,105,1224,2,4045,343,148,2924,173,0.03658838071693449,0.031228272747105212,0.042827839815037176,0.030370243985667976,-0.006218136731266512,0.0,true,false,3,real
744,105,1224,2,62,4,2,56,2,0.03225806451612903,0.008891371499816631,0.11020469594985441,0.030370243985667976,-0.0018878205304610554,0.0,false,false,3,real
618,105,1224,2,5861,439,178,3995,198,0.030370243985667976,0.026275245661422128,0.03508045531485818,0.030370243985667976,0.0,0.0,true,false,3,real
1222,105,1224,2,198,16,12,151,13,0.06060606060606061,0.03500564898628548,0.10293161614925385,0.030370243985667976,-0.030235816620392632,0.0,false,false,3,real
249,164,140,2,704,10,4,620,4,0.005681818181818182,0.00221170085977219,0.014517269551798074,0.004421520260561356,-0.0012602979212568257,0.0,true,false,2,real
396,164,140,2,949,13,3,677,7,0.003161222339304531,0.0010756706949764459,0.009252866890777462,0.004421520260561356,0.0012602979212568252,1.196022727272727,true,false,2,real
1290,164,140,2,2,1,0,2,0,0.0,0.0,0.6576197724933469,0.004421520260561356,0.004421520260561356,0.008843040521122713,false,false,2,real
1467,164,140,2,10,2,1,5,1,0.1,0.01787621309507289,0.4041500267952385,0.004421520260561356,-0.09557847973943864,0.0,false,false,2,real
1445,293,1532,2,2108,12,3,1871,4,0.0014231499051233396,0.00048411481136757215,0.004176016648590527,0.006574316887965184,0.005151166982841845,10.858659999830609,true,false,4,real
209,293,1532,2,9463,200,81,8417,100,0.008559653386875199,0.0068926897518479455,0.010625450753840146,0.006574316887965184,-0.0019853364989100147,0.0,true,false,4,real
828,293,1532,2,6638,153,55,5618,66,0.008285628201265442,0.006371533331392923,0.010768511267158434,0.006574316887965184,-0.0017113113133002573,0.0,true,false,4,real
1134,293,1532,2,8,0,0,8,0,0.0,0.0,0.32440756488388023,0.006574316887965184,0.006574316887965184,0.052594535103721474,false,false,4,real
1560,293,1532,2,174,0,0,169,0,0.0,0.0,0.021600468451887907,0.006574316887965184,0.006574316887965184,1.143931138505942,false,false,4,real
65,293,1532,2,8431,146,41,7276,54,0.004863005574664927,0.0035868967819025475,0.006590112381787878,0.006574316887965184,0.0017113113133002573,14.42806568243447,true,false,4,real
1074,339,1600,3,209,32,4,184,11,0.019138755980861243,0.007467237593175738,0.04816787638464109,0.022979339676254377,0.0038405836953931335,0.8026819923371649,true,false,2,real
1685,339,1600,3,261,28,7,231,14,0.02681992337164751,0.01305106036485321,0.05431550263529,0.022979339676254377,-0.0038405836953931335,0.0,true,false,2,real
1471,339,1600,3,148,14,5,103,5,0.033783783783783786,0.014515094986352802,0.07664221427685157,0.022979339676254377,-0.010804444107529409,0.0,false,false,2,real
221,362,431,2,48,0,0,47,0,0.0,0.0,0.0741001296661175,0.0,0.0,0.0,false,false,6,real
271,362,431,2,3,0,0,3,0,0.0,0.0,0.5614970317550455,0.0,0.0,0.0,false,false,6,real
350,362,431,2,54,0,0,49,0,0.0,0.0,0.0664135880908964,0.0,0.0,0.0,false,false,6,real
741,362,431,2,1699,0,0,1521,0,0.0,0.0,0.002255911024949166,0.0,0.0,0.0,true,false,6,real
508,362,431,2,428,0,0,394,0,0.0,0.0,0.008895530390214679,0.0,0.0,0.0,true,false,6,real
1069,362,431,2,843,0,0,724,0,0.0,0.0,0.004536219596574447,0.0,0.0,0.0,true,false,6,real
518,362,431,2,171,0,0,154,0,0.0,0.0,0.02197109796843821,0.0,0.0,0.0,false,false,6,real
1304,362,431,2,93,0,0,84,0,0.0,0.0,0.03966750261173514,0.0,0.0,0.0,false,false,6,real
1577,362,431,2,157,0,0,145,0,0.0,0.0,0.023883511433308864,0.0,0.0,0.0,false,false,6,real
512,362,431,2,159,0,0,147,0,0.0,0.0,0.023590176902824132,0.0,0.0,0.0,false,false,6,real
273,362,431,2,29,0,0,28,0,0.0,0.0,0.11696979849974075,0.0,0.0,0.0,false,false,6,real
674,362,431,2,1,0,0,1,0,0.0,0.0,0.7934506856227626,0.0,0.0,0.0,false,false,6,real
301,362,431,2,1,0,0,1,0,0.0,0.0,0.7934506856227626,0.0,0.0,0.0,false,false,6,real
1342,362,431,2,209,0,0,171,0,0.0,0.0,0.018048451847580686,0.0,0.0,0.0,true,false,6,real
1419,362,431,2,65,0,0,62,0,0.0,0.0,0.05580153132285689,0.0,0.0,0.0,false,false,6,real
598,362,431,2,570,0,0,487,0,0.0,0.0,0.006694285959381073,0.0,0.0,0.0,true,false,6,real
492,362,431,2,11,0,0,11,0,0.0,0.0,0.2588329669680317,0.0,0.0,0.0,false,false,6,real
1432,362,431,2,169,0,0,150,0,0.0,0.0,0.022225332087015413,0.0,0.0,0.0,false,false,6,real
952,362,431,2,285,0,0,244,0,0.0,0.0,0.01329954098825824,0.0,0.0,0.0,true,false,6,real
111,362,431,2,100,0,0,90,0,0.0,0.0,0.03699349820698568,0.0,0.0,0.0,false,false,6,real
278,362,431,2,117,0,0,111,0,0.0,0.0,0.03178924566273338,0.0,0.0,0.0,false,false,6,real
189,586,140,3,83,0,0,76,0,0.0,0.0,0.04423530964197384,,,0.0,false,false,0,real
660,586,140,3,169,7,2,140,2,0.011834319526627219,0.0032514194936283467,0.042116508283635216,,,0.0,false,false,0,real
511,724,250,2,407,15,5,377,7,0.012285012285012284,0.005258527856217969,0.028431983467603984,0.012285012285012284,0.0,0.0,true,false,1,real
363,994,755,2,114,0,0,106,0,0.0,0.0,0.03259853415884162,,,0.0,false,false,0,real
864,994,755,2,52,0,0,47,0,0.0,0.0,0.06879223612386234,,,0.0,false,false,0,real
10,994,755,2,2,0,0,2,0,0.0,0.0,0.6576197724933469,,,0.0,false,false,0,real
531,1058,140,3,3802,125,47,3414,54,0.012361914781693845,0.009309314585161637,0.01639891837181813,0.015330088223417828,0.002968173441723983,11.284995425434584,true,false,2,real
473,1058,140,3,1093,40,20,1010,27,0.018298261665141813,0.011876106990489566,0.028094536413008093,0.015330088223417828,-0.002968173441723985,0.0,true,false,2,real
848,1228,140,4,41,2,0,41,0,0.0,0.0,0.08566757018443186,0.013303769401330377,0.013303769401330377,0.5454545454545454,false,false,1,real
838,1228,140,4,143,11,2,127,3,0.013986013986013986,0.003843886630340057,0.049556964080828714,0.013303769401330377,-0.0006822445846836091,0.0,false,false,1,real
1085,1228,140,4,902,28,12,820,16,0.013303769401330377,0.007626447153847653,0.02310901825192064,0.013303769401330377,0.0,0.0,true,false,1,real
15,1327,1057,3,1,0,0,1,0,0.0,0.0,0.7934506856227626,,,0.0,false,false,0,real
1449,1439,755,2,3,0,0,3,0,0.0,0.0,0.5614970317550455,,,0.0,false,false,0,real
806,1497,1490,2,5372,143,31,4777,37,0.00577066269545793,0.004068464594758667,0.008179191762863506,0.004237904057912667,-0.0015327586375452635,0.0,true,false,4,real
1188,1497,1490,2,4825,64,7,4278,9,0.001450777202072539,0.0007029413495305044,0.002991828705117633,0.004237904057912667,0.002787126855840128,13.447887079428618,true,false,4,real
333,1497,1490,2,12663,332,52,11068,64,0.0041064518676458975,0.0031330696520595683,0.005380612244984902,0.004237904057912667,0.00013145219026676914,1.6645790853480975,true,false,4,real
1116,1497,1490,2,155,9,0,136,2,0.0,0.0,0.024184232814371848,0.004237904057912667,0.004237904057912667,0.6568751289764634,false,false,4,real
56,1497,1490,2,6866,143,30,6077,31,0.004369356248179435,0.003062399781224392,0.006230603442121235,0.004237904057912667,-0.00013145219026676827,0.0,true,false,4,real
1676,1618,1600,3,83,6,1,78,2,0.012048192771084338,0.002129977428108269,0.06513580668032404,0.01171875,-0.000329442771084338,0.0,false,false,1,real
135,1618,1600,3,256,8,3,233,3,0.01171875,0.003993287123007759,0.033881572667882304,0.01171875,0.0,0.0,true,false,1,real
1321,1618,1600,3,149,7,1,137,2,0.006711409395973154,0.0011857126133513257,0.03703336005034936,0.01171875,0.005007340604026846,0.74609375,false,false,1,real
1275,1618,1600,3,29,9,0,28,3,0.0,0.0,0.11696979849974075,0.01171875,0.01171875,0.33984375,false,false,1,real
1380,1618,1600,3,39,0,0,37,0,0.0,0.0,0.08966685370757144,0.01171875,0.01171875,0.45703125,false,false,1,real
1563,121,140,3,61,1,0,53,0,0.0,0.0,0.059243867898112826,0.01977186311787072,0.01977186311787072,1.206083650190114,false,false,5,real
1411,121,140,3,3,0,0,3,0,0.0,0.0,0.5614970317550455,0.01977186311787072,0.01977186311787072,0.05931558935361216,false,false,5,real
1642,121,140,3,1315,71,26,1119,30,0.01977186311787072,0.013528105171371952,0.028813192523824447,0.01977186311787072,0.0,0.0,true,false,5,real
1390,121,140,3,1784,72,28,1570,32,0.01569506726457399,0.010881025564664974,0.022590319741404324,0.01977186311787072,0.0040767958532967295,7.273003802281366,true,false,5,real
1349,121,140,3,3005,138,64,2560,77,0.02129783693843594,0.016714215595304137,0.027103798954511645,0.01977186311787072,-0.0015259738205652199,0.0,true,false,5,real
563,121,140,3,43,2,0,37,0,0.0,0.0,0.08200980322579117,0.01977186311787072,0.01977186311787072,0.850190114068441,false,false,5,real
1228,121,140,3,1805,56,18,1543,23,0.009972299168975069,0.006317222729774836,0.015708731300861693,0.01977186311787072,0.009799563948895652,17.688212927756652,true,false,5,real
1219,121,140,3,6025,373,130,5108,148,0.021576763485477178,0.018201310106056124,0.025561900557689598,0.01977186311787072,-0.0018049003676064573,0.0,true,false,5,real
123,214,1394,3,477,0,0,432,0,0.0,0.0,0.007989034119719294,0.0,0.0,0.0,true,false,2,real
564,214,1394,3,385,0,0,367,0,0.0,0.0,0.009879241869796428,0.0,0.0,0.0,true,false,2,real
914,226,1532,3,5151,132,68,4517,83,0.013201320132013201,0.01042728591895124,0.016700892500853458,0.013201320132013201,0.0,0.0,true,false,3,real
1043,226,1532,3,1243,50,20,1069,56,0.016090104585679808,0.010439719271342372,0.024722296324578622,0.013201320132013201,-0.002888784453666606,0.0,true,false,3,real
634,226,1532,3,169,7,4,146,4,0.023668639053254437,0.009241881068595198,0.05926864239891652,0.013201320132013201,-0.010467318921241236,0.0,false,false,3,real
677,226,1532,3,235,4,2,219,3,0.00851063829787234,0.002337035157692965,0.030494194643917644,0.013201320132013201,0.004690681834140861,1.1023102310231023,true,false,3,real
568,384,140,2,1974,58,18,1784,21,0.00911854103343465,0.005775680317997411,0.014368228913458356,0.00911854103343465,0.0,0.0,true,false,1,real
1458,384,140,2,2,0,0,2,0,0.0,0.0,0.6576197724933469,0.00911854103343465,0.00911854103343465,0.0182370820668693,false,false,1,real
988,727,378,2,2324,19,12,2079,12,0.0051635111876075735,0.0029562352248211,0.00900396881536249,0.004322399632097956,-0.0008411115555096178,0.0,true,false,2,real
1118,727,378,2,54,0,0,53,0,0.0,0.0,0.0664135880908964,0.004322399632097956,0.004322399632097956,0.2334095801332896,false,false,2,real
1535,727,378,2,1149,13,4,1024,6,0.0034812880765883376,0.0013546124374301455,0.008916929004883539,0.004322399632097956,0.0008411115555096182,0.9664371772805513,true,false,2,real
1151,781,1600,4,1111,83,26,842,28,0.023402340234023402,0.01601970349792187,0.03406944449605796,0.023402340234023402,0.0,0.0,true,false,3,real
758,781,1600,4,242,7,6,224,7,0.024793388429752067,0.011411458103998856,0.05302624453853299,0.023402340234023402,-0.0013910481957286648,0.0,true,false,3,real
748,781,1600,4,19,0,0,18,0,0.0,0.0,0.16817922405261626,0.023402340234023402,0.023402340234023402,0.4446444644464446,false,false,3,real
549,781,1600,4,414,14,5,388,5,0.012077294685990338,0.0051694301038633355,0.027956671982224374,0.023402340234023402,0.011325045548033064,4.688568856885689,true,false,3,real
1351,795,250,2,278,1,0,265,0,0.0,0.0,0.013629857142976395,0.0,0.0,0.0,true,false,1,real
220,795,250,2,77,0,0,74,0,0.0,0.0,0.04751842528243408,0.0,0.0,0.0,false,false,1,real
134,1028,140,3,18,3,0,18,0,0.0,0.0,0.17587922364665765,0.0027701846789785984,0.0027701846789785984,0.04986332422161477,false,false,2,real
1367,1028,140,3,11,2,1,11,1,0.09090909090909091,0.01623217288588484,0.37735843645159567,0.0027701846789785984,-0.08813890623011231,0.0,false,false,2,real
662,1028,140,3,20,3,1,19,1,0.05,0.008881448800795402,0.23613119344674208,0.0027701846789785984,-0.047229815321021405,0.0,false,false,2,real
159,1028,140,3,795,17,3,733,6,0.0037735849056603774,0.0012841715498110228,0.011035493024462299,0.0027701846789785984,-0.001003400226681779,0.0,true,false,2,real
229,1028,140,3,566,9,1,550,1,0.0017667844522968198,0.00031194895050163106,0.00993907566392923,0.0027701846789785984,0.0010034002266817786,0.5679245283018867,true,false,2,real
1093,1101,250,3,59,6,2,54,2,0.03389830508474576,0.00934590909166131,0.11543570750110753,,,0.0,false,false,0,real
708,1101,250,3,5,1,0,5,0,0.0,0.0,0.43448246478317476,,,0.0,false,false,0,real
88,1101,250,3,3,0,0,3,0,0.0,0.0,0.5614970317550455,,,0.0,false,false,0,real
449,1139,679,2,285,23,4,258,4,0.014035087719298246,0.005471148174372578,0.03552524780368894,0.014035087719298246,0.0,0.0,true,false,3,real
550,1139,679,2,330,5,0,312,1,0.0,0.0,0.011506835712569085,0.014035087719298246,0.014035087719298246,4.631578947368421,true,false,3,real
310,1139,679,2,529,39,13,458,14,0.024574669187145556,0.014416822186408504,0.04158756397141867,0.014035087719298246,-0.01053958146784731,0.0,true,false,3,real
258,1139,679,2,105,1,0,98,0,0.0,0.0,0.035294076929109894,0.014035087719298246,0.014035087719298246,1.4736842105263157,false,false,3,real
966,1157,395,3,1,0,0,1,0,0.0,0.0,0.7934506856227626,,,0.0,false,false,0,real
96,1290,140,3,21,0,0,20,0,0.0,0.0,0.154639018924847,0.011191351540616247,0.011191351540616247,0.23501838235294117,false,false,2,real
172,1290,140,3,448,8,3,372,4,0.006696428571428571,0.002279950166667115,0.01950082853031285,0.011191351540616247,0.004494922969187676,2.013725490196079,true,false,2,real
343,1290,140,3,1020,38,16,848,28,0.01568627450980392,0.009678219458823478,0.025328625118439394,0.011191351540616247,-0.004494922969187675,0.0,true,false,2,real
1366,1292,140,3,175,16,8,157,11,0.045714285714285714,0.02334343902195597,0.08760096364357535,,,0.0,false,false,0,real
1622,1292,140,3,8,0,0,8,0,0.0,0.0,0.32440756488388023,,,0.0,false,false,0,real
1209,1292,140,3,156,4,4,151,4,0.02564102564102564,0.010015466073008985,0.0640670586240257,,,0.0,false,false,0,real
585,1292,140,3,49,0,0,47,0,0.0,0.0,0.07269781922049638,,,0.0,false,false,0,real
796,1292,140,3,6,0,0,5,0,0.0,0.0,0.39033428790216534,,,0.0,false,false,0,real
24,1292,140,3,14,1,1,14,1,0.07142857142857142,0.012722215247890944,0.31468704424151117,,,0.0,false,false,0,real
1478,1632,1579,3,50,0,0,46,0,0.0,0.0,0.07134759913335872,,,0.0,false,false,0,real
40,1632,1579,3,9,0,0,9,0,0.0,0.0,0.2991450484195441,,,0.0,false,false,0,real
455,1678,1698,2,116,0,0,109,0,0.0,0.0,0.032054506499638716,0.0117442366246194,0.0117442366246194,1.3623314484558504,false,false,3,real
1346,1678,1698,2,103,3,2,93,2,0.019417475728155338,0.005341225274178379,0.06805218312034754,0.0117442366246194,-0.007673239103535939,0.0,false,false,3,real
1554,1678,1698,2,642,29,13,575,16,0.020249221183800622,0.0118712970898642,0.034334251366539635,0.0117442366246194,-0.008504984559181222,0.0,true,false,3,real
52,1678,1698,2,374,13,4,322,4,0.0106951871657754,0.004166791421355129,0.027172963770288692,0.0117442366246194,0.001049049458843999,0.39234449760765566,true,false,3,real
29,1678,1698,2,2299,82,27,1954,30,0.0117442366246194,0.008083862048273282,0.01703356781175506,0.0117442366246194,0.0,0.0,true,false,3,real
536,1691,1579,3,6,0,0,5,0,0.0,0.0,0.39033428790216534,,,0.0,false,false,0,real
423,47,1482,3,10,0,0,10,0,0.0,0.0,0.2775327998628892,,,0.0,false,false,0,real
1015,131,140,3,126,0,0,111,0,0.0,0.0,0.02958576448219845,0.00463678516228748,0.00463678516228748,0.5842349304482225,false,false,3,real
223,131,140,3,56,2,1,51,1,0.017857142857142856,0.003159210341974673,0.09445637149397577,0.00463678516228748,-0.013220357694855377,0.0,false,false,3,real
185,131,140,3,492,14,1,428,2,0.0020325203252032522,0.0003588798928326806,0.011422020467107797,0.00463678516228748,0.002604264837084228,1.2812982998454403,true,false,3,real
1094,131,140,3,46,1,0,43,1,0.0,0.0,0.07707356308558039,0.00463678516228748,0.00463678516228748,0.21329211746522408,false,false,3,real
315,131,140,3,108,0,0,103,0,0.0,0.0,0.034347359746557025,0.00463678516228748,0.00463678516228748,0.5007727975270478,false,false,3,real
1435,131,140,3,150,5,0,125,0,0.0,0.0,0.0249702443680766,0.00463678516228748,0.00463678516228748,0.695517774343122,false,false,3,real
374,131,140,3,1294,32,6,1154,11,0.00463678516228748,0.0021267606999296595,0.01007924390335119,0.00463678516228748,0.0,0.0,true,false,3,real
983,131,140,3,59,1,0,53,1,0.0,0.0,0.06112937052678839,0.00463678516228748,0.00463678516228748,0.27357032457496133,false,false,3,real
617,131,140,3,688,16,4,616,7,0.005813953488372093,0.0022631871026184656,0.014852668950412755,0.00463678516228748,-0.0011771683260846126,0.0,true,false,3,real
138,426,1600,3,11,0,0,11,0,0.0,0.0,0.2588329669680317,0.005836139169472503,0.005836139169472503,0.06419753086419752,false,false,1,real
535,426,1600,3,4455,125,26,3583,31,0.005836139169472503,0.003985926614627025,0.008537833051737847,0.005836139169472503,0.0,0.0,true,false,1,real
1276,441,378,3,594,14,6,542,8,0.010101010101010102,0.0046373753574796,0.021860383516491923,0.005797889205960955,-0.0043031208950491465,0.0,true,false,2,real
1580,441,378,3,1338,6,2,1272,2,0.0014947683109118087,0.0004100151390923094,0.005433789111512497,0.005797889205960955,0.0043031208950491465,5.757575757575758,true,false,2,real
867,441,378,3,21,0,0,19,0,0.0,0.0,0.154639018924847,0.005797889205960955,0.005797889205960955,0.12175567332518006,false,false,2,real
470,520,1600,4,1050,74,15,864,41,0.014285714285714285,0.008676192889441747,0.02343628336345169,0.014285714285714285,0.0,0.0,true,false,7,real
665,520,1600,4,976,47,23,813,30,0.0235655737704918,0.0157535388302241,0.035113321692989224,0.014285714285714285,-0.009279859484777516,0.0,true,false,7,real
122,520,1600,4,96,4,1,84,1,0.010416666666666666,0.0018411702168162514,0.056666176227157854,0.014285714285714285,0.003869047619047619,0.37142857142857144,false,false,7,real
1054,520,1600,4,1147,29,9,1035,10,0.007846556233653008,0.0041335331513866645,0.014845152968485835,0.014285714285714285,0.0064391580520612775,7.385714285714285,true,false,7,real
479,520,1600,4,1893,45,8,1626,8,0.004226096143687269,0.0021429718705273317,0.008317290229094833,0.014285714285714285,0.010059618142027016,19.04285714285714,true,false,7,real
627,520,1600,4,394,20,9,352,13,0.02284263959390863,0.012063206156066875,0.042836700167014456,0.014285714285714285,-0.008556925308194343,0.0,true,false,7,real
1254,520,1600,4,991,50,16,883,24,0.016145307769929364,0.009962113262009912,0.026065193906291396,0.014285714285714285,-0.0018595934842150792,0.0,true,false,7,real
1603,520,1600,4,949,45,11,813,12,0.011591148577449948,0.006484461260324491,0.020635956917823838,0.014285714285714285,0.0026945657082643373,2.557142857142856,true,false,7,real
136,732,1482,3,19,0,0,17,0,0.0,0.0,0.16817922405261626,,,0.0,false,false,0,real
601,732,1482,3,38,0,0,37,0,0.0,0.0,0.09180986822558396,,,0.0,false,false,0,real
1547,732,1482,3,14,0,0,14,0,0.0,0.0,0.2153108027376358,,,0.0,false,false,0,real
458,732,1482,3,8,0,0,8,0,0.0,0.0,0.32440756488388023,,,0.0,false,false,0,real
58,766,1532,3,897,1,1,842,1,0.0011148272017837235,0.0001968214898130466,0.006287625649577354,0.0031215161649944256,0.002006688963210702,1.7999999999999998,true,false,4,real
801,766,1532,3,390,11,2,356,5,0.005128205128205128,0.001407467183052066,0.018502724202523062,0.0031215161649944256,-0.0020066889632107026,0.0,true,false,4,real
1638,766,1532,3,384,1,0,360,1,0.0,0.0,0.009904714241677031,0.0031215161649944256,0.0031215161649944256,1.1986622073578594,true,false,4,real
551,766,1532,3,287,16,9,259,12,0.0313588850174216,0.01658408724531584,0.05851338650982558,0.0031215161649944256,-0.028237368852427176,0.0,true,false,4,real
344,768,653,2,4,0,0,4,0,0.0,0.0,0.4898908364545973,0.0028011204481792717,0.0028011204481792717,0.011204481792717087,false,false,1,real
494,768,653,2,1428,8,4,1294,5,0.0028011204481792717,0.0010898236889599,0.007180267072657726,0.0028011204481792717,0.0,0.0,true,false,1,real
641,768,653,2,42,2,0,38,0,0.0,0.0,0.08379879086570392,0.0028011204481792717,0.0028011204481792717,0.11764705882352941,false,false,1,real
177,768,653,2,90,0,0,82,0,0.0,0.0,0.04093562556432678,0.0028011204481792717,0.0028011204481792717,0.25210084033613445,false,false,1,real
600,768,653,2,29,0,0,29,0,0.0,0.0,0.11696979849974075,0.0028011204481792717,0.0028011204481792717,0.08123249299719888,false,false,1,real
375,768,653,2,5,0,0,5,0,0.0,0.0,0.43448246478317476,0.0028011204481792717,0.0028011204481792717,0.014005602240896359,false,false,1,real
197,768,653,2,13,0,0,13,0,0.0,0.0,0.22809537235419838,0.0028011204481792717,0.0028011204481792717,0.036414565826330535,false,false,1,real
907,768,653,2,67,1,1,56,1,0.014925373134328358,0.0026395717340788904,0.07981862319778105,0.0028011204481792717,-0.012124252686149086,0.0,false,false,1,real
1375,805,140,3,9287,266,101,7756,111,0.010875417249919242,0.008959016453451039,0.013196292054721696,0.010187938474791065,-0.000687478775128177,0.0,true,false,4,real
1173,805,140,3,12226,349,106,10043,126,0.008670047439882218,0.0071740693391748826,0.010474684289190418,0.010187938474791065,0.001517891034908847,18.557735792795565,true,false,4,real
792,805,140,3,3263,90,31,2554,33,0.009500459699662888,0.00670113269800688,0.013453337499167125,0.010187938474791065,0.000687478775128177,2.2432432432432416,true,false,4,real
1529,805,140,3,4374,271,135,3486,148,0.030864197530864196,0.026136182045686043,0.036415525547320714,0.010187938474791065,-0.02067625905607313,0.0,true,false,4,real
624,871,1224,2,2589,229,95,1967,113,0.036693704132869834,0.030110981682827196,0.04464926181808447,0.036693704132869834,0.0,0.0,true,false,3,real
126,871,1224,2,4700,309,132,3433,147,0.028085106382978724,0.023733365305857974,0.03320763943792117,0.036693704132869834,0.00860859774989111,40.46040942448822,true,false,3,real
977,871,1224,2,272,21,11,224,13,0.04044117647058824,0.022729313768625112,0.0709529736263669,0.036693704132869834,-0.0037474723377184035,0.0,true,false,3,real
766,986,1532,2,2,0,0,2,0,0.0,0.0,0.6576197724933469,0.003083247687564234,0.003083247687564234,0.006166495375128468,false,false,5,real
1318,986,1532,2,1946,68,6,1797,7,0.003083247687564234,0.001413822667000398,0.006710662915676348,0.003083247687564234,0.0,0.0,true,false,5,real
1076,986,1532,2,1939,63,4,1740,4,0.0020629190304280558,0.0008025123189495677,0.005292405393935712,0.003083247687564234,0.0010203286571361784,1.9784172661870498,true,false,5,real
562,986,1532,2,635,30,6,587,7,0.009448818897637795,0.004337469810844285,0.020459697940192992,0.003083247687564234,-0.006365571210073561,0.0,true,false,5,real
330,986,1532,2,4358,197,51,3868,75,0.011702615878843506,0.008912288602264439,0.015353026820114609,0.003083247687564234,-0.008619368191279272,0.0,true,false,5,real
499,986,1532,2,9422,179,10,8756,14,0.0010613457864572277,0.0005766199839276518,0.0019527519479950214,0.003083247687564234,0.0020219019011070063,19.050359712230215,true,false,5,real
1639,1181,140,3,770,23,1,709,5,0.0012987012987012987,0.00022928946639889786,0.007319361170123334,0.003439271663030239,0.0021405703643289403,1.648239180533284,true,false,4,real
1029,1181,140,3,2094,29,8,1868,11,0.0038204393505253103,0.0019371404448675787,0.0075208949739996025,0.003439271663030239,-0.00038116768749507125,0.0,true,false,4,real
192,1181,140,3,124,2,0,120,0,0.0,0.0,0.030048615340677695,0.003439271663030239,0.003439271663030239,0.42646968621574965,false,false,4,real
739,1181,140,3,2289,37,7,2013,9,0.0030581039755351682,0.0014821365829188779,0.006299238248758645,0.003439271663030239,0.0003811676874950708,0.8724928366762171,true,false,4,real
1314,1181,140,3,39,1,0,36,0,0.0,0.0,0.08966685370757144,0.003439271663030239,0.003439271663030239,0.13413159485817933,false,false,4,real
1196,1181,140,3,2846,89,21,2529,25,0.007378777231201687,0.004831296798003643,0.01125432041372153,0.003439271663030239,-0.003939505568171448,0.0,true,false,4,real
1324,1181,140,3,66,14,2,53,2,0.030303030303030304,0.00834991019865375,0.10392521911709715,0.003439271663030239,-0.026863758640000065,0.0,false,false,4,real
34,1368,140,3,5374,151,71,4332,81,0.013211760327502792,0.010488070903711297,0.016630887499475933,0.013211760327502792,0.0,0.0,true,false,5,real
1652,1368,140,3,726,29,11,667,12,0.015151515151515152,0.008481061246421041,0.02692588708239786,0.013211760327502792,-0.0019397548240123602,0.0,true,false,5,real
1248,1368,140,3,9281,324,100,8098,131,0.010774701002047193,0.008867417867035257,0.01308680286196197,0.013211760327502792,0.0024370593254555983,22.61834759955341,true,false,5,real
471,1368,140,3,2375,85,18,2093,27,0.007578947368421052,0.004799444751786121,0.011948816748770312,0.013211760327502792,0.0056328129590817394,13.377930777819131,true,false,5,real
1103,1368,140,3,1088,65,38,944,42,0.034926470588235295,0.025550559029682885,0.047574946670505006,0.013211760327502792,-0.021714710260732503,0.0,true,false,5,real
1150,1368,140,3,47,1,0,41,0,0.0,0.0,0.07555760416399632,0.013211760327502792,0.013211760327502792,0.6209527353926312,false,false,5,real
191,1383,140,3,2741,150,61,2291,76,0.02225465158701204,0.017364513672794474,0.028482017250256075,0.00989451492695843,-0.01236013666005361,0.0,true,false,4,real
1284,1383,140,3,66,4,2,61,3,0.030303030303030304,0.00834991019865375,0.10392521911709715,0.00989451492695843,-0.020408515376071874,0.0,false,false,4,real
1393,1383,140,3,9794,263,87,8815,115,0.008882989585460487,0.007207680274039458,0.010943405306202192,0.00989451492695843,0.0010115253414979437,9.90687919463086,true,false,4,real
979,1383,140,3,1143,22,6,986,7,0.005249343832020997,0.0024079756805414788,0.011405144431966503,0.00989451492695843,0.004645171094937433,5.309430561513486,true,false,4,real
1106,1383,140,3,197,10,1,183,4,0.005076142131979695,0.0008966264365875955,0.02818829883229936,0.00989451492695843,0.004818372794978735,0.9492194406108109,false,false,4,real
469,1383,140,3,1192,48,13,1065,18,0.010906040268456376,0.006384529382795374,0.018569831080775565,0.00989451492695843,-0.0010115253414979455,0.0,true,false,4,real
1548,1499,653,3,11,0,0,9,0,0.0,0.0,0.2588329669680317,0.013266998341625208,0.013266998341625208,0.14593698175787728,false,false,3,real
895,1499,653,3,1214,33,19,1070,23,0.015650741350906095,0.010042082680392285,0.024314982861793816,0.013266998341625208,-0.0023837430092808875,0.0,true,false,3,real
348,1499,653,3,458,2,1,400,1,0.002183406113537118,0.0003855288244800128,0.012262661824341797,0.013266998341625208,0.01108359222808809,5.076285240464345,true,false,3,real
599,1499,653,3,603,16,8,544,9,0.013266998341625208,0.006737591066471591,0.025958689868672558,0.013266998341625208,0.0,0.0,true,false,3,real
968,1600,1600,1,41,1,0,35,0,0.0,0.0,0.08566757018443186,0.026730637422892393,0.026730637422892393,1.0959561343385882,false,false,1,real
1302,1600,1600,1,1459,80,39,1226,48,0.026730637422892393,0.01961501224586869,0.03633189733015101,0.026730637422892393,0.0,0.0,true,false,1,real
1684,1600,1600,1,47,1,0,30,0,0.0,0.0,0.07555760416399632,0.026730637422892393,0.026730637422892393,1.2563399588759425,false,false,1,real
142,9,653,3,441,6,3,386,3,0.006802721088435374,0.0023161812347537235,0.01980733856212969,0.006802721088435374,0.0,0.0,true,false,3,real
916,9,653,3,93,0,0,86,0,0.0,0.0,0.03966750261173514,0.006802721088435374,0.006802721088435374,0.6326530612244897,false,false,3,real
1189,9,653,3,140,11,3,131,4,0.02142857142857143,0.00731400325677859,0.06110478852537385,0.006802721088435374,-0.014625850340136054,0.0,false,false,3,real
570,9,653,3,440,5,2,384,4,0.004545454545454545,0.001247413909427542,0.01641983790956481,0.006802721088435374,0.0022572665429808287,0.9931972789115646,true,false,3,real
1295,9,653,3,1065,20,8,923,8,0.007511737089201878,0.00381114128652092,0.014752377799449223,0.006802721088435374,-0.0007090160007665039,0.0,true,false,3,real
625,9,653,3,68,0,0,65,0,0.0,0.0,0.053471336520070537,0.006802721088435374,0.006802721088435374,0.4625850340136054,false,false,3,real
1573,14,1600,3,1472,45,13,1269,16,0.008831521739130434,0.0051684269482476595,0.01505153546190149,0.008902077151335312,7.055541220487779e-05,0.10385756676558011,true,false,5,real
1415,14,1600,3,2868,119,48,2337,53,0.016736401673640166,0.012646766689947886,0.022118891600149182,0.008902077151335312,-0.007834324522304854,0.0,true,false,5,real
892,14,1600,3,337,9,3,281,3,0.008902077151335312,0.0030320375609572295,0.02584196988738962,0.008902077151335312,0.0,0.0,true,false,5,real
1117,14,1600,3,4524,160,59,3644,65,0.013041556145004421,0.010124387806922342,0.016785003771560298,0.008902077151335312,-0.004139478993669109,0.0,true,false,5,real
789,14,1600,3,5107,29,4,4676,4,0.0007832386919913843,0.00030462706414205123,0.002012302333121329,0.008902077151335312,0.008118838459343927,41.46290801186944,true,false,5,real
1470,44,1698,3,10,0,0,10,0,0.0,0.0,0.2775327998628892,,,0.0,false,false,0,real
555,104,140,3,11,4,1,11,4,0.09090909090909091,0.01623217288588484,0.37735843645159567,0.009468700683850605,-0.0814403902252403,0.0,false,false,1,real
124,104,140,3,3802,94,36,3332,39,0.009468700683850605,0.006847420108474794,0.01308022523390237,0.009468700683850605,0.0,0.0,true,false,1,real
1138,104,140,3,1,0,0,1,0,0.0,0.0,0.7934506856227626,0.009468700683850605,0.009468700683850605,0.009468700683850605,false,false,1,real
680,114,1224,3,139,5,2,126,2,0.014388489208633094,0.00395475243695202,0.05094148627016832,0.015113350125944584,0.0007248609173114897,0.10075566750629707,false,false,3,real
1097,114,1224,3,33,1,0,31,0,0.0,0.0,0.10426999754245206,0.015113350125944584,0.015113350125944584,0.49874055415617125,false,false,3,real
577,114,1224,3,470,9,3,403,5,0.006382978723404255,0.002173114606578109,0.018596403630993883,0.015113350125944584,0.008730371402540328,4.103274559193954,true,false,3,real
1646,114,1224,3,1191,66,18,966,24,0.015113350125944584,0.009581025217015609,0.023763531524443264,0.015113350125944584,0.0,0.0,true,false,3,real
904,114,1224,3,151,6,3,138,3,0.019867549668874173,0.006779402255090322,0.05677889082512731,0.015113350125944584,-0.004754199542929589,0.0,false,false,3,real
133,114,1224,3,555,30,12,470,12,0.021621621621621623,0.012410935312061331,0.03740902414378702,0.015113350125944584,-0.006508271495677039,0.0,true,false,3,real
270,143,1482,2,351,0,0,329,0,0.0,0.0,0.010825845529609501,0.009259602007545262,0.009259602007545262,3.250120304648387,true,false,8,real
921,143,1482,2,3730,111,46,3104,53,0.012332439678284183,0.00925881103500305,0.016409514703434956,0.009259602007545262,-0.003072837670738921,0.0,true,false,8,real
366,143,1482,2,1396,65,18,1242,23,0.012893982808022923,0.008171464666471872,0.020289943280581528,0.009259602007545262,-0.003634380800477661,0.0,true,false,8,real
263,143,1482,2,602,26,5,549,6,0.008305647840531562,0.0035527444423267877,0.01929392380589336,0.009259602007545262,0.0009539541670136997,0.5742804085422472,true,false,8,real
464,143,1482,2,677,19,10,586,12,0.014771048744460856,0.008042780079462717,0.02697485656973698,0.009259602007545262,-0.005511446736915594,0.0,true,false,8,real
936,143,1482,2,5385,199,55,4668,69,0.01021355617455896,0.007855615917771699,0.013269789179153798,0.009259602007545262,-0.0009539541670136979,0.0,true,false,8,real
545,143,1482,2,409,16,2,350,2,0.004889975550122249,0.0013420335593664998,0.017651840852117545,0.009259602007545262,0.004369626457423012,1.787177221086012,true,false,8,real
1634,143,1482,2,2145,55,10,1838,15,0.004662004662004662,0.0025342962199610937,0.008560733021413726,0.009259602007545262,0.0045975973455406,9.861846306184587,true,false,8,real
1506,213,1532,3,23,3,0,22,0,0.0,0.0,0.14311661845042686,0.04477251624883937,0.04477251624883937,1.0297678737233056,false,false,2,real
692,213,1532,3,18,0,0,16,0,0.0,0.0,0.17587922364665765,0.04477251624883937,0.04477251624883937,0.8059052924791087,false,false,2,real
1016,213,1532,3,44,0,0,44,0,0.0,0.0,0.08029560375848066,0.04477251624883937,0.04477251624883937,1.9699907149489324,false,false,2,real
1455,213,1532,3,359,26,13,313,17,0.036211699164345405,0.021282388592558817,0.060961407134877396,0.04477251624883937,0.008560817084493966,3.0733333333333337,true,false,2,real
797,213,1532,3,225,27,12,203,13,0.05333333333333334,0.030768821158388752,0.09089383107329867,0.04477251624883937,-0.008560817084493966,0.0,true,false,2,real
747,287,1600,2,32,11,1,30,3,0.03125,0.005537860164003125,0.15744263820012558,,,0.0,false,false,0,real
1088,287,1600,2,80,3,1,73,1,0.0125,0.0022099755204522758,0.06746270077668665,,,0.0,false,false,0,real
339,287,1600,2,8,2,0,8,0,0.0,0.0,0.32440756488388023,,,0.0,false,false,0,real
800,383,1579,3,150,0,0,142,0,0.0,0.0,0.0249702443680766,,,0.0,false,false,0,real
1609,383,1579,3,51,0,0,46,0,0.0,0.0,0.07004661989853143,,,0.0,false,false,0,real
1244,500,1532,2,4540,166,68,3965,76,0.014977973568281937,0.011832578973034079,0.018943463740610355,0.005950572950787273,-0.009027400617494664,0.0,true,false,4,real
342,500,1532,2,26352,933,173,22614,230,0.006564966605950212,0.005659257672177341,0.007614515406451125,0.005950572950787273,-0.0006143936551629391,0.0,true,false,4,real
565,500,1532,2,2805,24,7,2492,8,0.0024955436720142605,0.0012093721891747798,0.005142520248422945,0.005950572950787273,0.0034550292787730126,9.6913571269583,true,false,4,real
48,500,1532,2,15929,385,85,13990,105,0.005336179295624333,0.004317934493297156,0.00659295414323368,0.005950572950787273,0.0006143936551629399,9.78667653309047,true,false,4,real
498,506,250,2,1304,36,17,1129,17,0.01303680981595092,0.008155326542515644,0.020778959463998097,0.01303680981595092,0.0,0.0,true,false,1,real
1350,513,1057,2,28,3,0,27,0,0.0,0.0,0.12064330476584562,,,0.0,false,false,0,real
1391,513,1057,2,55,2,0,45,0,0.0,0.0,0.06528490111708637,,,0.0,false,false,0,real
1163,561,395,2,4027,246,128,3290,216,0.03178544822448473,0.02679766759118766,0.03766566133783356,0.007157343511911109,-0.024628104712573623,0.0,true,false,6,real
1483,561,395,2,40088,1008,280,34891,351,0.006984633805627619,0.0062152945247947455,0.00784845107291818,0.007157343511911109,0.00017270970628349008,6.923586705492551,true,false,6,real
694,561,395,2,1292,54,16,1138,19,0.01238390092879257,0.007636972069704427,0.020021858087892433,0.007157343511911109,-0.005226557416881461,0.0,true,false,6,real
222,561,395,2,16,0,0,15,0,0.0,0.0,0.1936076805344365,0.007157343511911109,0.007157343511911109,0.11451749619057774,false,false,6,real
411,561,395,2,2901,103,14,2502,26,0.004825922095829024,0.0028769193371232103,0.008084594147203436,0.007157343511911109,0.0023314214160820848,6.763453528054128,true,false,6,real
452,561,395,2,741,20,2,676,2,0.002699055330634278,0.000740490644050391,0.009787197802709124,0.007157343511911109,0.004458288181276832,3.3035915423261324,true,false,6,real
707,561,395,2,9959,477,73,8497,98,0.007330053218194598,0.005834287643289266,0.009205744805288003,0.007157343511911109,-0.00017270970628348922,0.0,true,false,6,real
960,594,1532,3,25,0,0,24,0,0.0,0.0,0.1331922509390485,0.019622641509433963,0.019622641509433963,0.49056603773584906,false,false,3,real
686,594,1532,3,4145,248,118,3628,147,0.028468033775633294,0.02382534875953582,0.033983912259772674,0.019622641509433963,-0.00884539226619933,0.0,true,false,3,real
1493,594,1532,3,2650,154,52,2434,69,0.019622641509433963,0.0149953894218166,0.025640594488321112,0.019622641509433963,0.0,0.0,true,false,3,real
1083,594,1532,3,433,16,8,390,9,0.018475750577367205,0.00939102560388621,0.03602924854833945,0.019622641509433963,0.0011468909320667582,0.4966037735849063,true,false,3,real
978,747,1600,3,199,26,4,168,5,0.020100502512562814,0.007843781102347626,0.05053412097713616,,,0.0,false,false,0,real
173,788,1490,2,1670,25,0,1522,0,0.0,0.0,0.002294995622465121,0.0,0.0,0.0,true,false,1,real
1414,854,1482,2,14,0,0,14,0,0.0,0.0,0.2153108027376358,0.011611833010782417,0.011611833010782417,0.16256566215095383,false,false,5,real
1581,854,1482,2,310,12,6,269,7,0.01935483870967742,0.008899944486838576,0.041576047054306946,0.011611833010782417,-0.007743005698895003,0.0,true,false,5,real
1,854,1482,2,3617,185,42,3134,52,0.011611833010782417,0.00860226473782506,0.015657692462649562,0.011611833010782417,0.0,0.0,true,false,5,real
320,854,1482,2,932,40,7,808,9,0.0075107296137339056,0.0036428770760435674,0.015421739748238978,0.011611833010782417,0.004101103397048511,3.8222283660492127,true,false,5,real
1286,854,1482,2,1037,123,15,852,26,0.01446480231436837,0.008785195040188714,0.023728362652870087,0.011611833010782417,-0.0028529693035859536,0.0,true,false,5,real
737,854,1482,2,846,10,3,788,3,0.0035460992907801418,0.0012067108869496064,0.010373635916030442,0.011611833010782417,0.008065733720002275,6.823610727121925,true,false,5,real
120,897,140,3,1747,73,33,1522,38,0.018889524899828276,0.013481659252044682,0.026408565227638875,0.01713866970714017,-0.0017508551926881041,0.0,true,false,4,real
1540,897,140,3,415,13,0,371,0,0.0,0.0,0.009171629837003916,0.01713866970714017,0.01713866970714017,7.112547928463171,true,false,4,real
1098,897,140,3,4809,279,74,4122,90,0.01538781451445207,0.012275660922895079,0.019273572543419916,0.01713866970714017,0.0017508551926881024,8.419862621637085,true,false,4,real
1317,897,140,3,3771,234,86,3239,107,0.022805621850967912,0.01850431408645473,0.028078161161559822,0.01713866970714017,-0.005666952143827741,0.0,true,false,4,real
817,949,1579,3,16,0,0,13,0,0.0,0.0,0.1936076805344365,,,0.0,false,false,0,real
1115,949,1579,3,22,0,0,17,0,0.0,0.0,0.14865487460862087,,,0.0,false,false,0,real
298,949,1579,3,5,0,0,4,0,0.0,0.0,0.43448246478317476,,,0.0,false,false,0,real
981,949,1579,3,5,0,0,5,0,0.0,0.0,0.43448246478317476,,,0.0,false,false,0,real
1274,1031,395,3,4,0,0,4,0,0.0,0.0,0.4898908364545973,0.010025062656641603,0.010025062656641603,0.040100250626566414,false,false,1,real
516,1031,395,3,399,12,4,354,4,0.010025062656641603,0.003905263756865274,0.02548957275117347,0.010025062656641603,0.0,0.0,true,false,1,real
684,1041,1600,4,1177,83,23,933,29,0.01954120645709431,0.01305615136272706,0.029152274203962283,0.009541017846433814,-0.010000188610660495,0.0,true,false,4,real
1392,1041,1600,4,330,8,2,281,3,0.006060606060606061,0.0016636132453936828,0.021824957791871533,0.009541017846433814,0.0034804117858277537,1.1485358893231588,true,false,4,real
958,1041,1600,4,1944,65,20,1657,22,0.0102880658436214,0.006669782189808241,0.015837931988961523,0.009541017846433814,-0.0007470479971875849,0.0,true,false,4,real
394,1041,1600,4,796,40,7,690,7,0.008793969849246231,0.004266203789917552,0.018040040308756715,0.009541017846433814,0.0007470479971875832,0.5946502057613162,true,false,4,real
631,1120,250,2,37,0,0,35,0,0.0,0.0,0.0940578258372025,,,0.0,false,false,0,real
672,1120,250,2,7,0,0,7,0,0.0,0.0,0.3543304350666874,,,0.0,false,false,0,real
552,1120,250,2,10,0,0,9,0,0.0,0.0,0.2775327998628892,,,0.0,false,false,0,real
579,1371,140,5,613,43,15,538,21,0.024469820554649267,0.014884132784885366,0.03997835795202747,0.024469820554649267,0.0,0.0,true,false,1,real
1422,1371,140,5,108,1,0,103,0,0.0,0.0,0.034347359746557025,0.024469820554649267,0.024469820554649267,2.642740619902121,false,false,1,real
482,1374,395,3,1,0,0,1,0,0.0,0.0,0.7934506856227626,,,0.0,false,false,0,real
917,1374,395,3,39,0,0,37,0,0.0,0.0,0.08966685370757144,,,0.0,false,false,0,real
277,1398,1482,2,385,9,6,345,6,0.015584415584415584,0.007161541865270896,0.03357860675144097,0.008078754244619558,-0.007505661339796027,0.0,true,false,4,real
1619,1398,1482,2,657,6,1,628,3,0.0015220700152207,0.0002687332789940888,0.00857069218792276,0.008078754244619558,0.006556684229398858,4.3077415387150495,true,false,4,real
1663,1398,1482,2,3704,73,22,3245,25,0.005939524838012959,0.003925717246644551,0.00897706172921556,0.008078754244619558,0.0021392294066065985,7.923705722070841,true,false,4,real
1480,1398,1482,2,1468,22,15,1360,16,0.010217983651226158,0.006201943560149177,0.016790654329985968,0.008078754244619558,-0.0021392294066066003,0.0,true,false,4,real
25,1490,1490,1,33,0,0,33,0,0.0,0.0,0.10426999754245206,,,0.0,false,false,0,real
798,1490,1490,1,43,0,0,36,0,0.0,0.0,0.08200980322579117,,,0.0,false,false,0,real
855,1591,1579,2,163,0,0,156,0,0.0,0.0,0.023024605801502687,,,0.0,false,false,0,real
925,1591,1579,2,2,0,0,2,0,0.0,0.0,0.6576197724933469,,,0.0,false,false,0,real
910,1591,1579,2,42,0,0,40,0,0.0,0.0,0.08379879086570392,,,0.0,false,false,0,real
1262,1658,1394,3,946,0,0,867,0,0.0,0.0,0.0040443158013586935,0.0,0.0,0.0,true,false,2,real
41,1658,1394,3,628,0,0,576,0,0.0,0.0,0.00607978277947137,0.0,0.0,0.0,true,false,2,real
208,33,1224,2,935,33,15,808,15,0.016042780748663103,0.009745887729561063,0.026300090537316245,0.012552301255230125,-0.003490479493432978,0.0,true,false,3,real
151,33,1224,2,108,8,5,95,6,0.046296296296296294,0.01993481541494294,0.1038248258365625,0.012552301255230125,-0.03374399504106617,0.0,false,false,3,real
839,33,1224,2,202,13,2,167,2,0.009900990099009901,0.0027194212346266016,0.03537523115279512,0.012552301255230125,0.002651311156220224,0.5355648535564853,true,false,3,real
269,33,1224,2,478,19,6,371,6,0.012552301255230125,0.005765185375945777,0.0271117257546698,0.012552301255230125,0.0,0.0,true,false,3,real
1406,203,378,3,1,0,0,1,0,0.0,0.0,0.7934506856227626,,,0.0,false,false,0,real
1109,203,378,3,16,1,0,14,0,0.0,0.0,0.1936076805344365,,,0.0,false,false,0,real
401,203,378,3,1,0,0,1,0,0.0,0.0,0.7934506856227626,,,0.0,false,false,0,real
1218,203,378,3,25,1,0,22,0,0.0,0.0,0.1331922509390485,,,0.0,false,false,0,real
1477,206,1532,3,8225,130,6,7308,14,0.000729483282674772,0.0003343702626044761,0.0015907438497488834,0.0032021092923020375,0.0024726260096272655,20.33734892918426,true,false,4,real
887,206,1532,3,21,0,0,21,0,0.0,0.0,0.154639018924847,0.0032021092923020375,0.0032021092923020375,0.06724429513834279,false,false,4,real
517,206,1532,3,1027,16,5,958,5,0.004868549172346641,0.002081292318547598,0.011346047746460136,0.0032021092923020375,-0.0016664398800446036,0.0,true,false,4,real
414,206,1532,3,1849,166,23,1545,39,0.012439156300703082,0.008303078572019588,0.01859693415352546,0.0032021092923020375,-0.009237047008401045,0.0,true,false,4,real
64,206,1532,3,7163,174,11,6540,17,0.001535669412257434,0.0008577314555030736,0.0027479655547034765,0.0032021092923020375,0.0016664398800446034,11.936708860759493,true,false,4,real
1238,265,1600,3,52,2,0,47,1,0.0,0.0,0.06879223612386234,,,0.0,false,false,0,real
1523,265,1600,3,90,15,2,87,6,0.022222222222222223,0.006115441986325203,0.07744526688625372,,,0.0,false,false,0,real
16,585,140,4,136,0,0,119,0,0.0,0.0,0.027470099733582408,,,0.0,false,false,0,real
210,585,140,4,40,0,0,38,0,0.0,0.0,0.08762160119728664,,,0.0,false,false,0,real
584,709,1490,3,445,14,4,405,5,0.008988764044943821,0.003500949309415359,0.022881325741126758,0.012103077674645824,0.003114313629702003,1.3858695652173914,true,false,2,real
1599,709,1490,3,460,12,7,350,7,0.015217391304347827,0.007390429156636632,0.03107413342484457,0.012103077674645824,-0.003114313629702003,0.0,true,false,2,real
902,866,803,2,1,0,0,1,0,0.0,0.0,0.7934506856227626,0.005723905723905724,0.005723905723905724,0.005723905723905724,false,false,2,real
1545,866,803,2,495,17,2,425,4,0.00404040404040404,0.0011087247106925874,0.01461061593760083,0.005723905723905724,0.0016835016835016836,0.8333333333333334,true,false,2,real
1082,866,803,2,96,4,1,91,1,0.010416666666666666,0.0018411702168162514,0.056666176227157854,0.005723905723905724,-0.004692760942760942,0.0,false,false,2,real
888,866,803,2,36,2,1,32,1,0.027777777777777776,0.004920407139810455,0.14169718653273855,0.005723905723905724,-0.02205387205387205,0.0,false,false,2,real
1635,866,803,2,270,4,2,222,2,0.007407407407407408,0.0020337342875902985,0.02660129729040226,0.005723905723905724,-0.0016835016835016836,0.0,true,false,2,real
254,866,803,2,155,6,3,143,3,0.01935483870967742,0.0066038767216294765,0.0553538696612183,0.005723905723905724,-0.013630932985771695,0.0,false,false,2,real
717,866,803,2,24,0,0,20,0,0.0,0.0,0.1379762046749802,0.005723905723905724,0.005723905723905724,0.13737373737373737,false,false,2,real
1320,879,1482,2,1790,35,6,1644,7,0.0033519553072625698,0.001537108946448532,0.007293916082434791,0.004796163069544364,0.0014442077622817944,2.585131894484412,true,false,5,real
956,879,1482,2,632,9,1,573,1,0.0015822784810126582,0.0002793656305108685,0.008907608165643252,0.004796163069544364,0.003213884588531706,2.031175059952038,true,false,5,real
1002,879,1482,2,2301,54,13,2079,14,0.005649717514124294,0.003304736234273056,0.009642557258079752,0.004796163069544364,-0.0008535544445799296,0.0,true,false,5,real
1530,879,1482,2,733,16,5,642,7,0.0068212824010914054,0.002917060654777433,0.015867792796394022,0.004796163069544364,-0.0020251193315470413,0.0,true,false,5,real
1256,879,1482,2,1251,26,6,1124,7,0.004796163069544364,0.0021999226445773828,0.010424348500864369,0.004796163069544364,0.0,0.0,true,false,5,real
1514,920,140,2,237,6,3,213,3,0.012658227848101266,0.004314107333941038,0.03654870286860414,0.012658227848101266,0.0,0.0,true,false,3,real
1035,920,140,2,1918,77,38,1529,45,0.01981230448383733,0.014468289303869342,0.027075959028502204,0.012658227848101266,-0.007154076635736065,0.0,true,false,3,real
1450,920,140,2,54,1,1,50,1,0.018518518518518517,0.0032764877182290594,0.09771437488781932,0.012658227848101266,-0.005860290670417252,0.0,false,false,3,real
346,920,140,2,1,0,0,1,0,0.0,0.0,0.7934506856227626,0.012658227848101266,0.012658227848101266,0.012658227848101266,false,false,3,real
799,920,140,2,5529,205,65,4785,78,0.011756194610236933,0.009234886452401867,0.014955479350926603,0.012658227848101266,0.0009020332378643324,4.987341772151894,true,false,3,real
1541,968,1600,2,120,29,4,109,7,0.03333333333333333,0.0130375510983506,0.08258033755910599,0.012010882867287902,-0.02132245046604543,0.0,false,false,2,real
434,968,1600,2,2369,328,37,1993,84,0.01561840439003799,0.011352326573856035,0.021452839793804045,0.012010882867287902,-0.0036075215227500887,0.0,true,false,2,real
1496,968,1600,2,238,20,2,160,6,0.008403361344537815,0.0023075379030603155,0.030116426370608462,0.012010882867287902,0.003607521522750087,0.8585901224145207,true,false,2,real
1077,1081,1224,2,71,5,2,59,2,0.028169014084507043,0.007759263582683524,0.0970150011664947,0.022881532709680526,-0.005287481374826517,0.0,false,false,2,real
1050,1081,1224,2,11,0,0,11,0,0.0,0.0,0.2588329669680317,0.022881532709680526,0.022881532709680526,0.25169685980648576,false,false,2,real
219,1081,1224,2,307,11,8,259,8,0.026058631921824105,0.01326222631177476,0.05056921655936258,0.022881532709680526,-0.0031770992121435797,0.0,true,false,2,real
1611,1081,1224,2,199,6,2,168,2,0.010050251256281407,0.002760482210699304,0.03589758535736006,0.022881532709680526,0.012831281453399119,2.553425009226425,false,false,2,real
1476,1081,1224,2,203,12,4,182,4,0.019704433497536946,0.007688696710442179,0.04956026531200808,0.022881532709680526,0.0031770992121435797,0.6449511400651466,true,false,2,real
650,1416,378,2,272,6,0,253,2,0.0,0.0,0.013926328685751324,0.0031620553359683794,0.0031620553359683794,0.8600790513833992,true,false,3,real
1513,1416,378,2,194,5,3,185,3,0.015463917525773196,0.005272823185712135,0.044471345096091464,0.0031620553359683794,-0.012301862189804818,0.0,false,false,3,real
1397,1416,378,2,85,0,0,82,0,0.0,0.0,0.04323948381405149,0.0031620553359683794,0.0031620553359683794,0.26877470355731226,false,false,3,real
289,1416,378,2,502,10,5,455,8,0.0099601593625498,0.004261677784243426,0.023101557433691754,0.0031620553359683794,-0.006798104026581421,0.0,true,false,3,real
924,1416,378,2,1265,13,4,1124,4,0.0031620553359683794,0.0012303276763813882,0.0081021690972502,0.0031620553359683794,0.0,0.0,true,false,3,real
1143,1424,679,2,630,10,4,557,5,0.006349206349206349,0.002471771177352191,0.01621028039233525,0.01380195795217461,0.007452751602968261,4.695233509870004,true,false,5,real
230,1424,679,2,2051,92,32,1772,36,0.015602145294978059,0.011073314228334151,0.021942108216777216,0.01380195795217461,-0.0018001873428034488,0.0,true,false,5,real
1215,1424,679,2,27,7,1,27,3,0.037037037037037035,0.006568145980785116,0.18283465933575843,0.01380195795217461,-0.023235079084862425,0.0,false,false,5,real
421,1424,679,2,6231,248,86,5260,105,0.01380195795217461,0.011190137482328553,0.017012898630470074,0.01380195795217461,0.0,0.0,true,false,5,real
1008,1424,679,2,403,2,0,383,0,0.0,0.0,0.009442151819603907,0.01380195795217461,0.01380195795217461,5.5621890547263675,true,false,5,real
1105,1424,679,2,150,7,0,130,1,0.0,0.0,0.0249702443680766,0.01380195795217461,0.01380195795217461,2.0702936928261915,false,false,5,real
281,1424,679,2,205,16,3,188,4,0.014634146341463415,0.0049891920887999265,0.04213487454178106,0.01380195795217461,-0.0008321883892888054,0.0,true,false,5,real
365,1424,679,2,26,0,0,26,0,0.0,0.0,0.1287289218592153,0.01380195795217461,0.01380195795217461,0.35885090675653986,false,false,5,real
1227,1505,140,3,51,3,1,45,1,0.0196078431372549,0.003469692641060852,0.10304568726144975,,,0.0,false,false,0,real
522,1505,140,3,4,0,0,4,0,0.0,0.0,0.4898908364545973,,,0.0,false,false,0,real
321,1505,140,3,1,0,0,1,0,0.0,0.0,0.7934506856227626,,,0.0,false,false,0,real
146,1582,1698,2,7,0,0,7,0,0.0,0.0,0.3543304350666874,,,0.0,false,false,0,real
893,1615,395,2,197,0,0,172,0,0.0,0.0,0.019126821938311438,,,0.0,false,false,0,real
681,8,1579,3,16,0,0,13,0,0.0,0.0,0.1936076805344365,,,0.0,false,false,0,real
397,8,1579,3,8,0,0,8,0,0.0,0.0,0.32440756488388023,,,0.0,false,false,0,real
1225,8,1579,3,42,0,0,40,0,0.0,0.0,0.08379879086570392,,,0.0,false,false,0,real
70,8,1579,3,120,0,0,114,0,0.0,0.0,0.031019166418703486,,,0.0,false,false,0,real
1230,8,1579,3,149,0,0,139,0,0.0,0.0,0.025133617870009537,,,0.0,false,false,0,real
1297,19,659,4,14,1,0,12,1,0.0,0.0,0.2153108027376358,,,0.0,false,false,0,real
1003,61,140,2,1117,17,3,1031,4,0.0026857654431512983,0.0009138138580423237,0.007866606194450138,0.014865310162208895,0.012179544719057597,13.604551451187335,true,false,2,real
1191,61,140,2,1516,187,41,1306,55,0.02704485488126649,0.019997862654218435,0.03648267241902662,0.014865310162208895,-0.012179544719057595,0.0,true,false,2,real
1253,127,653,3,1524,65,19,1288,24,0.012467191601049869,0.00799579502270348,0.019390200153124898,0.008964564589738721,-0.0035026270113111477,0.0,true,false,6,real
652,127,653,3,101,1,0,96,0,0.0,0.0,0.03664064639985608,0.008964564589738721,0.008964564589738721,0.9054210235636108,false,false,6,real
1333,127,653,3,816,30,5,737,8,0.006127450980392157,0.002620036928728084,0.014263055127392687,0.008964564589738721,0.002837113609346564,2.315084705226796,true,false,6,real
1456,127,653,3,136,5,1,119,2,0.007352941176470588,0.0012991560360958133,0.04047285399552215,0.008964564589738721,0.0016116234132681328,0.21918078420446607,false,false,6,real
1300,127,653,3,552,10,3,503,3,0.005434782608695652,0.0018500021067366446,0.015855512054755275,0.008964564589738721,0.003529781981043069,1.948439653535774,true,false,6,real
661,127,653,3,35,0,0,34,0,0.0,0.0,0.09890099232440402,0.008964564589738721,0.008964564589738721,0.31375976064085526,false,false,6,real
1047,127,653,3,1697,58,18,1421,23,0.01060695344725987,0.006719872674375516,0.016704684984466384,0.008964564589738721,-0.0016423888575211494,0.0,true,false,6,real
884,127,653,3,910,29,10,775,10,0.01098901098901099,0.00597980810592512,0.020109464371886692,0.008964564589738721,-0.002024446399272269,0.0,true,false,6,real
484,127,653,3,1912,49,14,1633,17,0.007322175732217573,0.00436668404584515,0.012253406658473513,0.008964564589738721,0.0016423888575211477,3.1402474955804345,true,false,6,real
1486,140,140,1,58,4,2,53,2,0.034482758620689655,0.00950792833116542,0.11729145464312696,,,0.0,false,false,0,real
540,140,140,1,8,0,0,6,0,0.0,0.0,0.32440756488388023,,,0.0,false,false,0,real
164,140,140,1,3,0,0,3,0,0.0,0.0,0.5614970317550455,,,0.0,false,false,0,real
413,149,140,3,74,3,2,68,2,0.02702702702702703,0.007443352638267215,0.09329292516912502,0.013488179900393641,-0.013538847126633387,0.0,false,false,2,real
628,149,140,3,3537,117,41,2897,50,0.011591744416171897,0.008556387336525076,0.015686849707271938,0.013488179900393641,0.0018964354842217444,6.70769230769231,true,false,2,real
497,149,140,3,585,23,9,500,11,0.015384615384615385,0.008114610022578227,0.02897764714361595,0.013488179900393641,-0.0018964354842217444,0.0,true,false,2,real
1508,209,1532,3,28,1,0,28,0,0.0,0.0,0.12064330476584562,,,0.0,false,false,0,real
831,335,140,3,21,2,0,21,0,0.0,0.0,0.154639018924847,0.0038535645472061657,0.0038535645472061657,0.08092485549132948,false,false,1,real
1298,335,140,3,3114,35,12,2848,15,0.0038535645472061657,0.0022058077774203895,0.006723914656646224,0.0038535645472061657,0.0,0.0,true,false,1,real
1400,335,140,3,84,6,0,81,1,0.0,0.0,0.04373172841465989,0.0038535645472061657,0.0038535645472061657,0.3236994219653179,false,false,1,real
373,340,140,4,1293,35,15,1134,16,0.01160092807424594,0.007042798036664942,0.019052495717645206,0.014409735560301777,0.002808807486055838,3.631788079470198,true,false,2,real
699,340,140,4,27,1,0,25,0,0.0,0.0,0.12455502974186705,0.014409735560301777,0.014409735560301777,0.389062860128148,false,false,2,real
1626,340,140,4,755,50,13,668,16,0.017218543046357615,0.010089789872462621,0.029235234444303565,0.014409735560301777,-0.002808807486055838,0.0,true,false,2,real
940,568,140,3,10,0,0,10,0,0.0,0.0,0.2775327998628892,0.01088646967340591,0.01088646967340591,0.1088646967340591,false,false,2,real
129,568,140,3,10,2,1,9,1,0.1,0.01787621309507289,0.4041500267952385,0.01088646967340591,-0.0891135303265941,0.0,false,false,2,real
633,568,140,3,1929,96,42,1555,47,0.02177293934681182,0.01614812837654407,0.029298671421660698,0.01088646967340591,-0.01088646967340591,0.0,true,false,2,real
1681,568,140,3,351,9,0,329,2,0.0,0.0,0.010825845529609501,0.01088646967340591,0.01088646967340591,3.8211508553654743,true,false,2,real
1503,580,1600,3,2554,102,33,2126,36,0.012920908379013312,0.009215139836769831,0.018089702916422108,0.012989663811499783,6.875543248647045e-05,0.17560137457044553,true,false,6,real
1207,580,1600,3,196,11,3,167,3,0.015306122448979591,0.005218879779228866,0.04402745218196985,0.012989663811499783,-0.002316458637479809,0.0,false,false,6,real
1205,580,1600,3,5916,270,91,4523,114,0.015382014874915483,0.012545785085803856,0.01884719395146179,0.012989663811499783,-0.0023923510634157007,0.0,true,false,6,real
1498,580,1600,3,1455,41,19,1205,21,0.013058419243986255,0.008375677954296043,0.020305614702767694,0.012989663811499783,-6.875543248647219e-05,0.0,true,false,6,real
781,580,1600,3,44,0,0,41,1,0.0,0.0,0.08029560375848066,0.012989663811499783,0.012989663811499783,0.5715452077059904,false,false,6,real
876,580,1600,3,1748,35,14,1483,16,0.008009153318077803,0.004776870569686395,0.013399122845910234,0.012989663811499783,0.004980510493421979,8.705932342501619,true,false,6,real
1073,580,1600,3,2085,77,22,1643,28,0.010551558752997603,0.0069783998248361765,0.015924946247059667,0.012989663811499783,0.00243810505850218,5.083449046977045,true,false,6,real
1179,580,1600,3,2010,90,31,1674,35,0.015422885572139304,0.010886436732848436,0.021808023167312177,0.012989663811499783,-0.002433221760639521,0.0,true,false,6,real
752,630,679,2,30,0,0,29,0,0.0,0.0,0.11351339317396876,,,0.0,false,false,0,real
233,630,679,2,129,0,0,121,0,0.0,0.0,0.028917619956878256,,,0.0,false,false,0,real
1662,630,679,2,75,0,0,69,0,0.0,0.0,0.04872384248280587,,,0.0,false,false,0,real
103,630,679,2,28,3,0,27,3,0.0,0.0,0.12064330476584562,,,0.0,false,false,0,real
1217,630,679,2,91,1,1,89,1,0.01098901098901099,0.0019424713318492136,0.05964935668650616,,,0.0,false,false,0,real
92,653,653,1,13,0,0,13,0,0.0,0.0,0.22809537235419838,0.008684100238560897,0.008684100238560897,0.11289330310129166,false,false,2,real
337,653,653,1,1288,37,9,1132,11,0.006987577639751553,0.003680507917454535,0.013226720652708338,0.008684100238560897,0.001696522598809344,2.185121107266435,true,false,2,real
768,653,653,1,6,0,0,6,0,0.0,0.0,0.39033428790216534,0.008684100238560897,0.008684100238560897,0.05210460143136538,false,false,2,real
998,653,653,1,289,7,3,259,4,0.010380622837370242,0.0035365088021083063,0.030070272356293237,0.008684100238560897,-0.0016965225988093448,0.0,true,false,2,real
695,959,140,4,385,16,4,359,5,0.01038961038961039,0.004047527306971138,0.02640565239410225,0.01038961038961039,0.0,0.0,true,false,1,real
832,959,140,4,55,0,0,53,0,0.0,0.0,0.06528490111708637,0.01038961038961039,0.01038961038961039,0.5714285714285714,false,false,1,real
992,1008,679,3,175,9,3,163,3,0.017142857142857144,0.005846959716983151,0.04918199657531113,0.012942779291553134,-0.00420007785130401,0.0,false,false,1,real
202,1008,679,3,1468,47,19,1253,21,0.012942779291553134,0.008301370517572612,0.020126595395426872,0.012942779291553134,0.0,0.0,true,false,1,real
1623,1066,1532,3,1789,50,25,1617,27,0.013974287311347122,0.009483201672156763,0.020548153613497037,0.013974287311347122,0.0,0.0,true,false,5,real
793,1066,1532,3,559,36,9,324,15,0.016100178890876567,0.008493036242869076,0.030312667349858304,0.013974287311347122,-0.002125891579529445,0.0,true,false,5,real
655,1066,1532,3,481,18,4,423,7,0.008316008316008316,0.003238549304388794,0.02118481343669515,0.013974287311347122,0.005658278995338805,2.7216321967579655,true,false,5,real
572,1066,1532,3,1390,87,26,1211,36,0.01870503597122302,0.012796391960360573,0.0272665997574641,0.013974287311347122,-0.004730748659875899,0.0,true,false,5,real
260,1066,1532,3,43,3,2,35,3,0.046511627906976744,0.012849260094380229,0.15455498004063967,0.013974287311347122,-0.03253734059562962,0.0,false,false,5,real
167,1066,1532,3,2255,22,9,2063,9,0.003991130820399113,0.0021011824079386118,0.0075681366739314415,0.013974287311347122,0.009983156490948008,22.512017887087758,true,false,5,real
1431,1066,1532,3,182,7,4,161,5,0.02197802197802198,0.008579231487716645,0.055138837106004146,0.013974287311347122,-0.008003734666674858,0.0,false,false,5,real
533,1299,1532,2,1245,3,2,1167,2,0.001606425702811245,0.00044065046695287427,0.0058383361612609035,0.001606425702811245,0.0,0.0,true,false,3,real
416,1299,1532,2,1093,14,6,993,10,0.0054894784995425435,0.002518233381162499,0.011924563883016957,0.001606425702811245,-0.0038830527967312987,0.0,true,false,3,real
480,1299,1532,2,7,0,0,7,0,0.0,0.0,0.3543304350666874,0.001606425702811245,0.001606425702811245,0.011244979919678716,false,false,3,real
20,1299,1532,2,38,0,1,17,1,0.02631578947368421,0.004660587685768785,0.13494876115952129,0.001606425702811245,-0.024709363770872964,0.0,false,false,3,real
594,1299,1532,2,4,0,0,4,0,0.0,0.0,0.4898908364545973,0.001606425702811245,0.001606425702811245,0.00642570281124498,false,false,3,real
1121,1299,1532,2,513,3,0,451,1,0.0,0.0,0.007432567096028627,0.001606425702811245,0.001606425702811245,0.8240963855421687,true,false,3,real
1670,1458,140,3,342,17,5,279,6,0.014619883040935672,0.006260481502135062,0.03376207353765964,0.018046184980298783,0.0034263019393631113,1.171795263262184,true,false,4,real
844,1458,140,3,5486,284,104,4249,124,0.018957345971563982,0.015670825750086846,0.022917075268497587,0.018046184980298783,-0.0009111609912651995,0.0,true,false,4,real
302,1458,140,3,1459,92,25,1235,32,0.017135023989033583,0.011632969728876659,0.025173109628554013,0.018046184980298783,0.0009111609912651995,1.3293838862559262,true,false,4,real
1384,1458,140,3,3982,268,100,3116,116,0.025113008538422903,0.020691659037196743,0.030449727524878276,0.018046184980298783,-0.00706682355812412,0.0,true,false,4,real
1347,1458,140,3,50,2,1,37,1,0.02,0.003539259271646236,0.10495443589637815,0.018046184980298783,-0.0019538150197012175,0.0,false,false,4,real
1457,1486,140,2,19,0,0,18,0,0.0,0.0,0.16817922405261626,0.0030303030303030303,0.0030303030303030303,0.05757575757575758,false,false,1,real
131,1486,140,2,330,2,1,317,1,0.0030303030303030303,0.0005351233237087805,0.01696258005120837,0.0030303030303030303,0.0,0.0,true,false,1,real
224,1487,140,3,1797,133,64,1556,69,0.035614913745130775,0.0279888225199272,0.045222207898615224,0.025,-0.010614913745130773,0.0,true,false,3,real
331,1487,140,3,874,18,10,766,12,0.011441647597254004,0.006226572308011872,0.02093261296528692,0.025,0.013558352402745997,11.850000000000001,true,false,3,real
705,1487,140,3,240,15,6,219,7,0.025,0.011506964485998254,0.05345925945848262,0.025,0.0,0.0,true,false,3,real
1040,1516,1600,4,985,89,27,844,37,0.027411167512690356,0.018905964047735088,0.03958820435988472,0.027411167512690356,0.0,0.0,true,false,1,real
276,1516,1600,4,179,10,3,165,3,0.01675977653631285,0.005715931246561996,0.04810916336912514,0.027411167512690356,0.010651390976377507,1.9065989847715736,false,false,1,real
1223,1651,1579,2,144,0,0,135,0,0.0,0.0,0.025983637143036746,,,0.0,false,false,0,real
1283,1651,1579,2,97,0,0,91,0,0.0,0.0,0.03809404252594769,,,0.0,false,false,0,real
328,54,1224,3,40,2,1,38,1,0.025,0.004426831502681404,0.1288136896347409,,,0.0,false,false,0,real
612,54,1224,3,41,3,1,39,1,0.024390243902439025,0.004318531568912406,0.1259506205577423,,,0.0,false,false,0,real
251,194,1579,3,57,0,0,47,0,0.0,0.0,0.06313883485297894,0.0,0.0,0.0,false,false,1,real
863,194,1579,3,177,0,0,162,0,0.0,0.0,0.021242135767677948,0.0,0.0,0.0,false,false,1,real
1084,194,1579,3,388,0,0,365,0,0.0,0.0,0.00980360483613851,0.0,0.0,0.0,true,false,1,real
537,229,140,4,344,8,1,284,4,0.0029069767441860465,0.0005133372181277039,0.016280114719714158,0.00774939603211401,0.004842419287927963,1.6657922350472194,true,false,2,real
419,229,140,4,40,0,0,39,0,0.0,0.0,0.08762160119728664,0.00774939603211401,0.00774939603211401,0.3099758412845604,false,false,2,real
1598,229,140,4,953,50,12,837,14,0.012591815320041973,0.00721750948774128,0.021879744361405985,0.00774939603211401,-0.004842419287927963,0.0,true,false,2,real
1558,323,140,3,3602,100,31,3247,38,0.008606329816768461,0.006069793234426166,0.012189872247990204,0.008606329816768461,0.0,0.0,true,false,1,real
424,341,140,4,155,6,1,144,1,0.0064516129032258064,0.0011397773831429885,0.03563562662072084,,,0.0,false,false,0,real
1511,409,140,2,4731,169,46,4008,56,0.009723102938068062,0.007297746813476535,0.012943999326121839,0.009723102938068062,0.0,0.0,true,false,1,real
1667,409,140,2,12,0,0,12,0,0.0,0.0,0.24249400665524087,0.009723102938068062,0.009723102938068062,0.11667723525681674,false,false,1,real
1362,587,791,2,132,8,1,119,1,0.007575757575757576,0.0013385613550180315,0.041663471098156976,0.008249899671903014,0.0006741420961454379,0.08898675669119781,false,false,4,real
1255,587,791,2,1065,43,10,827,13,0.009389671361502348,0.005108185279066849,0.017197703610197977,0.008249899671903014,-0.0011397716895993337,0.0,true,false,4,real
60,587,791,2,12,2,0,12,0,0.0,0.0,0.24249400665524087,0.008249899671903014,0.008249899671903014,0.09899879606283617,false,false,4,real
851,587,791,2,120,7,2,110,2,0.016666666666666666,0.004582564565921141,0.058735962972158905,0.008249899671903014,-0.008416766994763653,0.0,false,false,4,real
1161,587,791,2,52,2,0,47,0,0.0,0.0,0.06879223612386234,0.008249899671903014,0.008249899671903014,0.4289947829389567,false,false,4,real
1504,587,791,2,484,23,2,402,3,0.004132231404958678,0.0011339392965337503,0.014939845903375323,0.008249899671903014,0.004117668266944336,1.9929514412010587,true,false,4,real
1569,587,791,2,28,2,1,25,1,0.03571428571428571,0.006332519849037753,0.1771219774335332,0.008249899671903014,-0.0274643860423827,0.0,false,false,4,real
769,587,791,2,6329,182,45,5179,52,0.007110127982303681,0.005318255091012508,0.009499968202733005,0.008249899671903014,0.0011397716895993329,7.213615023474178,true,false,4,real
1680,587,791,2,3024,102,40,2336,50,0.013227513227513227,0.009729103874493262,0.01796107077994499,0.008249899671903014,-0.004977613555610213,0.0,true,false,4,real
1133,602,791,2,15,0,0,13,0,0.0,0.0,0.20388330103584862,0.0118796992481203,0.0118796992481203,0.17819548872180452,false,false,2,real
794,602,791,2,20,0,0,19,0,0.0,0.0,0.16112515805281938,0.0118796992481203,0.0118796992481203,0.23759398496240602,false,false,2,real
227,602,791,2,1750,89,35,1450,37,0.02,0.014415429175977162,0.027687269702144975,0.0118796992481203,-0.0081203007518797,0.0,true,false,2,real
1533,602,791,2,532,13,2,471,2,0.0037593984962406013,0.0010315687915163469,0.013602347064774407,0.0118796992481203,0.0081203007518797,4.32,true,false,2,real
176,713,395,3,665,13,5,558,6,0.007518796992481203,0.0032157327493135303,0.017478945545748324,0.003973509933774834,-0.003545287058706368,0.0,true,false,5,real
1344,713,395,3,2265,53,9,1834,11,0.003973509933774834,0.0020918996277149438,0.00753480158394528,0.003973509933774834,0.0,0.0,true,false,5,real
706,713,395,3,1515,6,1,1373,2,0.0006600660066006601,0.00011652736204737453,0.003729469062905189,0.003973509933774834,0.0033134439271741744,5.0198675496688745,true,false,5,real
1617,713,395,3,113,3,0,93,0,0.0,0.0,0.03287753216595198,0.003973509933774834,0.003973509933774834,0.44900662251655626,false,false,5,real
1407,713,395,3,1039,39,13,833,17,0.012512030798845043,0.007326512456247461,0.021289015405907722,0.003973509933774834,-0.008538520865070207,0.0,true,false,5,real
1312,713,395,3,1374,27,1,1195,2,0.000727802037845706,0.0001284864857016152,0.004111086059672276,0.003973509933774834,0.003245707895929128,4.459602649006622,true,false,5,real
352,859,859,1,3270,80,28,2902,32,0.00856269113149847,0.005930942780246169,0.012347724520353742,0.01545598174038541,0.006893290608886939,22.54106029106029,true,false,2,real
1216,859,859,1,114,9,2,106,2,0.017543859649122806,0.004824418781068854,0.06171802645991867,0.01545598174038541,-0.0020878779087373962,0.0,false,false,2,real
1473,859,859,1,1924,126,43,1499,49,0.02234927234927235,0.01663439888378041,0.02996770027205591,0.01545598174038541,-0.006893290608886941,0.0,true,false,2,real
610,1239,653,3,2452,113,48,2142,50,0.01957585644371941,0.014796871138223276,0.025857813007649246,0.009787928221859706,-0.009787928221859706,0.0,true,false,2,real
668,1239,653,3,43,0,0,36,0,0.0,0.0,0.08200980322579117,0.009787928221859706,0.009787928221859706,0.4208809135399673,false,false,2,real
1144,1239,653,3,209,4,0,191,0,0.0,0.0,0.018048451847580686,0.009787928221859706,0.009787928221859706,2.0456769983686787,true,false,2,real
1180,1239,653,3,53,0,0,52,0,0.0,0.0,0.06758198857654187,0.009787928221859706,0.009787928221859706,0.5187601957585644,false,false,2,real
256,1257,395,2,5550,101,33,4779,38,0.005945945945945946,0.004237063906857025,0.00833827864451719,0.005945945945945946,0.0,0.0,true,false,5,real
1574,1257,395,2,1144,36,13,995,15,0.011363636363636364,0.00665288161449422,0.019345010856957015,0.005945945945945946,-0.005417690417690418,0.0,true,false,5,real
358,1257,395,2,613,16,8,562,8,0.013050570962479609,0.0066274394139506565,0.025538781803779973,0.005945945945945946,-0.007104625016533663,0.0,true,false,5,real
575,1257,395,2,5410,64,17,4883,21,0.003142329020332717,0.0019628998345068037,0.0050268613375791605,0.005945945945945946,0.002803616925613229,15.167567567567568,true,false,5,real
1079,1257,395,2,28,1,1,26,1,0.03571428571428571,0.006332519849037753,0.1771219774335332,0.005945945945945946,-0.029768339768339765,0.0,false,false,5,real
1233,1257,395,2,7932,113,40,6754,43,0.005042864346949067,0.0037056976474499,0.0068592133649171974,0.005945945945945946,0.000903081598996879,7.163243243243245,true,false,5,real
857,1272,140,3,689,5,2,530,2,0.002902757619738752,0.0007964021046239226,0.010521423526136258,0.02142310635042081,0.01852034873068206,12.760520275439939,true,false,3,real
830,1272,140,3,372,16,9,289,15,0.024193548387096774,0.012779483118382003,0.04533400678033142,0.02142310635042081,-0.0027704420366759623,0.0,true,false,3,real
808,1272,140,3,1307,65,28,940,44,0.02142310635042081,0.014862987946677274,0.03078819162047712,0.02142310635042081,0.0,0.0,true,false,3,real
1114,113,1532,2,3609,220,62,3147,91,0.017179274037129398,0.013424613457662622,0.02196068099210385,0.009779338014042127,-0.007399936023087271,0.0,true,false,3,real
282,113,1532,2,3988,131,39,3405,54,0.009779338014042127,0.007162168045193075,0.013340013633352962,0.009779338014042127,0.0,0.0,true,false,3,real
429,113,1532,2,5092,75,19,4604,26,0.0037313432835820895,0.0023901368102072097,0.005820765973722277,0.009779338014042127,0.006047994730460037,30.79638916750251,true,false,3,real
268,138,1600,4,435,32,10,390,10,0.022988505747126436,0.0125338997785663,0.041794282624171286,0.011494252873563218,-0.011494252873563218,0.0,true,false,2,real
1575,138,1600,4,306,2,0,290,0,0.0,0.0,0.012398143345036292,0.011494252873563218,0.011494252873563218,3.5172413793103448,true,false,2,real
1292,540,140,2,27,3,1,25,1,0.037037037037037035,0.006568145980785116,0.18283465933575843,,,0.0,false,false,0,real
745,540,140,2,37,3,1,36,2,0.02702702702702703,0.004786974451940436,0.13824069863730518,,,0.0,false,false,0,real
23,640,1600,3,580,23,6,525,9,0.010344827586206896,0.004749510360019869,0.02238364125393439,0.019641867169309234,0.009297039583102337,5.392282958199355,true,false,2,real
154,640,1600,3,311,10,9,278,10,0.028938906752411574,0.015298122356256038,0.05407475789435001,0.019641867169309234,-0.00929703958310234,0.0,true,false,2,real
1203,755,755,1,170,0,0,161,0,0.0,0.0,0.022097483803655452,0.0,0.0,0.0,false,false,1,real
1010,755,755,1,44,0,0,43,0,0.0,0.0,0.08029560375848066,0.0,0.0,0.0,false,false,1,real
353,755,755,1,263,0,0,254,0,0.0,0.0,0.014396034400619203,0.0,0.0,0.0,true,false,1,real
190,755,755,1,15,0,0,13,0,0.0,0.0,0.20388330103584862,0.0,0.0,0.0,false,false,1,real
1197,777,140,3,817,19,7,738,8,0.008567931456548347,0.004156387247933212,0.01757918498586576,0.01034928848641656,0.0017813570298682128,1.45536869340233,true,false,3,real
279,777,140,3,1199,52,21,1062,29,0.01751459549624687,0.011483815398868195,0.02662715798380737,0.01034928848641656,-0.007165307009830311,0.0,true,false,3,real
932,777,140,3,43,3,0,41,0,0.0,0.0,0.08200980322579117,0.01034928848641656,0.01034928848641656,0.4450194049159121,false,false,3,real
541,777,140,3,174,0,0,161,0,0.0,0.0,0.021600468451887907,0.01034928848641656,0.01034928848641656,1.8007761966364815,false,false,3,real
349,777,140,3,773,23,8,677,12,0.01034928848641656,0.0052532821048726815,0.020287912427683564,0.01034928848641656,0.0,0.0,true,false,3,real
667,777,140,3,44,0,0,35,0,0.0,0.0,0.08029560375848066,0.01034928848641656,0.01034928848641656,0.4553686934023286,false,false,3,real
67,835,1600,3,57,4,1,54,2,0.017543859649122806,0.0031036646514080893,0.09290749178567685,0.0072992700729927005,-0.010244589576130106,0.0,false,false,1,real
1176,835,1600,3,75,9,3,61,3,0.04,0.013696064260143935,0.11112987082403748,0.0072992700729927005,-0.0327007299270073,0.0,false,false,1,real
1111,835,1600,3,274,19,2,230,2,0.0072992700729927005,0.0020040107632030785,0.026218770869089733,0.0072992700729927005,0.0,0.0,true,false,1,real
1553,886,140,3,194,11,1,185,1,0.005154639175257732,0.0009105006415127791,0.028615458454797276,,,0.0,false,false,0,real
156,886,140,3,63,4,0,55,0,0.0,0.0,0.05747119958885172,,,0.0,false,false,0,real
1023,886,140,3,53,4,0,53,0,0.0,0.0,0.06758198857654187,,,0.0,false,false,0,real
217,908,140,4,974,37,16,869,16,0.01642710472279261,0.010136412639486846,0.02651723759939747,0.01642710472279261,0.0,0.0,true,false,3,real
510,908,140,4,16,0,0,16,0,0.0,0.0,0.1936076805344365,0.01642710472279261,0.01642710472279261,0.26283367556468173,false,false,3,real
719,908,140,4,503,23,5,468,5,0.009940357852882704,0.004253190738357408,0.023056056719220508,0.01642710472279261,0.006486746869909904,3.262833675564682,true,false,3,real
685,908,140,4,217,6,4,199,4,0.018433179723502304,0.007191070000421506,0.046428657400077414,0.01642710472279261,-0.0020060750007096957,0.0,true,false,3,real
1192,955,140,3,6752,277,94,5901,113,0.013921800947867298,0.01139064769346023,0.017005734902258967,0.005718129835183316,-0.008203671112683983,0.0,true,false,5,real
626,955,140,3,1364,28,6,1214,8,0.004398826979472141,0.0020175341347668666,0.009563821817371098,0.005718129835183316,0.0013193028557111752,1.799529095190043,true,false,5,real
1051,955,140,3,37829,1287,343,31667,418,0.009067117819662164,0.008160518807587395,0.01007341320017773,0.005718129835183316,-0.0033489879844788477,0.0,true,false,5,real
1213,955,140,3,1290,27,1,1130,1,0.0007751937984496124,0.00013685384912295818,0.004377964238418058,0.005718129835183316,0.004942936036733704,6.376387487386478,true,false,5,real
51,955,140,3,2973,63,17,2658,19,0.005718129835183316,0.003573242166857679,0.009138707510061093,0.005718129835183316,0.0,0.0,true,false,5,real
746,1200,395,2,1590,42,20,1250,25,0.012578616352201259,0.00815735972681667,0.019349428089540575,0.012578616352201259,0.0,0.0,true,false,1,real
1323,1200,395,2,36,0,0,34,0,0.0,0.0,0.09641862859446367,0.012578616352201259,0.012578616352201259,0.4528301886792453,false,false,1,real
85,1423,791,2,6,0,0,6,0,0.0,0.0,0.39033428790216534,0.01569544835618041,0.01569544835618041,0.09417269013708246,false,false,2,real
1100,1423,791,2,14,0,0,13,0,0.0,0.0,0.2153108027376358,0.01569544835618041,0.01569544835618041,0.21973627698652573,false,false,2,real
759,1423,791,2,57,2,0,50,0,0.0,0.0,0.06313883485297894,0.01569544835618041,0.01569544835618041,0.8946405563022833,false,false,2,real
240,1423,791,2,20,0,0,18,0,0.0,0.0,0.16112515805281938,0.01569544835618041,0.01569544835618041,0.31390896712360816,false,false,2,real
1405,1423,791,2,28,1,0,24,0,0.0,0.0,0.12064330476584562,0.01569544835618041,0.01569544835618041,0.43947255397305146,false,false,2,real
1070,1423,791,2,1561,61,23,1314,26,0.014734144778987828,0.009838009725862535,0.022012794417744428,0.01569544835618041,0.0009613035771925803,1.500594883997618,true,false,2,real
1250,1423,791,2,1681,78,28,1384,37,0.01665675193337299,0.011549152488042856,0.023968408234008812,0.01569544835618041,-0.0009613035771925821,0.0,true,false,2,real
155,1423,791,2,24,0,0,22,0,0.0,0.0,0.1379762046749802,0.01569544835618041,0.01569544835618041,0.37669076054832984,false,false,2,real
1500,1515,140,3,3799,163,60,3291,78,0.01579362990260595,0.012290099806260385,0.020275406844942164,0.014841259395747418,-0.0009523705068585301,0.0,true,false,4,real
239,1515,140,3,5733,86,22,5086,25,0.0038374324088609802,0.002535621204168014,0.005803716594183618,0.014841259395747418,0.011003826986886438,63.084940115819954,true,false,4,real
860,1515,140,3,1584,69,22,1423,28,0.013888888888888888,0.009189755914770975,0.020940115398846482,0.014841259395747418,0.0009523705068585301,1.5085548828639117,true,false,4,real
1154,1515,140,3,238,18,7,206,8,0.029411764705882353,0.014318648941541669,0.059454718568295116,0.014841259395747418,-0.014570505310134934,0.0,true,false,4,real
507,1546,1224,3,531,15,5,421,5,0.009416195856873822,0.0040285528779544656,0.021851001880597788,0.011058253481364858,0.0016420576244910359,0.87193259860474,true,false,6,real
390,1546,1224,3,1296,97,53,1016,59,0.04089506172839506,0.031400288871806056,0.05310344662248252,0.011058253481364858,-0.029836808247030205,0.0,true,false,6,real
1240,1546,1224,3,1122,59,12,899,12,0.0106951871657754,0.006128556675105764,0.01860090998519801,0.011058253481364858,0.0003630663155894578,0.40736040609137164,true,false,6,real
26,1546,1224,3,251,11,4,204,4,0.01593625498007968,0.006214298691276628,0.0402516840239838,0.011058253481364858,-0.004878001498714823,0.0,true,false,6,real
1006,1546,1224,3,1481,57,12,1252,14,0.008102633355840648,0.0046410863052755045,0.014109372644602316,0.011058253481364858,0.00295562012552421,4.377273405901355,true,false,6,real
822,1546,1224,3,2364,86,27,1880,30,0.011421319796954314,0.00786126437621033,0.01656666284215256,0.011058253481364858,-0.00036306631558945604,0.0,true,false,6,real
294,1687,250,3,19,0,0,19,0,0.0,0.0,0.16817922405261626,0.0,0.0,0.0,false,false,1,real
108,1687,250,3,3,0,0,3,0,0.0,0.0,0.5614970317550455,0.0,0.0,0.0,false,false,1,real
906,1687,250,3,23,0,0,13,0,0.0,0.0,0.14311661845042686,0.0,0.0,0.0,false,false,1,real
733,1687,250,3,7,0,0,7,0,0.0,0.0,0.3543304350666874,0.0,0.0,0.0,false,false,1,real
1044,1687,250,3,17,0,0,16,0,0.0,0.0,0.1843181350088518,0.0,0.0,0.0,false,false,1,real
443,1687,250,3,56,0,0,47,0,0.0,0.0,0.0641939367187634,0.0,0.0,0.0,false,false,1,real
1512,1687,250,3,30,0,0,26,0,0.0,0.0,0.11351339317396876,0.0,0.0,0.0,false,false,1,real
79,1687,250,3,95,0,0,91,0,0.0,0.0,0.038864853539472964,0.0,0.0,0.0,false,false,1,real
749,1687,250,3,9,0,0,9,0,0.0,0.0,0.2991450484195441,0.0,0.0,0.0,false,false,1,real
272,1687,250,3,84,0,0,73,0,0.0,0.0,0.04373172841465989,0.0,0.0,0.0,false,false,1,real
68,1687,250,3,45,0,0,42,0,0.0,0.0,0.07865159873288836,0.0,0.0,0.0,false,false,1,real
922,1687,250,3,23,0,0,21,0,0.0,0.0,0.14311661845042686,0.0,0.0,0.0,false,false,1,real
403,1687,250,3,321,0,0,296,0,0.0,0.0,0.011825642067487858,0.0,0.0,0.0,true,false,1,real
853,1687,250,3,2,0,0,2,0,0.0,0.0,0.6576197724933469,0.0,0.0,0.0,false,false,1,real
32,1687,250,3,4,0,0,3,0,0.0,0.0,0.4898908364545973,0.0,0.0,0.0,false,false,1,real
1264,1687,250,3,116,0,0,100,0,0.0,0.0,0.032054506499638716,0.0,0.0,0.0,false,false,1,real
760,1698,1698,1,257,12,4,213,4,0.01556420233463035,0.006068827889100079,0.03932832206639876,0.01556420233463035,0.0,0.0,true,false,1,real
997,187,1600,4,642,31,8,546,10,0.012461059190031152,0.0063274453922020305,0.02439442690277979,0.012461059190031152,0.0,0.0,true,false,3,real
1053,187,1600,4,649,24,8,567,8,0.012326656394453005,0.006259058052751824,0.02413340332146319,0.012461059190031152,0.00013440279557814724,0.08722741433021756,true,false,3,real
804,187,1600,4,1890,95,31,1593,35,0.0164021164021164,0.011579037259471101,0.023187050743319785,0.012461059190031152,-0.003941057212085248,0.0,true,false,3,real
420,250,250,1,15,0,0,15,0,0.0,0.0,0.20388330103584862,0.004477611940298508,0.004477611940298508,0.06716417910447761,false,false,15,real
1086,250,250,1,105,1,0,89,0,0.0,0.0,0.035294076929109894,0.004477611940298508,0.004477611940298508,0.4701492537313433,false,false,15,real
1120,250,250,1,10267,242,54,9263,66,0.005259569494496932,0.004033562232012741,0.006855658409655682,0.004477611940298508,-0.0007819575541984239,0.0,true,false,15,real
1252,250,250,1,10,0,0,9,0,0.0,0.0,0.2775327998628892,0.004477611940298508,0.004477611940298508,0.04477611940298508,false,false,15,real
1485,250,250,1,95,4,2,85,2,0.021052631578947368,0.005792506864405531,0.07354119494708962,0.004477611940298508,-0.01657501963864886,0.0,false,false,15,real
238,250,250,1,1236,32,12,1083,14,0.009708737864077669,0.005562441483417955,0.016893218974312032,0.004477611940298508,-0.005231125923779161,0.0,true,false,15,real
457,250,250,1,670,66,3,621,9,0.004477611940298508,0.001523935869889706,0.013081070533126658,0.004477611940298508,0.0,0.0,true,false,15,real
642,250,250,1,4738,2,0,4400,0,0.0,0.0,0.0008101196242122999,0.004477611940298508,0.004477611940298508,21.214925373134328,true,false,15,real
74,250,250,1,1534,27,14,1416,18,0.009126466753585397,0.00544418872381178,0.01526110481477704,0.004477611940298508,-0.004648854813286889,0.0,true,false,15,real
543,250,250,1,203,0,0,181,0,0.0,0.0,0.018571996361832828,0.004477611940298508,0.004477611940298508,0.908955223880597,true,false,15,real
329,250,250,1,203,4,3,168,4,0.014778325123152709,0.005038469334549738,0.042541251272746154,0.004477611940298508,-0.0103007131828542,0.0,true,false,15,real
1402,250,250,1,2840,35,5,2337,8,0.0017605633802816902,0.0007522345953281557,0.004114935048662479,0.004477611940298508,0.0027170485600168173,7.7164179104477615,true,false,15,real
463,250,250,1,1912,0,0,1761,0,0.0,0.0,0.002005102668077115,0.004477611940298508,0.004477611940298508,8.561194029850746,true,false,15,real
1167,250,250,1,3889,97,22,3153,25,0.00565698122910774,0.003738827410053156,0.008550771158697014,0.004477611940298508,-0.0011793692888092322,0.0,true,false,15,real
1561,250,250,1,769,30,8,679,13,0.010403120936280884,0.005280654829476249,0.0203927334110704,0.004477611940298508,-0.005925508995982377,0.0,true,false,15,real
1613,250,250,1,21898,627,98,19423,115,0.004475294547447255,0.003673960081374537,0.005450453461497242,0.004477611940298508,2.317392851252341e-06,0.05074626865672376,true,false,15,real
678,250,250,1,732,17,4,671,4,0.00546448087431694,0.0021270209235755505,0.013965384143776854,0.004477611940298508,-0.0009868689340184322,0.0,true,false,15,real
7,250,250,1,257,0,0,250,0,0.0,0.0,0.014727178869731728,0.004477611940298508,0.004477611940298508,1.1507462686567165,true,false,15,real
1629,250,250,1,48,1,0,46,0,0.0,0.0,0.0741001296661175,0.004477611940298508,0.004477611940298508,0.21492537313432836,false,false,15,real
1695,250,250,1,45,0,0,45,0,0.0,0.0,0.07865159873288836,0.004477611940298508,0.004477611940298508,0.20149253731343283,false,false,15,real
1190,250,250,1,7,0,0,7,0,0.0,0.0,0.3543304350666874,0.004477611940298508,0.004477611940298508,0.03134328358208956,false,false,15,real
546,250,250,1,2475,6,1,2302,1,0.00040404040404040404,7.132661334809624e-05,0.002285201191166353,0.004477611940298508,0.004073571536258104,10.082089552238807,true,false,15,real
632,590,1579,3,7,0,0,7,0,0.0,0.0,0.3543304350666874,0.0,0.0,0.0,false,false,1,real
77,590,1579,3,254,1,0,229,0,0.0,0.0,0.01489853043131252,0.0,0.0,0.0,true,false,1,real
1309,590,1579,3,26,0,0,24,0,0.0,0.0,0.1287289218592153,0.0,0.0,0.0,false,false,1,real
1021,731,1692,3,8,0,0,8,0,0.0,0.0,0.32440756488388023,,,0.0,false,false,0,real
951,825,140,4,75,0,0,65,0,0.0,0.0,0.04872384248280587,0.008987885892926924,0.008987885892926924,0.6740914419695193,false,false,1,real
1659,825,140,4,2559,75,23,2173,26,0.008987885892926924,0.005996591718609925,0.013451142221057552,0.008987885892926924,0.0,0.0,true,false,1,real
690,1125,1532,3,343,4,3,313,3,0.008746355685131196,0.0029789209378245566,0.025395595921135612,0.00102014792144861,-0.007726207763682586,0.0,true,false,3,real
656,1125,1532,3,3921,25,4,3667,5,0.00102014792144861,0.0003967848804661141,0.0026202691699800796,0.00102014792144861,0.0,0.0,true,false,3,real
82,1125,1532,3,1820,9,0,1619,0,0.0,0.0,0.0021062460238062764,0.00102014792144861,0.00102014792144861,1.8566692170364703,true,false,3,real
771,1251,653,3,532,16,5,473,5,0.009398496240601503,0.004020968139414987,0.02181028958214519,0.005494505494505495,-0.0039039907460960083,0.0,true,false,3,real
1672,1251,653,3,910,20,5,814,5,0.005494505494505495,0.002349139924960006,0.012797315389681149,0.005494505494505495,0.0,0.0,true,false,3,real
698,1251,653,3,24,1,1,23,1,0.041666666666666664,0.0073934561655057815,0.20241806478655938,0.005494505494505495,-0.03617216117216117,0.0,false,false,3,real
1465,1251,653,3,216,4,1,198,1,0.004629629629629629,0.0008177113226299479,0.025753522565780992,0.005494505494505495,0.0008648758648758656,0.18681318681318695,true,false,3,real
1614,1326,803,2,6,0,0,6,0,0.0,0.0,0.39033428790216534,,,0.0,false,false,0,real
964,1326,803,2,92,0,0,86,0,0.0,0.0,0.04008138928562172,,,0.0,false,false,0,real
1572,1326,803,2,15,0,0,15,0,0.0,0.0,0.20388330103584862,,,0.0,false,false,0,real
1135,1329,140,3,12331,547,140,9664,181,0.0113534993106804,0.009629818776242754,0.013381539721414953,0.013622959924288854,0.002269460613608455,27.984718826405857,true,false,4,real
1020,1329,140,3,1865,94,40,1560,45,0.021447721179624665,0.015789976923847225,0.029072822124714702,0.013622959924288854,-0.007824761255335811,0.0,true,false,4,real
152,1329,140,3,28,2,2,20,2,0.07142857142857142,0.019812064115305745,0.22645362568399052,0.013622959924288854,-0.05780561150428257,0.0,false,false,4,real
1417,1329,140,3,1636,79,26,1346,31,0.01589242053789731,0.010868259886442617,0.023184702075412518,0.013622959924288854,-0.0022694606136084566,0.0,true,false,4,real
1549,1329,140,3,283,7,2,259,2,0.007067137809187279,0.0019402083718794488,0.025397049125461115,0.013622959924288854,0.006555822115101575,1.8552976585737457,true,false,4,real
597,1329,140,3,86,2,0,84,0,0.0,0.0,0.042758197285742226,0.013622959924288854,0.013622959924288854,1.1715745534888415,false,false,4,real
1454,1596,653,2,1391,25,9,1183,11,0.006470165348670022,0.0034076864433459394,0.012251052894069919,0.0030661410424879547,-0.003404024306182067,0.0,true,false,3,real
477,1596,653,2,641,3,0,547,0,0.0,0.0,0.005957214394557545,0.0030661410424879547,0.0030661410424879547,1.965396408234779,true,false,3,real
645,1596,653,2,53,0,0,49,0,0.0,0.0,0.06758198857654187,0.0030661410424879547,0.0030661410424879547,0.1625054752518616,false,false,3,real
248,1596,653,2,2283,32,7,2027,7,0.0030661410424879547,0.0014860338302972883,0.006315757042382982,0.0030661410424879547,0.0,0.0,true,false,3,real
1412,107,1532,2,763,14,4,676,6,0.005242463958060288,0.0020405242278343024,0.013401336256475976,0.005242463958060288,0.0,0.0,true,false,1,real
1363,139,140,5,10,0,0,9,0,0.0,0.0,0.2775327998628892,,,0.0,false,false,0,real
1352,139,140,5,16,0,0,16,0,0.0,0.0,0.1936076805344365,,,0.0,false,false,0,real
1013,207,1490,2,17,0,1,16,5,0.058823529411764705,0.01046040098499759,0.269820306375754,0.006896551724137931,-0.051926977687626774,0.0,false,false,3,real
212,207,1490,2,482,16,2,410,3,0.004149377593360996,0.0011386474945792573,0.015001306554892081,0.006896551724137931,0.002747174130776935,1.3241379310344827,true,false,3,real
407,207,1490,2,290,4,2,241,2,0.006896551724137931,0.0018933251332506336,0.024792694096864493,0.006896551724137931,0.0,0.0,true,false,3,real
290,207,1490,2,461,34,9,416,12,0.019522776572668113,0.010304321175301695,0.036682578134639494,0.006896551724137931,-0.012626224848530182,0.0,true,false,3,real
1590,336,1579,3,3,0,0,3,0,0.0,0.0,0.5614970317550455,,,0.0,false,false,0,real
1381,336,1579,3,7,0,0,7,0,0.0,0.0,0.3543304350666874,,,0.0,false,false,0,real
31,336,1579,3,14,0,0,14,0,0.0,0.0,0.2153108027376358,,,0.0,false,false,0,real
1365,538,250,3,46,4,1,39,1,0.021739130434782608,0.003847854258050289,0.11335294521511355,,,0.0,false,false,0,real
616,573,1600,4,347,17,5,308,9,0.01440922190201729,0.006170048044081038,0.03328212749760183,0.015679187222195086,0.0012699653201777954,0.440677966101695,true,false,2,real
1091,573,1600,4,1593,82,27,1371,30,0.01694915254237288,0.011674346183572765,0.02454807182867714,0.015679187222195086,-0.0012699653201777954,0.0,true,false,2,real
1185,583,250,2,10,0,0,10,0,0.0,0.0,0.2775327998628892,,,0.0,false,false,0,real
901,679,679,1,22,0,0,21,0,0.0,0.0,0.14865487460862087,0.006349964416513837,0.006349964416513837,0.1396992171633044,false,false,2,real
1544,679,679,1,1205,26,10,1061,13,0.008298755186721992,0.0045139069664660615,0.015208661817659747,0.006349964416513837,-0.0019487907702081548,0.0,true,false,2,real
491,679,679,1,7498,245,33,6820,41,0.004401173646305681,0.00313568170324377,0.006174226964390663,0.006349964416513837,0.0019487907702081557,14.612033195020752,true,false,2,real
869,679,679,1,134,7,0,130,2,0.0,0.0,0.027868675023899322,0.006349964416513837,0.006349964416513837,0.8508952318128542,false,false,2,real
89,937,1532,4,215,10,4,192,7,0.018604651162790697,0.007258178923892778,0.04685158110286852,0.010337522268765949,-0.008267128894024749,0.0,true,false,2,real
1620,937,1532,4,176,1,0,168,0,0.0,0.0,0.021360251667687728,0.010337522268765949,0.010337522268765949,1.819403919302807,false,false,2,real
86,937,1532,4,483,2,1,450,1,0.002070393374741201,0.00036556880775304575,0.011633119296674726,0.010337522268765949,0.008267128894024749,3.9930232558139536,true,false,2,real
59,995,1600,2,339,13,3,314,4,0.008849557522123894,0.003014122793323553,0.02569144523962897,0.006713108280512747,-0.0021364492416111464,0.0,true,false,2,real
723,995,1600,2,437,13,2,391,4,0.004576659038901602,0.0012559835271436217,0.0165314969010153,0.006713108280512747,0.0021364492416111455,0.9336283185840706,true,false,2,real
262,995,1600,2,2,1,0,2,0,0.0,0.0,0.6576197724933469,0.006713108280512747,0.006713108280512747,0.013426216561025495,false,false,2,real
1510,1009,431,2,201,0,0,181,0,0.0,0.0,0.01875332680605788,0.0,0.0,0.0,true,false,3,real
534,1009,431,2,4,0,0,4,0,0.0,0.0,0.4898908364545973,0.0,0.0,0.0,false,false,3,real
1522,1009,431,2,143,0,0,136,0,0.0,0.0,0.026160587422281553,0.0,0.0,0.0,false,false,3,real
284,1009,431,2,89,0,0,83,0,0.0,0.0,0.04137654523625251,0.0,0.0,0.0,false,false,3,real
976,1009,431,2,441,1,0,407,0,0.0,0.0,0.008635568345805946,0.0,0.0,0.0,true,false,3,real
184,1009,431,2,148,0,0,135,0,0.0,0.0,0.025299143267784395,0.0,0.0,0.0,false,false,3,real
264,1009,431,2,7,0,0,7,0,0.0,0.0,0.3543304350666874,0.0,0.0,0.0,false,false,3,real
198,1009,431,2,42,0,0,41,0,0.0,0.0,0.08379879086570392,0.0,0.0,0.0,false,false,3,real
1287,1009,431,2,61,0,0,53,0,0.0,0.0,0.059243867898112826,0.0,0.0,0.0,false,false,3,real
923,1009,431,2,5,0,0,5,0,0.0,0.0,0.43448246478317476,0.0,0.0,0.0,false,false,3,real
1489,1009,431,2,41,0,0,37,0,0.0,0.0,0.08566757018443186,0.0,0.0,0.0,false,false,3,real
1310,1009,431,2,6,0,0,6,0,0.0,0.0,0.39033428790216534,0.0,0.0,0.0,false,false,3,real
354,1009,431,2,32,0,0,24,0,0.0,0.0,0.1071791982550706,0.0,0.0,0.0,false,false,3,real
501,1009,431,2,8,0,0,8,0,0.0,0.0,0.32440756488388023,0.0,0.0,0.0,false,false,3,real
1358,1009,431,2,383,0,0,347,0,0.0,0.0,0.009930318307673144,0.0,0.0,0.0,true,false,3,real
1556,1009,431,2,14,0,0,13,0,0.0,0.0,0.2153108027376358,0.0,0.0,0.0,false,false,3,real
481,1009,431,2,135,0,0,119,0,0.0,0.0,0.02766795201752491,0.0,0.0,0.0,false,false,3,real
728,1009,431,2,40,0,0,38,0,0.0,0.0,0.08762160119728664,0.0,0.0,0.0,false,false,3,real
447,1009,431,2,63,0,1,60,1,0.015873015873015872,0.0028074942138692767,0.08458525459438397,0.0,-0.015873015873015872,0.0,false,false,3,real
30,1009,431,2,2,0,0,2,0,0.0,0.0,0.6576197724933469,0.0,0.0,0.0,false,false,3,real
929,1027,250,2,698,33,12,650,14,0.017191977077363897,0.009861406187403027,0.02980775052995048,0.01412749407018748,-0.0030644830071764172,0.0,true,false,2,real
1147,1027,250,2,2079,52,23,1804,24,0.011063011063011063,0.007383142581051344,0.016546407414037765,0.01412749407018748,0.0030644830071764172,6.371060171919772,true,false,2,real
148,1110,653,2,4,0,0,4,0,0.0,0.0,0.4898908364545973,0.0102880658436214,0.0102880658436214,0.0411522633744856,false,false,1,real
948,1110,653,2,188,4,0,176,0,0.0,0.0,0.020024132657813925,0.0102880658436214,0.0102880658436214,1.9341563786008231,false,false,1,real
412,1110,653,2,26,0,0,25,0,0.0,0.0,0.1287289218592153,0.0102880658436214,0.0102880658436214,0.2674897119341564,false,false,1,real
12,1110,653,2,1,0,0,1,0,0.0,0.0,0.7934506856227626,0.0102880658436214,0.0102880658436214,0.0102880658436214,false,false,1,real
115,1110,653,2,119,1,1,111,2,0.008403361344537815,0.0014849430400896292,0.046067885433077785,0.0102880658436214,0.0018847044990835844,0.22427983539094654,false,false,1,real
1014,1110,653,2,486,15,5,425,8,0.0102880658436214,0.004402228917096683,0.02385478888212716,0.0102880658436214,0.0,0.0,true,false,1,real
722,1110,653,2,155,3,1,145,1,0.0064516129032258064,0.0011397773831429885,0.03563562662072084,0.0102880658436214,0.0038364529403955927,0.5946502057613169,false,false,1,real
1122,1420,250,2,1,0,0,1,0,0.0,0.0,0.7934506856227626,0.007768972142170989,0.007768972142170989,0.007768972142170989,false,false,2,real
1674,1420,250,2,694,23,5,632,5,0.007204610951008645,0.0030811910388230655,0.016753484367372028,0.007768972142170989,0.000564361191162344,0.3916666666666667,true,false,2,real
874,1420,250,2,360,11,3,327,4,0.008333333333333333,0.0028380524355806954,0.024210703504967918,0.007768972142170989,-0.000564361191162344,0.0,true,false,2,real
175,1492,1532,3,3889,122,47,3383,58,0.012085368989457444,0.00910078805054089,0.016032898963349067,0.012085368989457444,0.0,0.0,true,false,3,real
450,1492,1532,3,1022,47,19,926,21,0.018590998043052837,0.01193363697838382,0.028853814592149314,0.012085368989457444,-0.006505629053595393,0.0,true,false,3,real
790,1492,1532,3,38,1,0,35,0,0.0,0.0,0.09180986822558396,0.012085368989457444,0.012085368989457444,0.4592440215993829,false,false,3,real
941,1492,1532,3,348,0,0,320,0,0.0,0.0,0.010918152833864339,0.012085368989457444,0.012085368989457444,4.205708408331191,true,false,3,real
117,1492,1532,3,128,8,1,116,2,0.0078125,0.0013804318928742388,0.04292625943886061,0.012085368989457444,0.004272868989457444,0.5469272306505528,false,false,3,real
1354,1492,1532,3,3,0,0,3,0,0.0,0.0,0.5614970317550455,0.012085368989457444,0.012085368989457444,0.03625610696837233,false,false,3,real
703,1531,1482,2,1388,16,4,1149,4,0.002881844380403458,0.001121246224389033,0.007386517893176038,0.005070993914807302,0.002189149534403844,3.0385395537525355,true,false,5,real
911,1531,1482,2,1653,26,3,1482,3,0.0018148820326678765,0.0006174113939376771,0.0053224803007686314,0.005070993914807302,0.0032561118821394256,5.382352941176471,true,false,5,real
1605,1531,1482,2,1775,28,10,1606,13,0.005633802816901409,0.0030630521642644707,0.010339749250370947,0.005070993914807302,-0.0005628089020941066,0.0,true,false,5,real
242,1531,1482,2,10846,244,55,9495,68,0.005070993914807302,0.0038982575194050043,0.006594196149412744,0.005070993914807302,0.0,0.0,true,false,5,real
1567,1531,1482,2,2050,61,16,1714,20,0.007804878048780488,0.004809907560312702,0.012641029885109262,0.005070993914807302,-0.0027338841339731856,0.0,true,false,5,real
1263,1637,140,3,3714,114,38,3226,44,0.010231556273559504,0.007463517557535312,0.014011701250213407,0.009616837209502745,-0.0006147190640567596,0.0,true,false,2,real
5,1637,140,3,16996,465,153,14157,176,0.009002118145445987,0.007688917043672255,0.01053722109833535,0.009616837209502745,0.0006147190640567578,10.447765212708656,true,false,2,real
779,1669,250,2,210,0,0,193,0,0.0,0.0,0.017964050759283236,0.0,0.0,0.0,true,false,1,real
1226,1669,250,2,75,0,0,72,0,0.0,0.0,0.04872384248280587,0.0,0.0,0.0,false,false,1,real
1440,1669,250,2,88,2,0,82,1,0.0,0.0,0.0418270666648922,0.0,0.0,0.0,false,false,1,real
428,1669,250,2,9,0,0,9,0,0.0,0.0,0.2991450484195441,0.0,0.0,0.0,false,false,1,real
814,1669,250,2,89,1,0,88,1,0.0,0.0,0.04137654523625251,0.0,0.0,0.0,false,false,1,real
791,,791,0,6,0,0,6,0,0.0,0.0,0.39033428790216534,,,0.0,false,false,0,real
679,,679,0,7,0,0,7,0,0.0,0.0,0.3543304350666874,,,0.0,false,false,0,real
1220,125,1600,4,3383,171,32,2715,40,0.009459060005911913,0.006708357715021686,0.013322535270537988,0.007886435331230283,-0.00157262467468163,0.0,true,false,5,real
1119,125,1600,4,1928,42,8,1618,10,0.004149377593360996,0.002104042525574762,0.008166706520677967,0.007886435331230283,0.0037370577378692876,7.205047318611986,true,false,5,real
942,125,1600,4,348,8,2,325,2,0.005747126436781609,0.0015774868160042287,0.02070942288183868,0.007886435331230283,0.0021393088944486743,0.7444794952681386,true,false,5,real
367,125,1600,4,494,34,9,388,11,0.018218623481781375,0.009613903206533405,0.03425841484514716,0.007886435331230283,-0.010332188150551092,0.0,true,false,5,real
1273,125,1600,4,1902,66,15,1574,18,0.007886435331230283,0.004785110519724601,0.012971591468296323,0.007886435331230283,0.0,0.0,true,false,5,real
967,378,378,1,2312,30,5,2154,9,0.0021626297577854673,0.0009240889702487471,0.00505277044211477,0.0021626297577854673,0.0,0.0,true,false,1,real
112,381,1482,2,5,0,0,4,0,0.0,0.0,0.43448246478317476,0.009708737864077669,0.009708737864077669,0.04854368932038834,false,false,5,real
623,381,1482,2,6,1,1,3,1,0.16666666666666666,0.030053369748306632,0.5635028221864702,0.009708737864077669,-0.156957928802589,0.0,false,false,5,real
47,381,1482,2,1617,78,16,1420,17,0.009894867037724181,0.006099781203703003,0.016013090246890304,0.009708737864077669,-0.00018612917364651226,0.0,true,false,5,real
1586,381,1482,2,136,4,1,126,1,0.007352941176470588,0.0012991560360958133,0.04047285399552215,0.009708737864077669,0.002355796687607081,0.320388349514563,false,false,5,real
861,381,1482,2,191,9,2,170,5,0.010471204188481676,0.0028762945798489954,0.03736903548571139,0.009708737864077669,-0.000762466324404007,0.0,false,false,5,real
1132,381,1482,2,149,3,3,135,3,0.020134228187919462,0.006870711186412477,0.0575192710646705,0.009708737864077669,-0.010425490323841793,0.0,false,false,5,real
205,381,1482,2,450,14,7,405,9,0.015555555555555555,0.007555094832788611,0.031757000776667405,0.009708737864077669,-0.005846817691477886,0.0,true,false,5,real
274,381,1482,2,412,17,4,352,4,0.009708737864077669,0.0037818335441660656,0.024694064107491656,0.009708737864077669,0.0,0.0,true,false,5,real
1177,381,1482,2,222,3,1,202,1,0.0045045045045045045,0.0007955986955411784,0.02506970899064379,0.009708737864077669,0.005204233359573165,1.1553398058252426,true,false,5,real
106,381,1482,2,235,8,1,224,1,0.00425531914893617,0.0007515636750901627,0.023705910540387204,0.009708737864077669,0.005453418715141499,1.2815533980582523,true,false,5,real
519,385,1452,3,379,2,1,349,1,0.002638522427440633,0.000465915936218923,0.014792250822125826,0.0036269535214126245,0.0009884310939719913,0.37461538461538474,true,false,2,real
1425,385,1452,3,650,4,3,558,3,0.004615384615384616,0.0015708625390131582,0.01348088844423704,0.0036269535214126245,-0.0009884310939719913,0.0,true,false,2,real
1030,385,1452,3,9,0,0,9,0,0.0,0.0,0.2991450484195441,0.0036269535214126245,0.0036269535214126245,0.03264258169271362,false,false,2,real
236,647,1698,3,55,6,0,48,1,0.0,0.0,0.06528490111708637,,,0.0,false,false,0,real
490,647,1698,3,81,11,1,76,2,0.012345679012345678,0.002182650058538772,0.06666881598048346,,,0.0,false,false,0,real
613,798,1490,2,233,4,3,191,3,0.012875536480686695,0.004388330087975522,0.03716460945942362,0.01149252813924815,-0.0013830083414385456,0.0,true,false,2,real
819,798,1490,2,3561,115,36,3078,42,0.010109519797809604,0.007311385980134188,0.01396346163841423,0.01149252813924815,0.0013830083414385456,4.924892703862661,true,false,2,real
621,798,1490,2,1,0,0,1,0,0.0,0.0,0.7934506856227626,0.01149252813924815,0.01149252813924815,0.01149252813924815,false,false,2,real
474,903,1452,2,804,0,0,750,0,0.0,0.0,0.004755213759766646,0.0,0.0,0.0,true,false,1,real
1301,1034,1698,2,3363,19,5,2977,7,0.0014867677668748143,0.0006352202998701519,0.0034758906597597635,0.0014867677668748143,0.0,0.0,true,false,1,real
576,1034,1698,2,66,0,0,60,0,0.0,0.0,0.05500255701354129,0.0014867677668748143,0.0014867677668748143,0.09812667261373774,false,false,1,real
1625,1141,1600,3,8388,272,74,6956,95,0.00882212684787792,0.0070336748640361145,0.011060263107241099,0.009771986970684038,0.000949860122806118,7.967426710097718,true,false,5,real
1564,1141,1600,3,409,21,3,351,3,0.007334963325183374,0.0024976218303357028,0.021340727275412617,0.009771986970684038,0.002437023645500664,0.9967426710097717,true,false,5,real
487,1141,1600,3,1123,84,23,874,25,0.020480854853072127,0.013685699655323496,0.030545419487964093,0.009771986970684038,-0.010708867882388088,0.0,true,false,5,real
1236,1141,1600,3,614,26,6,570,10,0.009771986970684038,0.004486067989800421,0.021153938187401633,0.009771986970684038,0.0,0.0,true,false,5,real
969,1141,1600,3,3091,167,41,2457,51,0.013264315755418959,0.009792827674580987,0.017944121039232767,0.009771986970684038,-0.0034923287847349205,0.0,true,false,5,real
1038,1174,1532,3,370,7,3,327,4,0.008108108108108109,0.0027612436919242055,0.02356397676848062,0.008108108108108109,0.0,0.0,true,false,3,real
360,1174,1532,3,3363,67,27,3105,33,0.008028545941123996,0.005523625177086422,0.011656114210153478,0.008108108108108109,7.956216698411234e-05,0.2675675675675698,true,false,3,real
1409,1174,1532,3,1634,61,27,1335,29,0.016523867809057527,0.011380792927741187,0.02393487117954188,0.008108108108108109,-0.008415759700949418,0.0,true,false,3,real
937,1174,1532,3,52,3,1,50,1,0.019230769230769232,0.003402808070945163,0.10120511127892247,0.008108108108108109,-0.011122661122661123,0.0,false,false,3,real
1624,1174,1532,3,23,0,0,23,0,0.0,0.0,0.14311661845042686,0.008108108108108109,0.008108108108108109,0.1864864864864865,false,false,3,real
1578,1249,1482,2,13525,266,64,11804,76,0.004731977818853974,0.0037076847277330034,0.006037529540761109,0.010665897953300663,0.005933920134446689,80.25626981839146,true,false,5,real
972,1249,1482,2,1145,118,49,933,59,0.04279475982532751,0.032520617066441604,0.056126478700137164,0.010665897953300663,-0.03212886187202685,0.0,true,false,5,real
1078,1249,1482,2,1730,21,2,1453,2,0.0011560693641618498,0.000317093187871152,0.004205499567540087,0.010665897953300663,0.009509828589138814,16.452003459210147,true,false,5,real
1555,1249,1482,2,410,37,10,364,15,0.024390243902439025,0.01330120413213076,0.04430892243332763,0.010665897953300663,-0.013724345949138362,0.0,true,false,5,real
1388,1249,1482,2,3469,130,37,3058,42,0.010665897953300663,0.007748103939960725,0.014666238823364697,0.010665897953300663,0.0,0.0,true,false,5,real
1643,1386,140,4,537,12,5,476,6,0.00931098696461825,0.003983468856686904,0.02160898267407306,0.007944967166519651,-0.001366019798098599,0.0,true,false,2,real
1258,1386,140,4,3648,74,24,3032,29,0.006578947368421052,0.004425082967696727,0.009770894433095343,0.007944967166519651,0.001366019798098599,4.983240223463689,true,false,2,real
1528,1426,1482,2,1400,40,5,1188,8,0.0035714285714285713,0.001526436214852149,0.008333266056885663,0.006370987503062975,0.0027995589316344035,3.9193825042881647,true,false,9,real
1650,1426,1482,2,9457,336,89,6933,99,0.009411018293327694,0.007654468825193644,0.011565963058394954,0.006370987503062975,-0.003040030790264719,0.0,true,false,9,real
704,1426,1482,2,1685,25,5,1525,6,0.002967359050445104,0.0012681240065061476,0.006927706779386282,0.006370987503062975,0.003403628452617871,5.735113942661112,true,false,9,real
671,1426,1482,2,800,41,8,709,10,0.01,0.005075687871617384,0.019607610809945126,0.006370987503062975,-0.0036290124969370254,0.0,true,false,9,real
1589,1426,1482,2,4081,125,26,3418,31,0.006370987503062975,0.004351514582696852,0.009318895733990376,0.006370987503062975,0.0,0.0,true,false,9,real
292,1426,1482,2,1197,31,7,1063,8,0.005847953216374269,0.002835595519228111,0.012021868544525664,0.006370987503062975,0.0005230342866887061,0.6260720411663812,true,false,9,real
987,1426,1482,2,1644,38,10,1430,10,0.006082725060827251,0.003307367082616345,0.011160929423138934,0.006370987503062975,0.0002882624422357238,0.47390345503552994,true,false,9,real
858,1426,1482,2,5635,426,126,3493,145,0.02236024844720497,0.018812892007579355,0.026558388722523096,0.006370987503062975,-0.015989260944141995,0.0,true,false,9,real
1221,1426,1482,2,11515,262,88,9911,95,0.007642205818497612,0.006207620060455646,0.009405187830304784,0.006370987503062975,-0.001271218315434637,0.0,true,false,9,real
66,1430,140,3,972,18,5,913,8,0.0051440329218107,0.0021991650964664346,0.011984961531460963,0.008086722343258291,0.0029426894214475913,2.860294117647059,true,false,2,real
845,1430,140,3,272,10,3,252,4,0.011029411764705883,0.0037579513020169282,0.03192000248625459,0.008086722343258291,-0.002942689421447592,0.0,true,false,2,real
436,1518,1579,3,329,0,0,268,0,0.0,0.0,0.01154140723425794,0.0,0.0,0.0,true,false,2,real
1206,1518,1579,3,18,0,0,18,0,0.0,0.0,0.17587922364665765,0.0,0.0,0.0,false,false,2,real
829,1518,1579,3,24,0,0,24,0,0.0,0.0,0.1379762046749802,0.0,0.0,0.0,false,false,2,real
842,1518,1579,3,284,4,0,251,0,0.0,0.0,0.01334574538509095,0.0,0.0,0.0,true,false,2,real
586,1519,140,2,4569,216,57,3768,70,0.01247537754432042,0.009641927468059351,0.016127926982806445,0.012658227848101266,0.000182850303780846,0.8354430379746853,true,false,3,real
46,1519,140,2,237,4,3,201,4,0.012658227848101266,0.004314107333941038,0.03654870286860414,0.012658227848101266,0.0,0.0,true,false,3,real
725,1519,140,2,1021,40,17,895,19,0.01665034280117532,0.010421299740197194,0.02650290789699096,0.012658227848101266,-0.0039921149530740534,0.0,true,false,3,real
95,1519,140,2,79,2,1,73,1,0.012658227848101266,0.0022379938550498844,0.06827571876965953,0.012658227848101266,0.0,0.0,false,false,3,real
525,1566,1224,2,266,28,8,237,11,0.03007518796992481,0.015316785369395363,0.05821327523511129,0.02755715580029887,-0.0025180321696259417,0.0,true,false,4,real
1441,1566,1224,2,1230,72,25,987,29,0.02032520325203252,0.01380458588711515,0.02983267272158471,0.02755715580029887,0.007231952548266349,8.895301634367609,true,false,4,real
754,1566,1224,2,194,19,5,163,6,0.02577319587628866,0.01105790022198567,0.05890447724531146,0.02755715580029887,0.0017839599240102103,0.3460882252579808,false,false,4,real
1072,1566,1224,2,224,34,13,198,15,0.05803571428571429,0.03422658597487419,0.09674807936984983,0.02755715580029887,-0.03047855848541542,0.0,true,false,4,real
267,1566,1224,2,639,43,16,554,19,0.025039123630672927,0.015470251170480762,0.040284489487419584,0.02755715580029887,0.0025180321696259417,1.6090225563909768,true,false,4,real
670,1566,1224,2,29,1,1,25,1,0.034482758620689655,0.006113214292762649,0.17175521879320288,0.02755715580029887,-0.006925602820390786,0.0,false,false,4,real
1459,1604,653,3,2,0,0,2,0,0.0,0.0,0.6576197724933469,0.010706638115631691,0.010706638115631691,0.021413276231263382,false,false,1,real
503,1604,653,3,467,9,5,435,5,0.010706638115631691,0.004581665443367315,0.0248156158737081,0.010706638115631691,0.0,0.0,true,false,1,real
17,1604,653,3,7,0,0,7,0,0.0,0.0,0.3543304350666874,0.010706638115631691,0.010706638115631691,0.07494646680942184,false,false,1,real
28,1604,653,3,4,0,0,4,0,0.0,0.0,0.4898908364545973,0.010706638115631691,0.010706638115631691,0.042826552462526764,false,false,1,real
877,1604,653,3,4,0,0,4,0,0.0,0.0,0.4898908364545973,0.010706638115631691,0.010706638115631691,0.042826552462526764,false,false,1,real
1039,1604,653,3,8,0,0,8,0,0.0,0.0,0.32440756488388023,0.010706638115631691,0.010706638115631691,0.08565310492505353,false,false,1,real
1595,1673,1224,2,919,23,14,740,16,0.015233949945593036,0.009095915162086514,0.025407799984591615,0.017777777777777778,0.0025438278321847415,2.3377777777777773,true,false,3,real
304,1673,1224,2,225,6,4,181,4,0.017777777777777778,0.006934601592962379,0.04481064982134692,0.017777777777777778,0.0,0.0,true,false,3,real
1593,1673,1224,2,1887,128,63,1509,72,0.033386327503974564,0.02618186830448072,0.04248674387079676,0.017777777777777778,-0.015608549726196786,0.0,true,false,3,real
356,92,653,2,2303,88,40,1984,46,0.017368649587494574,0.012780999517964933,0.023563699637717685,0.010849895189322577,-0.006518754398171997,0.0,true,false,8,real
1610,92,653,2,257,4,1,222,2,0.0038910505836575876,0.000687196508130386,0.02170747513304312,0.010849895189322577,0.006958844605664989,1.7884230636559022,true,false,8,real
812,92,653,2,53,1,0,48,0,0.0,0.0,0.06758198857654187,0.010849895189322577,0.010849895189322577,0.5750444450340966,false,false,8,real
1000,92,653,2,23,0,0,22,0,0.0,0.0,0.14311661845042686,0.010849895189322577,0.010849895189322577,0.24954758935441926,false,false,8,real
1348,92,653,2,19,1,0,19,0,0.0,0.0,0.16817922405261626,0.010849895189322577,0.010849895189322577,0.20614800859712895,false,false,8,real
1096,92,653,2,230,10,7,204,9,0.030434782608695653,0.014819286870871286,0.06147795704247031,0.010849895189322577,-0.019584887419373077,0.0,true,false,8,real
1234,92,653,2,844,21,5,744,6,0.005924170616113744,0.002533027670013444,0.0137924995576205,0.010849895189322577,0.004925724573208833,4.157311539788255,true,false,8,real
319,92,653,2,338,10,4,314,5,0.011834319526627219,0.004611496323758365,0.030028710459659668,0.010849895189322577,-0.000984424337304642,0.0,true,false,8,real
437,92,653,2,1115,34,11,917,14,0.009865470852017937,0.005517544763591393,0.017579077744419802,0.010849895189322577,0.0009844243373046402,1.0976331360946738,true,false,8,real
1169,92,653,2,166,0,0,156,0,0.0,0.0,0.02261790994594346,0.010849895189322577,0.010849895189322577,1.8010826014275478,false,false,8,real
637,92,653,2,1151,36,16,982,20,0.013900955690703735,0.008574438527708462,0.022461387686302643,0.010849895189322577,-0.0030510605013811583,0.0,true,false,8,real
327,92,653,2,192,6,0,170,0,0.0,0.0,0.019615146066754113,0.010849895189322577,0.010849895189322577,2.0831798763499347,false,false,8,real
558,92,653,2,2643,68,23,2211,26,0.00870223231176693,0.005805785176307525,0.013024756658601278,0.010849895189322577,0.002147662877555646,5.676272985379573,true,false,8,real
338,275,250,3,26,1,0,24,0,0.0,0.0,0.1287289218592153,,,0.0,false,false,0,real
970,275,250,3,135,0,0,128,0,0.0,0.0,0.02766795201752491,,,0.0,false,false,0,real
119,351,653,2,7,0,0,7,0,0.0,0.0,0.3543304350666874,0.007655502392344498,0.007655502392344498,0.053588516746411484,false,false,7,real
1026,351,653,2,3038,64,35,2758,37,0.01152073732718894,0.008295469151799205,0.015979779844682702,0.007655502392344498,-0.0038652349348444427,0.0,true,false,7,real
1270,351,653,2,157,1,0,147,0,0.0,0.0,0.023883511433308864,0.007655502392344498,0.007655502392344498,1.2019138755980863,false,false,7,real
161,351,653,2,249,14,8,217,8,0.0321285140562249,0.01636819281182729,0.06210572089377649,0.007655502392344498,-0.024473011663880398,0.0,true,false,7,real
21,351,653,2,43,0,0,35,0,0.0,0.0,0.08200980322579117,0.007655502392344498,0.007655502392344498,0.3291866028708134,false,false,7,real
1499,351,653,2,10,0,0,9,0,0.0,0.0,0.2775327998628892,0.007655502392344498,0.007655502392344498,0.07655502392344497,false,false,7,real
639,351,653,2,335,12,3,315,3,0.008955223880597015,0.0030501665591917246,0.02599426872020531,0.007655502392344498,-0.0012997214882525176,0.0,true,false,7,real
1570,351,653,2,268,6,2,240,2,0.007462686567164179,0.0020489291655564883,0.026796776911478394,0.007655502392344498,0.00019281582518031887,0.051674641148325456,true,false,7,real
199,351,653,2,1045,22,8,973,12,0.007655502392344498,0.00388417485711113,0.015033325641966818,0.007655502392344498,0.0,0.0,true,false,7,real
1124,351,653,2,147,0,0,136,0,0.0,0.0,0.02546686335923391,0.007655502392344498,0.007655502392344498,1.1253588516746411,false,false,7,real
1063,351,653,2,22,0,0,21,0,0.0,0.0,0.14865487460862087,0.007655502392344498,0.007655502392344498,0.16842105263157894,false,false,7,real
405,351,653,2,2025,19,3,1805,3,0.0014814814814814814,0.0005039624689824023,0.00434681518932446,0.007655502392344498,0.006174020910863017,12.50239234449761,true,false,7,real
1447,351,653,2,870,11,2,790,3,0.0022988505747126436,0.0006306542830270003,0.008342894341315776,0.007655502392344498,0.005356651817631854,4.660287081339713,true,false,7,real
102,351,653,2,144,8,3,113,3,0.020833333333333332,0.007110119392572911,0.059457532869503955,0.007655502392344498,-0.013177830940988833,0.0,false,false,7,real
1633,351,653,2,62,4,1,44,3,0.016129032258064516,0.0028528671686218294,0.08586720260689992,0.007655502392344498,-0.008473529865720017,0.0,false,false,7,real
946,351,653,2,27,1,0,25,0,0.0,0.0,0.12455502974186705,0.007655502392344498,0.007655502392344498,0.20669856459330144,false,false,7,real
1403,440,1224,2,1456,62,25,1192,31,0.017170329670329672,0.01165699294958503,0.02522472355145814,0.01790917415917416,0.0007388444888444881,1.0757575757575748,true,false,2,real
1491,440,1224,2,429,16,8,337,9,0.018648018648018648,0.009478861617590886,0.03636115304910376,0.01790917415917416,-0.0007388444888444881,0.0,true,false,2,real
1376,480,1532,3,702,24,7,641,16,0.009971509971509971,0.004838425869651363,0.020438438499442626,0.009971509971509971,0.0,0.0,true,false,3,real
1474,480,1532,3,843,34,11,699,15,0.013048635824436536,0.0073015231215651025,0.023213585168811675,0.009971509971509971,-0.0030771258529265644,0.0,true,false,3,real
1341,480,1532,3,294,2,1,260,1,0.003401360544217687,0.0006006761998509016,0.01901196887589991,0.009971509971509971,0.006570149427292284,1.9316239316239314,true,false,3,real
1007,485,250,3,3576,0,0,3273,0,0.0,0.0,0.001073080711780911,0.0004734848484848485,0.0004734848484848485,1.6931818181818181,true,false,2,real
69,485,250,3,117,0,0,113,0,0.0,0.0,0.03178924566273338,0.0004734848484848485,0.0004734848484848485,0.05539772727272727,false,false,2,real
1142,485,250,3,1056,3,1,993,1,0.000946969696969697,0.00016718296728996973,0.005344451600387754,0.0004734848484848485,-0.0004734848484848485,0.0,true,false,2,real
72,620,140,4,1314,49,14,1182,22,0.0106544901065449,0.006357171724645399,0.01780465639782717,0.014994305403148663,0.004339815296603763,5.702517299737345,true,false,4,real
1509,620,140,4,5188,278,91,4429,117,0.01754047802621434,0.014308853109875034,0.021486049391425014,0.014994305403148663,-0.0025461726230656782,0.0,true,false,4,real
774,620,140,4,482,15,6,423,7,0.012448132780082987,0.005717239357108095,0.026888991612037363,0.014994305403148663,0.0025461726230656765,1.2272552043176561,true,false,4,real
807,620,140,4,340,25,9,287,9,0.026470588235294117,0.013987542872372555,0.049534345661970756,0.014994305403148663,-0.011476282832145454,0.0,true,false,4,real
460,745,140,3,8,0,0,8,0,0.0,0.0,0.32440756488388023,0.02167630057803468,0.02167630057803468,0.17341040462427745,false,false,3,real
1542,745,140,3,6819,447,184,5658,236,0.02698342865522804,0.02339573462882404,0.03110376694466931,0.02167630057803468,-0.005307128077193357,0.0,true,false,3,real
1464,745,140,3,2076,103,45,1781,52,0.02167630057803468,0.016239263191414603,0.02888026186791556,0.02167630057803468,0.0,0.0,true,false,3,real
340,745,140,3,143,15,8,118,11,0.055944055944055944,0.028617235305217863,0.10650440527261261,0.02167630057803468,-0.034267755366021266,0.0,false,false,3,real
1011,745,140,3,883,42,13,799,20,0.014722536806342015,0.008623837122101545,0.02502531011147137,0.02167630057803468,0.006953763771692666,6.140173410404624,true,false,3,real
591,933,1224,2,28,0,0,22,0,0.0,0.0,0.12064330476584562,0.03188405797101449,0.03188405797101449,0.8927536231884058,false,false,3,real
1364,933,1224,2,1408,44,17,1191,22,0.012073863636363636,0.0075518862286759565,0.019251023251190824,0.03188405797101449,0.019810194334650855,27.892753623188405,true,false,3,real
204,933,1224,2,141,2,0,118,0,0.0,0.0,0.026521818075925647,0.03188405797101449,0.03188405797101449,4.495652173913044,false,false,3,real
1387,933,1224,2,690,38,22,576,24,0.03188405797101449,0.02114855714157947,0.04780301416119208,0.03188405797101449,0.0,0.0,true,false,3,real
6,933,1224,2,36,2,0,33,2,0.0,0.0,0.09641862859446367,0.03188405797101449,0.03188405797101449,1.1478260869565218,false,false,3,real
687,933,1224,2,400,32,14,339,18,0.035,0.020961294197977758,0.057885139532918004,0.03188405797101449,-0.003115942028985512,0.0,true,false,3,real
1307,1036,250,3,106,4,1,99,1,0.009433962264150943,0.0016672717027588918,0.05151354802970441,,,0.0,false,false,0,real
1059,1696,378,2,3921,38,22,3501,22,0.0056108135679673555,0.0037082909497730327,0.0084811081183537,0.0056108135679673555,0.0,0.0,true,false,3,real
1148,1696,378,2,508,16,2,452,2,0.003937007874015748,0.0010803343521626335,0.014239758785195171,0.0056108135679673555,0.0016738056939516075,0.8502932925274166,true,false,3,real
773,1696,378,2,329,17,7,259,7,0.02127659574468085,0.010343781156730045,0.04325969385479351,0.0056108135679673555,-0.015665782176713494,0.0,true,false,3,real
1153,20,1532,3,499,0,0,466,0,0.0,0.0,0.007639502975159281,0.010610079575596816,0.010610079575596816,5.294429708222811,true,false,5,real
35,20,1532,3,5143,133,63,4595,68,0.01224965973167412,0.009586602811494824,0.01564080313437337,0.010610079575596816,-0.0016395801560773037,0.0,true,false,5,real
928,20,1532,3,6956,231,102,5973,115,0.014663599769982749,0.012094826595200118,0.017768132216495532,0.010610079575596816,-0.004053520194385932,0.0,true,false,5,real
295,20,1532,3,2240,46,17,2042,19,0.007589285714285714,0.0047438085602129814,0.012120778138609596,0.010610079575596816,0.0030207938613111022,6.766578249336869,true,false,5,real
973,20,1532,3,3770,79,40,3377,44,0.010610079575596816,0.007801615105213737,0.01441486105986982,0.010610079575596816,0.0,0.0,true,false,5,real
218,116,140,3,444,35,12,387,14,0.02702702702702703,0.015526933507188104,0.046641180391889824,0.02088616766900949,-0.006140859358017538,0.0,true,false,2,real
1337,116,140,3,746,24,11,628,13,0.014745308310991957,0.00825315150738862,0.026209411900796394,0.02088616766900949,0.006140859358017534,4.581081081081081,true,false,2,real
595,186,1579,3,31,0,0,29,0,0.0,0.0,0.11025539546043596,,,0.0,false,false,0,real
1165,402,1482,3,69,8,0,57,1,0.0,0.0,0.05273725818905172,0.03478227666768489,0.03478227666768489,2.3999770900702573,false,false,2,real
1037,402,1482,3,2732,396,136,1938,163,0.04978038067349927,0.04223832370897858,0.05858676538064935,0.03478227666768489,-0.014998104005814382,0.0,true,false,2,real
715,402,1482,3,556,46,11,480,14,0.019784172661870502,0.011082401068223766,0.03507612901836387,0.03478227666768489,0.014998104005814385,8.338945827232799,true,false,2,real
1087,622,653,3,1203,25,11,1087,13,0.00914380714879468,0.005113346459681518,0.016299125436955164,0.005997217143382517,-0.0031465900054121632,0.0,true,false,2,real
1640,622,653,3,2,0,0,2,0,0.0,0.0,0.6576197724933469,0.005997217143382517,0.005997217143382517,0.011994434286765034,false,false,2,real
718,622,653,3,1754,23,5,1581,5,0.0028506271379703536,0.0012182132903463228,0.006655909117700717,0.005997217143382517,0.0031465900054121632,5.519118869492934,true,false,2,real
1090,648,1600,4,1749,24,6,1530,9,0.003430531732418525,0.0015731628901751644,0.00746442504510348,0.003430531732418525,0.0,0.0,true,false,1,real
587,791,791,1,3,0,0,3,0,0.0,0.0,0.5614970317550455,,,0.0,false,false,0,real
1172,810,378,2,6021,82,21,5506,26,0.003487792725460887,0.002282433154904337,0.005326307943764699,0.005068917144110327,0.00158112441864944,9.519950124688277,true,false,2,real
606,810,378,2,1203,35,8,1067,11,0.006650041562759767,0.003373468638858346,0.01306734773820155,0.005068917144110327,-0.0015811244186494404,0.0,true,false,2,real
1373,872,1600,2,1568,98,34,1343,43,0.021683673469387755,0.015558080705264871,0.030147202367364245,0.015432000669120108,-0.006251672800267647,0.0,true,false,2,real
406,872,1600,2,4575,128,42,3694,47,0.009180327868852459,0.006799119375304485,0.012385091218289247,0.015432000669120108,0.006251672800267649,28.60140306122449,true,false,2,real
361,872,1600,2,130,8,4,109,5,0.03076923076923077,0.012029284314737917,0.07644448849849772,0.015432000669120108,-0.015337230100110663,0.0,false,false,2,real
410,894,378,2,693,0,0,651,0,0.0,0.0,0.0055126726058969755,0.0,0.0,0.0,true,false,1,real
834,1056,1579,2,178,15,1,155,5,0.0056179775280898875,0.0009924003222752482,0.031131510575591728,,,0.0,false,false,0,real
716,1056,1579,2,118,0,0,84,0,0.0,0.0,0.03152833902249433,,,0.0,false,false,0,real
1345,1056,1579,2,6,0,0,6,0,0.0,0.0,0.39033428790216534,,,0.0,false,false,0,real
1289,1056,1579,2,94,2,0,91,0,0.0,0.0,0.03926207629154474,,,0.0,false,false,0,real
702,1067,1698,3,3,0,0,3,0,0.0,0.0,0.5614970317550455,,,0.0,false,false,0,real
742,1067,1698,3,36,2,0,33,0,0.0,0.0,0.09641862859446367,,,0.0,false,false,0,real
780,1067,1698,3,39,4,0,32,0,0.0,0.0,0.08966685370757144,,,0.0,false,false,0,real
386,1095,140,3,1671,42,14,1379,19,0.008378216636744464,0.004997269455353805,0.014014356184194577,0.010539036597419218,0.0021608199606747546,3.610730154287515,true,false,2,real
959,1095,140,3,28583,1250,363,23783,453,0.012699856558093973,0.011465645792554671,0.014065032714618978,0.010539036597419218,-0.0021608199606747546,0.0,true,false,2,real
1647,1145,1532,3,1,0,0,1,0,0.0,0.0,0.7934506856227626,0.013953488372093023,0.013953488372093023,0.013953488372093023,false,false,3,real
324,1145,1532,3,2439,85,32,2165,44,0.013120131201312012,0.009308934956871497,0.018462600758526612,0.013953488372093023,0.0008333571707810107,2.0325581395348853,true,false,3,real
466,1145,1532,3,20,0,0,15,0,0.0,0.0,0.16112515805281938,0.013953488372093023,0.013953488372093023,0.27906976744186046,false,false,3,real
524,1145,1532,3,215,3,3,204,3,0.013953488372093023,0.004756590127892701,0.04021413376386146,0.013953488372093023,0.0,0.0,true,false,3,real
1113,1145,1532,3,1161,56,23,984,28,0.019810508182601206,0.013236562479518018,0.029551628517009945,0.013953488372093023,-0.005857019810508183,0.0,true,false,3,real
889,1145,1532,3,2,0,0,2,0,0.0,0.0,0.6576197724933469,0.013953488372093023,0.013953488372093023,0.027906976744186046,false,false,3,real
980,1145,1532,3,13,0,0,13,0,0.0,0.0,0.22809537235419838,0.013953488372093023,0.013953488372093023,0.1813953488372093,false,false,3,real
286,1214,653,3,62,0,0,56,0,0.0,0.0,0.058344072101372484,0.016408386508659983,0.016408386508659983,1.017319963536919,false,false,1,real
1305,1214,653,3,1097,88,18,861,24,0.016408386508659983,0.010403943277608345,0.02578787935176043,0.016408386508659983,0.0,0.0,true,false,1,real
1164,1266,1532,3,185,2,1,176,1,0.005405405405405406,0.0009548249094924375,0.029978312639718188,,,0.0,false,false,0,real
669,1266,1532,3,67,12,2,60,4,0.029850746268656716,0.008224694838897964,0.10246555563352011,,,0.0,false,false,0,real
4,1266,1532,3,98,5,1,78,5,0.01020408163265306,0.0018035477567974654,0.05555480991342027,,,0.0,false,false,0,real
94,1330,653,3,1928,17,4,1767,5,0.002074688796680498,0.000807092595435737,0.00532252987778876,0.003423979243208984,0.001349290446528486,2.601431980906921,true,false,2,real
459,1330,653,3,419,11,2,372,3,0.00477326968973747,0.0013099801818188337,0.01723469810626572,0.003423979243208984,-0.0013492904465284864,0.0,true,false,2,real
526,1453,1579,3,22,0,0,22,0,0.0,0.0,0.14865487460862087,0.0,0.0,0.0,false,false,1,real
215,1453,1579,3,79,0,0,69,0,0.0,0.0,0.046371211653922655,0.0,0.0,0.0,false,false,1,real
380,1453,1579,3,6,0,0,6,0,0.0,0.0,0.39033428790216534,0.0,0.0,0.0,false,false,1,real
201,1453,1579,3,13,0,0,13,0,0.0,0.0,0.22809537235419838,0.0,0.0,0.0,false,false,1,real
1193,1453,1579,3,558,0,0,502,0,0.0,0.0,0.006837264784192593,0.0,0.0,0.0,true,false,1,real
712,1453,1579,3,68,0,0,61,0,0.0,0.0,0.053471336520070537,0.0,0.0,0.0,false,false,1,real
332,1667,140,3,302,17,5,252,6,0.016556291390728478,0.007092060496397666,0.03816491308091242,0.013196924753314365,-0.0033593666374141136,0.0,true,false,3,real
862,1667,140,3,1441,43,16,1204,20,0.011103400416377515,0.006846012375407265,0.017960487051836865,0.013196924753314365,0.0020935243369368493,3.016768569526,true,false,3,real
99,1667,140,3,52,3,0,46,0,0.0,0.0,0.06879223612386234,0.013196924753314365,0.013196924753314365,0.686240087172347,false,false,3,real
196,1667,140,3,16519,552,218,14297,258,0.013196924753314365,0.011566394131940898,0.01505381280503757,0.013196924753314365,0.0,0.0,true,false,3,real
1060,25,1490,2,515,14,1,461,1,0.001941747572815534,0.0003428483990741854,0.01091581013983966,0.005643770982669449,0.0037020234098539147,1.9065420560747661,true,false,4,real
1343,25,1490,2,3103,85,29,2717,33,0.009345794392523364,0.006515071066934806,0.013389857987336318,0.005643770982669449,-0.003702023409853915,0.0,true,false,4,real
393,25,1490,2,2,0,0,2,0,0.0,0.0,0.6576197724933469,0.005643770982669449,0.005643770982669449,0.011287541965338897,false,false,4,real
1282,25,1490,2,1595,13,3,1515,5,0.0018808777429467085,0.0006398697966196239,0.0055154989964520725,0.005643770982669449,0.00376289323972274,6.001814717357771,true,false,4,real
486,25,1490,2,38,0,0,37,0,0.0,0.0,0.09180986822558396,0.005643770982669449,0.005643770982669449,0.21446329734143904,false,false,4,real
1261,25,1490,2,4084,192,69,3466,82,0.016895200783545544,0.013372411129747337,0.021325964589944624,0.005643770982669449,-0.011251429800876095,0.0,true,false,4,real
1520,245,679,3,3,0,0,3,0,0.0,0.0,0.5614970317550455,,,0.0,false,false,0,real
1303,252,1600,3,2737,50,13,2425,13,0.0047497259773474606,0.0027779122075973083,0.008109787525875805,0.006187161639597835,0.0014374356622503743,3.9342614075792746,true,false,3,real
1322,252,1600,3,2877,85,23,2484,26,0.007994438651372959,0.00533306703116089,0.011967940168692903,0.006187161639597835,-0.0018072770117751238,0.0,true,false,3,real
573,252,1600,3,6,1,0,6,0,0.0,0.0,0.39033428790216534,0.006187161639597835,0.006187161639597835,0.037122969837587005,false,false,3,real
1022,252,1600,3,1293,30,8,1082,8,0.006187161639597835,0.0031384144818457907,0.012161419345750457,0.006187161639597835,0.0,0.0,true,false,3,real
720,305,1698,3,1131,86,37,919,42,0.032714412024756855,0.023826315184545865,0.04476604916349753,0.032714412024756855,0.0,0.0,true,false,1,real
318,305,1698,3,7,0,0,7,0,0.0,0.0,0.3543304350666874,0.032714412024756855,0.032714412024756855,0.22900088417329797,false,false,1,real
234,322,140,3,122,3,1,108,1,0.00819672131147541,0.0014483909512207013,0.044970800906824746,0.002939735423811857,-0.005256985887663553,0.0,false,false,1,real
1378,322,140,3,2041,22,6,1836,10,0.002939735423811857,0.0013479821511931326,0.006399053078535754,0.002939735423811857,0.0,0.0,true,false,1,real
382,322,140,3,50,3,0,43,1,0.0,0.0,0.07134759913335872,0.002939735423811857,0.002939735423811857,0.14698677119059284,false,false,1,real
266,322,140,3,3,0,0,3,0,0.0,0.0,0.5614970317550455,0.002939735423811857,0.002939735423811857,0.008819206271435572,false,false,1,real
643,346,140,3,523,13,6,455,7,0.011472275334608031,0.005268161155402945,0.024800578795614515,0.011472275334608031,0.0,0.0,true,false,1,real
826,346,140,3,11,0,0,11,0,0.0,0.0,0.2588329669680317,0.011472275334608031,0.011472275334608031,0.12619502868068835,false,false,1,real
1128,400,1698,3,25,1,0,25,0,0.0,0.0,0.1331922509390485,,,0.0,false,false,0,real
841,400,1698,3,4,0,0,4,0,0.0,0.0,0.4898908364545973,,,0.0,false,false,0,real
316,605,1482,2,1505,20,6,1363,10,0.003986710963455149,0.0018283873809369874,0.008670700331748056,0.00431773564701683,0.0003310246835616813,0.49819214876033036,true,false,10,real
1017,605,1482,2,284,17,1,258,3,0.0035211267605633804,0.0006218359839100915,0.019672178799877402,0.00431773564701683,0.00079660888645345,0.2262369237527798,true,false,10,real
927,605,1482,2,1936,29,9,1719,12,0.0046487603305785125,0.002447663615490994,0.008811740456619315,0.00431773564701683,-0.00033102468356168216,0.0,true,false,10,real
1280,605,1482,2,1036,32,8,949,13,0.007722007722007722,0.003917961119167167,0.015163273479034695,0.00431773564701683,-0.003404272074990892,0.0,true,false,10,real
710,605,1482,2,297,13,3,274,3,0.010101010101010102,0.003441087257053949,0.029272019703911092,0.00431773564701683,-0.0057832744539932715,0.0,true,false,10,real
1628,605,1482,2,1061,10,2,964,4,0.001885014137606032,0.0005170911639201123,0.006846877205022338,0.00431773564701683,0.0024327215094107984,2.581117521484857,true,false,10,real
567,605,1482,2,209,18,1,196,4,0.004784688995215311,0.0008451150027639528,0.026600002377375767,0.00431773564701683,-0.00046695334819848045,0.0,true,false,10,real
160,605,1482,2,1801,44,6,1629,11,0.003331482509716824,0.0015277153833212296,0.0072494870370205175,0.00431773564701683,0.0009862531373000063,1.7762419002773113,true,false,10,real
0,605,1482,2,702,45,5,629,10,0.007122507122507123,0.003046034688366281,0.01656383470612942,0.00431773564701683,-0.0028047714754902923,0.0,true,false,10,real
1472,605,1482,2,562,15,2,517,5,0.0035587188612099642,0.0009764721779926629,0.012881577101459225,0.00431773564701683,0.0007590167858068661,0.4265674336234588,true,false,10,real
1697,623,1482,3,245,0,0,235,0,0.0,0.0,0.015437374619565052,0.003468486122492607,0.003468486122492607,0.8497791000106887,true,false,4,real
816,623,1482,3,1768,24,6,1609,7,0.003393665158371041,0.0015562469405402484,0.00738442816435199,0.003468486122492607,7.482096412156618e-05,0.13228346456692902,true,false,4,real
529,623,1482,3,2540,33,9,2281,10,0.003543307086614173,0.0018652830292703627,0.006720731144277883,0.003468486122492607,-7.482096412156618e-05,0.0,true,false,4,real
1237,623,1482,3,818,12,3,757,4,0.003667481662591687,0.0012480418144421824,0.010726845452520697,0.003468486122492607,-0.00019899554009908003,0.0,true,false,4,real
377,714,1600,4,161,3,3,151,3,0.018633540372670808,0.006356993493274207,0.05334557703177281,,,0.0,false,false,0,real
147,714,1600,4,184,32,8,172,18,0.043478260869565216,0.022193174201247425,0.0834355775411141,,,0.0,false,false,0,real
1418,896,1600,3,529,58,7,472,12,0.013232514177693762,0.006424295556265143,0.027059320490019148,0.010681297739253385,-0.0025512164384403763,0.0,true,false,2,real
1677,896,1600,3,246,22,2,234,6,0.008130081300813009,0.0022324003364482827,0.029153338674633038,0.010681297739253385,0.0025512164384403763,0.6275992438563326,true,false,2,real
1442,896,1600,3,4,0,0,4,0,0.0,0.0,0.4898908364545973,0.010681297739253385,0.010681297739253385,0.04272519095701354,false,false,2,real
833,901,679,2,1478,74,34,1321,39,0.023004059539918808,0.016508081175696045,0.031973123337145894,0.02026375040205854,-0.002740309137860268,0.0,true,false,3,real
368,901,679,2,740,24,12,651,14,0.016216216216216217,0.009300276695013768,0.028129014843581986,0.02026375040205854,0.004047534185842323,2.9951752975233186,true,false,3,real
1231,901,679,2,3109,147,63,2711,77,0.02026375040205854,0.015870738584044555,0.025840816770876993,0.02026375040205854,0.0,0.0,true,false,3,real
1171,938,1532,3,1785,73,2,1649,4,0.0011204481792717086,0.0003073210986662059,0.004076219310702247,0.0011204481792717086,0.0,0.0,true,false,1,real
682,938,1532,3,34,2,0,30,0,0.0,0.0,0.10151455415332376,0.0011204481792717086,0.0011204481792717086,0.03809523809523809,false,false,1,real
303,945,653,2,2,0,0,2,0,0.0,0.0,0.6576197724933469,0.003937007874015748,0.003937007874015748,0.007874015748031496,false,false,11,real
962,945,653,2,400,6,1,326,1,0.0025,0.0004414477868016361,0.014023285075823391,0.003937007874015748,0.001437007874015748,0.5748031496062992,true,false,11,real
1052,945,653,2,7,0,0,7,0,0.0,0.0,0.3543304350666874,0.003937007874015748,0.003937007874015748,0.027559055118110236,false,false,11,real
128,945,653,2,54,0,0,51,0,0.0,0.0,0.0664135880908964,0.003937007874015748,0.003937007874015748,0.2125984251968504,false,false,11,real
1437,945,653,2,107,3,0,94,0,0.0,0.0,0.03465723801874867,0.003937007874015748,0.003937007874015748,0.421259842519685,false,false,11,real
1246,945,653,2,580,17,4,554,4,0.006896551724137931,0.0026851073266683572,0.017596869298651778,0.003937007874015748,-0.002959543850122183,0.0,true,false,11,real
1649,945,653,2,380,19,3,336,4,0.007894736842105263,0.002688482890514409,0.02295090179432606,0.003937007874015748,-0.0039577289680895154,0.0,true,false,11,real
1665,945,653,2,410,10,1,358,2,0.0024390243902439024,0.00043067751994754197,0.013684531810070469,0.003937007874015748,0.0014979834837718455,0.6141732283464567,true,false,11,real
43,945,653,2,316,5,2,290,3,0.006329113924050633,0.001737390717841532,0.022779314682411518,0.003937007874015748,-0.002392106050034885,0.0,true,false,11,real
1001,945,653,2,718,14,6,610,6,0.008356545961002786,0.0038353460501554123,0.018110551663416005,0.003937007874015748,-0.004419538086987038,0.0,true,false,11,real
451,945,653,2,1115,23,3,942,3,0.0026905829596412557,0.0009154537257162959,0.007880661883967525,0.003937007874015748,0.0012464249143744922,1.3897637795275588,true,false,11,real
912,945,653,2,254,3,1,234,1,0.003937007874015748,0.0006953169563052537,0.021959917959800082,0.003937007874015748,0.0,0.0,true,false,11,real
163,945,653,2,1589,27,5,1323,5,0.0031466331025802393,0.0013447795787114207,0.007345011074365907,0.003937007874015748,0.0007903747714355087,1.2559055118110234,true,false,11,real
532,945,653,2,2287,31,5,1972,7,0.0021862702229995625,0.000934194302673502,0.005107890699498405,0.003937007874015748,0.0017507376510161854,4.003937007874016,true,false,11,real
37,945,653,2,297,11,2,261,4,0.006734006734006734,0.0018486542140717258,0.02421643286346352,0.003937007874015748,-0.0027969988599909857,0.0,true,false,11,real
944,950,1600,4,743,28,7,659,8,0.009421265141318977,0.0045710076068861275,0.01931821092801795,0.009421265141318977,0.0,0.0,true,false,1,real
193,950,1600,4,77,5,0,68,0,0.0,0.0,0.04751842528243408,0.009421265141318977,0.009421265141318977,0.7254374158815613,false,false,1,real
1539,990,250,3,81,0,0,67,0,0.0,0.0,0.045278085432415204,,,0.0,false,false,0,real
195,1079,395,3,2902,161,53,2545,66,0.01826326671261199,0.013990094890531856,0.023810129374033543,0.01826326671261199,0.0,0.0,true,false,3,real
691,1079,395,3,4196,75,24,3763,28,0.005719733079122974,0.0038467272418751487,0.008496943186877437,0.01826326671261199,0.012543533633489017,52.63266712611992,true,false,3,real
528,1079,395,3,379,16,8,328,8,0.021108179419525065,0.010733804951006298,0.04109302404973414,0.01826326671261199,-0.0028449127069130747,0.0,true,false,3,real
433,1229,791,2,6,0,0,6,0,0.0,0.0,0.39033428790216534,0.015724247445457057,0.015724247445457057,0.09434548467274234,false,false,2,real
635,1229,791,2,272,12,6,233,7,0.022058823529411766,0.010148048393746506,0.047281530497045206,0.015724247445457057,-0.006334576083954709,0.0,true,false,2,real
261,1229,791,2,213,5,2,195,2,0.009389671361502348,0.0025787746890862987,0.033583400493373695,0.015724247445457057,0.006334576083954709,1.349264705882353,true,false,2,real
909,1229,791,2,60,2,1,57,1,0.016666666666666666,0.0029481597947862486,0.08855129727590061,0.015724247445457057,-0.0009424192212096096,0.0,false,false,2,real
461,1229,791,2,121,1,0,110,0,0.0,0.0,0.03077069794747827,0.015724247445457057,0.015724247445457057,1.902633940900304,false,false,2,real
870,1229,791,2,44,0,0,41,0,0.0,0.0,0.08029560375848066,0.015724247445457057,0.015724247445457057,0.6918668876001105,false,false,2,real
100,1229,791,2,8,0,0,8,0,0.0,0.0,0.32440756488388023,0.015724247445457057,0.015724247445457057,0.12579397956365646,false,false,2,real
765,1229,791,2,92,0,0,87,0,0.0,0.0,0.04008138928562172,0.015724247445457057,0.015724247445457057,1.4466307649820491,false,false,2,real
1019,1229,791,2,37,1,0,27,0,0.0,0.0,0.0940578258372025,0.015724247445457057,0.015724247445457057,0.5817971554819111,false,false,2,real
1374,1278,395,2,515,29,9,475,15,0.017475728155339806,0.009220748379758545,0.032875846734939665,0.017475728155339806,0.0,0.0,true,false,3,real
578,1278,395,2,723,32,13,608,15,0.017980636237897647,0.010537608748391589,0.03051874330548288,0.017475728155339806,-0.0005049080825578409,0.0,true,false,3,real
1338,1278,395,2,1699,36,13,1452,15,0.007651559741024131,0.0044770697306106095,0.013047438300431154,0.017475728155339806,0.009824168414315675,16.691262135922333,true,false,3,real
1080,1281,653,3,758,6,2,684,3,0.002638522427440633,0.0007238764807697973,0.00956889339924231,0.00425531914893617,0.0016167967214955371,1.2255319148936172,true,false,3,real
963,1281,653,3,171,0,0,164,0,0.0,0.0,0.02197109796843821,0.00425531914893617,0.00425531914893617,0.7276595744680852,false,false,3,real
849,1281,653,3,470,11,2,411,2,0.00425531914893617,0.0011677387088869999,0.015380958486605562,0.00425531914893617,0.0,0.0,true,false,3,real
3,1281,653,3,1477,34,10,1306,13,0.006770480704129994,0.0036817299937743314,0.012418210130593122,0.00425531914893617,-0.0025151615551938233,0.0,true,false,3,real
84,1308,140,3,10296,480,130,8007,174,0.012626262626262626,0.010644077901079612,0.014971992004029714,0.009895526400132337,-0.002730736226130289,0.0,true,false,4,real
182,1308,140,3,60,2,0,53,0,0.0,0.0,0.06017185214208986,0.009895526400132337,0.009895526400132337,0.5937315840079402,false,false,4,real
1048,1308,140,3,355,17,2,308,4,0.005633802816901409,0.0015463539931850963,0.020305800009489235,0.009895526400132337,0.004261723583230928,1.5129118720469794,true,false,4,real
445,1308,140,3,977,36,7,848,11,0.007164790174002047,0.0034748852993671682,0.014715066461181007,0.009895526400132337,0.00273073622613029,2.6679292929292933,true,false,4,real
589,1308,140,3,10766,505,145,8647,188,0.01346832621214936,0.011457972994812687,0.01582575814869757,0.009895526400132337,-0.003572799812017023,0.0,true,false,4,real
883,1481,1600,3,167,6,2,152,2,0.011976047904191617,0.0032904319213196585,0.04260860730969097,0.00909090909090909,-0.002885138813282527,0.0,false,false,1,real
1565,1481,1600,3,660,32,6,589,6,0.00909090909090909,0.004172916020360296,0.019690400454082675,0.00909090909090909,0.0,0.0,true,false,1,real
1049,1606,1600,3,1401,23,3,1189,5,0.0021413276231263384,0.0007285059900480999,0.006276881528167386,0.004475827299045281,0.002334499675918942,3.270634045962438,true,false,4,real
1279,1606,1600,3,15546,402,73,12142,78,0.0046957416698829284,0.003736636435044894,0.005899568488169684,0.004475827299045281,-0.0002199143708376478,0.0,true,false,4,real
646,1606,1600,3,14333,316,61,11547,75,0.004255912928207633,0.0033149035131589473,0.005462584832662899,0.004475827299045281,0.0002199143708376478,3.1520326772160057,true,false,4,real
683,1606,1600,3,16131,574,137,12504,157,0.008492963858409273,0.007189221931164161,0.010030746392032596,0.004475827299045281,-0.004017136559363993,0.0,true,false,4,real
520,1606,1600,3,112,2,1,95,1,0.008928571428571428,0.0015778547032921327,0.048848468308884896,0.004475827299045281,-0.004452744129526147,0.0,false,false,4,real
87,71,1579,2,23,0,0,23,0,0.0,0.0,0.14311661845042686,0.0,0.0,0.0,false,false,2,real
1517,71,1579,2,47,0,0,44,0,0.0,0.0,0.07555760416399632,0.0,0.0,0.0,false,false,2,real
1689,71,1579,2,17,0,0,15,0,0.0,0.0,0.1843181350088518,0.0,0.0,0.0,false,false,2,real
454,71,1579,2,218,0,0,199,0,0.0,0.0,0.017316234941454418,0.0,0.0,0.0,true,false,2,real
259,71,1579,2,83,0,0,74,0,0.0,0.0,0.04423530964197384,0.0,0.0,0.0,false,false,2,real
1159,71,1579,2,231,0,0,216,0,0.0,0.0,0.016357668871522173,0.0,0.0,0.0,true,false,2,real
76,71,1579,2,8,0,0,4,0,0.0,0.0,0.32440756488388023,0.0,0.0,0.0,false,false,2,real
847,101,653,3,1503,21,10,1317,11,0.00665335994677312,0.0036179723010012757,0.012204169226318572,0.006208524353790018,-0.00044483559298310205,0.0,true,false,4,real
1241,101,653,3,305,4,1,286,2,0.003278688524590164,0.00057900368117616,0.01833509821110099,0.006208524353790018,0.002929835829199854,0.8935999279059555,true,false,4,real
1155,101,653,3,347,1,2,320,2,0.005763688760806916,0.001582036991869876,0.020768396868062537,0.006208524353790018,0.00044483559298310205,0.15435795076513642,true,false,4,real
1340,101,653,3,278,10,4,254,4,0.014388489208633094,0.0056092528783939395,0.03640535657701479,0.006208524353790018,-0.008179964854843076,0.0,true,false,4,real
1448,145,1490,2,34,0,0,33,0,0.0,0.0,0.10151455415332376,0.004364950161368635,0.004364950161368635,0.14840830548653358,false,false,2,real
130,145,1490,2,550,27,1,494,1,0.0018181818181818182,0.00032102586905691184,0.010226141966901891,0.004364950161368635,0.0025467683431868167,1.4007225887527492,true,false,2,real
619,145,1490,2,3183,150,22,2771,27,0.006911718504555451,0.004568889019135923,0.010443297636173276,0.004364950161368635,-0.0025467683431868162,0.0,true,false,2,real
317,314,140,3,3372,134,51,2943,68,0.015124555160142349,0.01152242311799868,0.019830192255612035,0.030308697125142784,0.015184141965000435,51.200926705981466,true,false,2,real
288,314,140,3,45,1,0,29,1,0.0,0.0,0.07865159873288836,0.030308697125142784,0.030308697125142784,1.3638913706314253,false,false,2,real
57,314,140,3,1187,85,54,777,102,0.04549283909014322,0.035033155319275124,0.058884853658554864,0.030308697125142784,-0.015184141965000435,0.0,true,false,2,real
561,395,395,1,1653,0,0,1572,0,0.0,0.0,0.002318543394869173,0.0,0.0,0.0,true,false,1,real
1200,395,395,1,7,0,1,7,1,0.14285714285714285,0.025679624344743555,0.5131278292743189,0.0,-0.14285714285714285,0.0,false,false,1,real
422,489,1698,3,225,3,1,205,1,0.0044444444444444444,0.0007849848779462464,0.024741241229846257,0.0044444444444444444,0.0,0.0,true,false,1,real
756,489,1698,3,5,1,0,4,0,0.0,0.0,0.43448246478317476,0.0044444444444444444,0.0044444444444444444,0.022222222222222223,false,false,1,real
1484,489,1698,3,34,1,1,17,1,0.029411764705882353,0.005210906276268947,0.1491557329268593,0.0044444444444444444,-0.024967320261437907,0.0,false,false,1,real
1557,489,1698,3,14,0,0,12,0,0.0,0.0,0.2153108027376358,0.0044444444444444444,0.0044444444444444444,0.06222222222222222,false,false,1,real
732,593,1482,2,1,0,0,1,0,0.0,0.0,0.7934506856227626,0.004694835680751174,0.004694835680751174,0.004694835680751174,false,false,9,real
225,593,1482,2,2153,70,13,1938,15,0.006038086391082211,0.003532119100290424,0.010303602898956878,0.004694835680751174,-0.0013432507103310369,0.0,true,false,9,real
446,593,1482,2,792,15,2,743,3,0.0025252525252525255,0.0006927887024841901,0.009160252671251071,0.004694835680751174,0.0021695831554986483,1.7183098591549295,true,false,9,real
1360,593,1482,2,49,0,0,45,0,0.0,0.0,0.07269781922049638,0.004694835680751174,0.004694835680751174,0.23004694835680753,false,false,9,real
162,593,1482,2,21,0,0,20,0,0.0,0.0,0.154639018924847,0.004694835680751174,0.004694835680751174,0.09859154929577466,false,false,9,real
1127,593,1482,2,294,1,1,281,1,0.003401360544217687,0.0006006761998509016,0.01901196887589991,0.004694835680751174,0.0012934751365334869,0.3802816901408451,true,false,9,real
1247,593,1482,2,2225,71,13,1839,15,0.005842696629213483,0.00341771857159069,0.009971057333755034,0.004694835680751174,-0.0011478609484623092,0.0,true,false,9,real
1690,593,1482,2,639,13,3,592,3,0.004694835680751174,0.0015979253070905553,0.013711384143405192,0.004694835680751174,0.0,0.0,true,false,9,real
523,593,1482,2,2445,38,4,2210,4,0.0016359918200408998,0.0006363834747701026,0.004199151622057562,0.004694835680751174,0.003058843860710274,7.478873239436621,true,false,9,real
1404,593,1482,2,10035,221,65,8903,75,0.0064773293472845045,0.005085604019605674,0.008246757027205504,0.004694835680751174,-0.0017824936665333307,0.0,true,false,9,real
1607,593,1482,2,771,20,3,694,4,0.0038910505836575876,0.0013241718654184236,0.011377082963760169,0.004694835680751174,0.0008037850970935862,0.619718309859155,true,false,9,real
1429,593,1482,2,1238,21,8,1085,8,0.006462035541195477,0.0032779932882928283,0.01269945591004238,0.004694835680751174,-0.0017671998604443032,0.0,true,false,9,real
1131,799,140,3,239,12,3,178,3,0.012552301255230125,0.0042779296002331555,0.03624834160768577,0.016518236288695136,0.003965935033465011,0.9478584729981375,true,false,2,real
596,799,140,3,537,37,11,449,15,0.020484171322160148,0.01147580288351806,0.03630429680972934,0.016518236288695136,-0.003965935033465012,0.0,true,false,2,real
1475,905,1698,3,122,5,0,113,0,0.0,0.0,0.030526178389012865,0.004802735670902874,0.004802735670902874,0.5859337518501506,false,false,2,real
1126,905,1698,3,311,5,2,288,2,0.006430868167202572,0.0017653511908201002,0.023140704225343908,0.004802735670902874,-0.0016281324962996984,0.0,true,false,2,real
1466,905,1698,3,315,6,1,294,1,0.0031746031746031746,0.000560615393495749,0.017760273120501317,0.004802735670902874,0.0016281324962996993,0.5128617363344052,true,false,2,real
1068,947,1532,4,6,0,0,6,0,0.0,0.0,0.39033428790216534,,,0.0,false,false,0,real
821,1012,1532,3,822,13,6,648,6,0.0072992700729927005,0.003349489672018134,0.01583271370551127,0.005050505050505051,-0.0022487650224876496,0.0,true,false,7,real
881,1012,1532,3,389,5,2,357,2,0.005141388174807198,0.0014110882636342347,0.018549785632502137,0.005050505050505051,-9.088312430214664e-05,0.0,true,false,7,real
1395,1012,1532,3,279,6,3,237,3,0.010752688172043012,0.0036634949846419173,0.03113147058274001,0.005050505050505051,-0.005702183121537961,0.0,true,false,7,real
947,1012,1532,3,32,0,0,31,0,0.0,0.0,0.1071791982550706,0.005050505050505051,0.005050505050505051,0.16161616161616163,false,false,7,real
846,1012,1532,3,828,1,0,767,0,0.0,0.0,0.004618017988836697,0.005050505050505051,0.005050505050505051,4.1818181818181825,true,false,7,real
891,1012,1532,3,396,3,2,356,2,0.005050505050505051,0.0013861250575549215,0.018225295038355068,0.005050505050505051,0.0,0.0,true,false,7,real
1576,1012,1532,3,234,1,0,219,0,0.0,0.0,0.01615134232585647,0.005050505050505051,0.005050505050505051,1.1818181818181819,true,false,7,real
439,1012,1532,3,303,5,1,295,1,0.0033003300330033004,0.0005828270480050996,0.018454557414788898,0.005050505050505051,0.0017501750175017506,0.5303030303030304,true,false,7,real
1042,1065,250,3,19,0,0,15,0,0.0,0.0,0.16817922405261626,,,0.0,false,false,0,real
357,1065,250,3,1,0,0,1,0,0.0,0.0,0.7934506856227626,,,0.0,false,false,0,real
1045,1065,250,3,31,1,0,28,1,0.0,0.0,0.11025539546043596,,,0.0,false,false,0,real
729,1175,1579,3,196,0,0,184,0,0.0,0.0,0.019222531917868147,0.004329004329004329,0.004329004329004329,0.8484848484848485,false,false,1,real
1536,1175,1579,3,231,1,1,198,1,0.004329004329004329,0.0007645847368250085,0.024109467953991347,0.004329004329004329,0.0,0.0,true,false,1,real
1285,1259,431,2,75,0,0,68,0,0.0,0.0,0.04872384248280587,0.0,0.0,0.0,false,false,6,real
882,1259,431,2,37,0,0,34,0,0.0,0.0,0.0940578258372025,0.0,0.0,0.0,false,false,6,real
1427,1259,431,2,13,0,0,13,0,0.0,0.0,0.22809537235419838,0.0,0.0,0.0,false,false,6,real
1210,1259,431,2,14,0,0,13,0,0.0,0.0,0.2153108027376358,0.0,0.0,0.0,false,false,6,real
1408,1259,431,2,214,0,0,205,0,0.0,0.0,0.017634195260581874,0.0,0.0,0.0,true,false,6,real
1552,1259,431,2,74,0,0,70,0,0.0,0.0,0.049349779396386066,0.0,0.0,0.0,false,false,6,real
1271,1259,431,2,7,0,0,7,0,0.0,0.0,0.3543304350666874,0.0,0.0,0.0,false,false,6,real
991,1259,431,2,230,0,0,213,0,0.0,0.0,0.016427620833650777,0.0,0.0,0.0,true,false,6,real
1245,1259,431,2,125,0,0,112,0,0.0,0.0,0.029815393708326456,0.0,0.0,0.0,false,false,6,real
179,1259,431,2,64,0,0,56,0,0.0,0.0,0.05662405979280534,0.0,0.0,0.0,false,false,6,real
472,1259,431,2,290,0,0,247,0,0.0,0.0,0.01307323628228457,0.0,0.0,0.0,true,false,6,real
1061,1259,431,2,790,0,0,715,0,0.0,0.0,0.00483907558368251,0.0,0.0,0.0,true,false,6,real
311,1259,431,2,6,0,0,6,0,0.0,0.0,0.39033428790216534,0.0,0.0,0.0,false,false,6,real
166,1259,431,2,116,0,0,104,0,0.0,0.0,0.032054506499638716,0.0,0.0,0.0,false,false,6,real
996,1259,431,2,609,0,0,530,0,0.0,0.0,0.006268275041454179,0.0,0.0,0.0,true,false,6,real
150,1259,431,2,12,0,0,12,0,0.0,0.0,0.24249400665524087,0.0,0.0,0.0,false,false,6,real
389,1259,431,2,287,0,0,258,0,0.0,0.0,0.01320808538187952,0.0,0.0,0.0,true,false,6,real
1413,1313,1600,3,113,0,0,103,0,0.0,0.0,0.03287753216595198,0.029297716501507972,0.029297716501507972,3.310641964670401,false,false,1,real
427,1313,1600,3,2321,172,68,1913,75,0.029297716501507972,0.023176440623495175,0.03697452506499118,0.029297716501507972,0.0,0.0,true,false,1,real
1018,1331,1600,4,5451,231,72,4417,84,0.013208585580627407,0.01050237748151089,0.016600419169275103,0.011898410437372527,-0.0013101751432548804,0.0,true,false,2,real
493,1331,1600,4,850,30,9,738,10,0.010588235294117647,0.005580351407145215,0.019999876157420503,0.011898410437372527,0.0013101751432548804,1.1136488717666484,true,false,2,real
593,1482,1482,1,29,0,0,28,0,0.0,0.0,0.11696979849974075,0.008149285461202315,0.008149285461202315,0.23632927837486714,false,false,3,real
381,1482,1482,1,196,5,1,178,1,0.00510204081632653,0.0009012039505642018,0.0283292613150808,0.008149285461202315,0.003047244644875785,0.5972599503956538,false,false,3,real
371,1482,1482,1,692,29,2,629,3,0.002890173410404624,0.0007929479334869844,0.01047608285117445,0.008149285461202315,0.0052591120507976905,3.639305539152002,true,false,3,real
228,1482,1482,1,4471,149,39,3893,53,0.008722880787295906,0.006387672777010845,0.011901569327727929,0.008149285461202315,-0.000573595326093591,0.0,true,false,3,real
730,1482,1482,1,8467,230,69,7531,85,0.008149285461202315,0.006444832148175172,0.010299839501061574,0.008149285461202315,0.0,0.0,true,false,3,real
1104,1534,140,3,124,5,1,102,1,0.008064516129032258,0.0014250064581251712,0.04426798605447707,0.008620689655172414,0.0005561735261401558,0.06896551724137932,false,false,3,real
1339,1534,140,3,1276,31,11,1137,12,0.008620689655172414,0.00482041052296534,0.015370730061358015,0.008620689655172414,0.0,0.0,true,false,3,real
1296,1534,140,3,462,12,3,432,4,0.006493506493506494,0.0022107853633919687,0.0189154124756934,0.008620689655172414,0.0021271831616659197,0.9827586206896549,true,false,3,real
738,1534,140,3,13,1,1,12,1,0.07692307692307693,0.013710421242556585,0.3331395092109959,0.008620689655172414,-0.06830238726790451,0.0,false,false,3,real
355,1534,140,3,12,0,0,12,0,0.0,0.0,0.24249400665524087,0.008620689655172414,0.008620689655172414,0.10344827586206896,false,false,3,real
1645,1534,140,3,1432,67,18,1245,27,0.012569832402234637,0.00796566625931694,0.01978214571249873,0.008620689655172414,-0.003949142747062224,0.0,true,false,3,real
782,1562,653,3,4400,137,65,3764,71,0.014772727272727272,0.011607815213706355,0.018784164168888298,0.010289235125458254,-0.0044834921472690185,0.0,true,false,2,real
1584,1562,653,3,6373,97,37,5624,42,0.005805742978189236,0.004215130436373319,0.007991768437209435,0.010289235125458254,0.004483492147269018,28.57329545454545,true,false,2,real
14,1684,1600,2,530,13,5,407,6,0.009433962264150943,0.004036166284796456,0.021891866452247246,0.00918318028032866,-0.0002507819838222826,0.0,true,false,3,real
1325,1684,1600,2,4058,37,5,3590,5,0.0012321340561853129,0.0005264052563791862,0.002881275462088054,0.00918318028032866,0.007951046224143348,32.265345577573704,true,false,3,real
1666,1684,1600,2,2069,50,19,1825,22,0.00918318028032866,0.005886870662573689,0.014298686048791528,0.00918318028032866,0.0,0.0,true,false,3,real
640,55,1600,2,100,4,2,83,3,0.02,0.00550196755016235,0.0700117907285439,,,0.0,false,false,0,real
509,110,1698,2,912,111,19,772,24,0.020833333333333332,0.013377264772721905,0.032309091110939776,0.020833333333333332,0.0,0.0,true,false,1,real
1186,312,653,2,5313,111,42,4640,43,0.007905138339920948,0.005853860522863517,0.010667500796828319,0.007905138339920948,0.0,0.0,true,false,7,real
1433,312,653,2,442,15,6,364,8,0.013574660633484163,0.006235841815876781,0.02929575469064091,0.007905138339920948,-0.005669522293563215,0.0,true,false,7,real
297,312,653,2,103,4,2,83,2,0.019417475728155338,0.005341225274178379,0.06805218312034754,0.007905138339920948,-0.01151233738823439,0.0,false,false,7,real
438,312,653,2,1413,52,13,1210,17,0.009200283085633405,0.005384541359829882,0.015677419126230868,0.007905138339920948,-0.0012951447457124569,0.0,true,false,7,real
50,312,653,2,4673,144,34,3990,36,0.007275839931521507,0.005211437511452129,0.010149668793573138,0.007905138339920948,0.0006292984083994414,2.9407114624505897,true,false,7,real
257,312,653,2,77,2,1,73,1,0.012987012987012988,0.002296217297124048,0.06996198914680525,0.007905138339920948,-0.00508187464709204,0.0,false,false,7,real
2,312,653,2,219,4,1,202,1,0.0045662100456621,0.0008065034670904193,0.025407015559431315,0.007905138339920948,0.003338928294258848,0.7312252964426876,true,false,7,real
607,312,653,2,184,1,0,167,0,0.0,0.0,0.02045053762258643,0.007905138339920948,0.007905138339920948,1.4545454545454544,false,false,7,real
1355,312,653,2,4478,152,49,3770,53,0.01094238499330058,0.008287157103380396,0.014435971270618722,0.007905138339920948,-0.003037246653379632,0.0,true,false,7,real
1277,312,653,2,6623,202,48,5732,55,0.007247470934621773,0.00547098348124802,0.009595237650057242,0.007905138339920948,0.0006576674052991751,4.355731225296437,true,false,7,real
560,313,679,2,4,0,0,4,0,0.0,0.0,0.4898908364545973,,,0.0,false,false,0,real
559,313,679,2,70,6,1,52,3,0.014285714285714285,0.002526246457890311,0.07658187131208329,,,0.0,false,false,0,real
1653,393,1490,3,71,2,1,66,1,0.014084507042253521,0.002490603270544218,0.07556050520249007,,,0.0,false,false,0,real
1592,393,1490,3,176,2,1,163,1,0.005681818181818182,0.0010036855324105575,0.03147747236632618,,,0.0,false,false,0,real
697,418,1394,2,2489,0,0,2308,0,0.0,0.0,0.0015409960417263884,0.0,0.0,0.0,true,false,3,real
243,418,1394,2,246,0,0,224,0,0.0,0.0,0.015375585936884312,0.0,0.0,0.0,true,false,3,real
743,418,1394,2,30,0,0,29,0,0.0,0.0,0.11351339317396876,0.0,0.0,0.0,false,false,3,real
1235,418,1394,2,614,0,0,576,0,0.0,0.0,0.006217547828574852,0.0,0.0,0.0,true,false,3,real
530,432,395,3,639,9,2,551,2,0.003129890453834116,0.0008587488992224724,0.011339373535319074,0.003895947557919389,0.0007660571040852731,0.4895104895104895,true,false,2,real
1328,432,395,3,429,9,2,353,3,0.004662004662004662,0.0012794222258141722,0.016836815627321967,0.003895947557919389,-0.0007660571040852731,0.0,true,false,2,real
1208,827,140,3,821,0,0,771,0,0.0,0.0,0.004657208703095985,0.004597701149425287,0.004597701149425287,3.774712643678161,true,false,3,real
984,827,140,3,6960,120,32,6125,40,0.004597701149425287,0.003258761574965707,0.006483197546571054,0.004597701149425287,0.0,0.0,true,false,3,real
1627,827,140,3,48,0,0,46,0,0.0,0.0,0.0741001296661175,0.004597701149425287,0.004597701149425287,0.2206896551724138,false,false,3,real
1616,827,140,3,1593,64,20,1448,26,0.012554927809165096,0.008141970532080435,0.019313140041684412,0.004597701149425287,-0.00795722665973981,0.0,true,false,3,real
818,852,1600,4,3787,46,8,3295,10,0.002112490097702667,0.0010708267348157623,0.004163224606088025,0.004060672626333939,0.0019481825286312721,7.377767235926628,true,false,2,real
926,852,1600,4,6324,145,38,5070,46,0.006008855154965212,0.004381096108691586,0.00823639112455746,0.004060672626333939,-0.001948182528631273,0.0,true,false,2,real
285,893,395,3,56,0,0,51,0,0.0,0.0,0.0641939367187634,0.0035294117647058825,0.0035294117647058825,0.19764705882352943,false,false,3,real
734,893,395,3,118,4,2,105,2,0.01694915254237288,0.0046604425042004426,0.059697444348039835,0.0035294117647058825,-0.013419740777667,0.0,false,false,3,real
1679,893,395,3,718,11,3,586,3,0.004178272980501393,0.001421985692192295,0.012211837497698422,0.0035294117647058825,-0.0006488612157955105,0.0,true,false,3,real
1462,893,395,3,850,13,3,658,3,0.0035294117647058825,0.0012010288844499055,0.010325067346912433,0.0035294117647058825,0.0,0.0,true,false,3,real
174,893,395,3,132,0,0,114,0,0.0,0.0,0.02827898679860847,0.0035294117647058825,0.0035294117647058825,0.46588235294117647,false,false,3,real
496,893,395,3,1828,8,4,1620,4,0.002188183807439825,0.0008512608209248015,0.005612976989435402,0.0035294117647058825,0.0013412279572660576,2.4517647058823533,true,false,3,real
1434,1136,140,3,1341,22,10,1242,11,0.007457121551081283,0.0040555691746356525,0.013672512202035286,0.013369542510967202,0.00591242095988592,7.928556507207018,true,false,3,real
1468,1136,140,3,219,8,3,193,3,0.0136986301369863,0.004669510943476704,0.039493989299146014,0.013369542510967202,-0.00032908762601909815,0.0,true,false,3,real
1265,1136,140,3,4787,177,64,4231,70,0.013369542510967202,0.01048421159015956,0.017035266971994322,0.013369542510967202,0.0,0.0,true,false,3,real
53,1202,653,2,1618,63,27,1405,28,0.01668726823238566,0.011493576433245277,0.024170488328518164,0.00957771005659556,-0.007109558175790101,0.0,true,false,3,real
392,1202,653,2,544,6,2,466,2,0.003676470588235294,0.001008800506446733,0.013304571901647334,0.00957771005659556,0.0059012394683602655,3.2102742707879846,true,false,3,real
1385,1202,653,2,2297,68,22,1965,24,0.00957771005659556,0.006333495004679035,0.014459532101680333,0.00957771005659556,0.0,0.0,true,false,3,real
91,1215,679,3,3,0,0,3,0,0.0,0.0,0.5614970317550455,0.036822429906542054,0.036822429906542054,0.11046728971962616,false,false,2,real
417,1215,679,3,1150,147,46,849,66,0.04,0.030121399303944373,0.052941536325575064,0.036822429906542054,-0.0031775700934579473,0.0,true,false,2,real
1587,1215,679,3,3,0,0,3,0,0.0,0.0,0.5614970317550455,0.036822429906542054,0.036822429906542054,0.11046728971962616,false,false,2,real
1199,1215,679,3,8,0,0,8,0,0.0,0.0,0.32440756488388023,0.036822429906542054,0.036822429906542054,0.29457943925233643,false,false,2,real
1204,1215,679,3,80,0,0,75,0,0.0,0.0,0.0458181295355271,0.036822429906542054,0.036822429906542054,2.9457943925233643,false,false,2,real
1359,1215,679,3,535,51,18,451,22,0.03364485981308411,0.021386184862599623,0.05255292685291491,0.036822429906542054,0.0031775700934579404,1.6999999999999982,true,false,2,real
1461,1215,679,3,42,2,1,41,1,0.023809523809523808,0.004215404134432506,0.12321201573766646,0.036822429906542054,0.013012906097018245,0.5465420560747662,false,false,2,real
1316,1306,1532,5,30,0,0,30,0,0.0,0.0,0.11351339317396876,,,0.0,false,false,0,real
957,1306,1532,5,92,6,0,83,2,0.0,0.0,0.04008138928562172,,,0.0,false,false,0,real
1356,1306,1532,5,101,3,0,99,1,0.0,0.0,0.03664064639985608,,,0.0,false,false,0,real
611,1306,1532,5,36,2,0,33,0,0.0,0.0,0.09641862859446367,,,0.0,false,false,0,real
1267,1315,1692,3,2,0,0,2,0,0.0,0.0,0.6576197724933469,,,0.0,false,false,0,real
398,1323,395,3,1326,80,31,1079,37,0.023378582202111614,0.016518297845497364,0.032992460285838424,0.009628610729023384,-0.01374997147308823,0.0,true,false,3,real
1293,1323,395,3,1550,34,14,1364,15,0.00903225806451613,0.005387913602105595,0.015104176269701902,0.009628610729023384,0.0005963526645072544,0.9243466299862444,true,false,3,real
1130,1323,395,3,727,17,7,652,8,0.009628610729023384,0.00467177142871477,0.019740443567248366,0.009628610729023384,0.0,0.0,true,false,3,real
1660,1323,395,3,42,2,0,39,1,0.0,0.0,0.08379879086570392,0.009628610729023384,0.009628610729023384,0.40440165061898214,false,false,3,real
1410,1495,791,2,11,0,0,11,0,0.0,0.0,0.2588329669680317,,,0.0,false,false,0,real
244,1495,791,2,125,3,1,101,1,0.008,0.0014135951039980247,0.043924752304995214,,,0.0,false,false,0,real
13,1495,791,2,48,2,2,39,2,0.041666666666666664,0.011501893489386593,0.13975655870455442,,,0.0,false,false,0,real
1269,1495,791,2,29,0,0,25,0,0.0,0.0,0.11696979849974075,,,0.0,false,false,0,real
141,1502,1698,2,184,6,4,161,4,0.021739130434782608,0.008485627680141616,0.05455401700233235,0.0029670166033802397,-0.018772113831402367,0.0,false,false,2,real
430,1502,1698,2,136,2,1,129,1,0.007352941176470588,0.0012991560360958133,0.04047285399552215,0.0029670166033802397,-0.004385924573090349,0.0,false,false,2,real
985,1502,1698,2,555,6,1,518,1,0.0018018018018018018,0.00031813309982822626,0.010134668367373537,0.0029670166033802397,0.0011652148015784379,0.6466942148760331,true,false,2,real
1382,1502,1698,2,242,8,1,212,1,0.004132231404958678,0.0007298131132703844,0.023031267905023717,0.0029670166033802397,-0.001165214801578438,0.0,true,false,2,real
547,1550,1579,3,38,0,0,36,0,0.0,0.0,0.09180986822558396,0.0011235955056179776,0.0011235955056179776,0.04269662921348315,false,false,1,real
63,1550,1579,3,6,0,0,6,0,0.0,0.0,0.39033428790216534,0.0011235955056179776,0.0011235955056179776,0.006741573033707865,false,false,1,real
237,1550,1579,3,188,0,0,165,0,0.0,0.0,0.020024132657813925,0.0011235955056179776,0.0011235955056179776,0.21123595505617979,false,false,1,real
1675,1550,1579,3,890,1,1,828,1,0.0011235955056179776,0.00019836973899821966,0.006336859482077697,0.0011235955056179776,0.0,0.0,true,false,1,real
915,1550,1579,3,99,0,0,89,0,0.0,0.0,0.03735321206782739,0.0011235955056179776,0.0011235955056179776,0.11123595505617978,false,false,1,real
1334,1550,1579,3,14,0,0,9,0,0.0,0.0,0.2153108027376358,0.0011235955056179776,0.0011235955056179776,0.015730337078651686,false,false,1,real
475,1550,1579,3,52,0,0,42,0,0.0,0.0,0.06879223612386234,0.0011235955056179776,0.0011235955056179776,0.058426966292134834,false,false,1,real
890,1550,1579,3,1,0,0,1,0,0.0,0.0,0.7934506856227626,0.0011235955056179776,0.0011235955056179776,0.0011235955056179776,false,false,1,real
158,1621,395,2,1384,10,3,1246,4,0.002167630057803468,0.0007374576540578345,0.0063537405214577,0.004746818691905397,0.0025791886341019294,3.5695970695970702,true,false,6,real
999,1621,395,2,4188,22,8,3776,9,0.0019102196752626551,0.000968262799774546,0.0037650886438833904,0.004746818691905397,0.0028365990166427423,11.879676681699804,true,false,6,real
1089,1621,395,2,2570,148,58,2144,64,0.022568093385214007,0.017498751143195584,0.029062570032975132,0.004746818691905397,-0.01782127469330861,0.0,true,false,6,real
1526,1621,395,2,2585,44,5,2390,13,0.0019342359767891683,0.0008264641917062792,0.004520120000822599,0.004746818691905397,0.0028125827151162294,7.2705263185754525,true,false,6,real
1694,1621,395,2,3603,69,31,3146,35,0.008603941160144324,0.006068106805136528,0.012186496168796758,0.004746818691905397,-0.003857122468238926,0.0,true,false,6,real
387,1621,395,2,1092,22,8,954,8,0.007326007326007326,0.003716794727423119,0.014389345226477515,0.004746818691905397,-0.0025791886341019286,0.0,true,false,6,real
